# frame	prod_ps	rmsd_A  (backbone N,CA,C,O,H vs frame 0, imaged+aligned)
0	1	0.0000
1	2	0.5006
2	3	0.4843
3	4	0.5547
4	5	0.5697
5	6	0.5633
6	7	0.6064
7	8	0.6243
8	9	0.6341
9	10	0.6428
10	11	0.6293
11	12	0.6541
12	13	0.6364
13	14	0.6612
14	15	0.6824
15	16	0.6852
16	17	0.6517
17	18	0.6929
18	19	0.6787
19	20	0.6896
20	21	0.7173
21	22	0.6908
22	23	0.6820
23	24	0.6733
24	25	0.6275
25	26	0.6828
26	27	0.6461
27	28	0.6744
28	29	0.6757
29	30	0.6967
30	31	0.6727
31	32	0.6916
32	33	0.7018
33	34	0.7389
34	35	0.6845
35	36	0.6943
36	37	0.7508
37	38	0.7267
38	39	0.7604
39	40	0.7522
40	41	0.7366
41	42	0.7522
42	43	0.7641
43	44	0.7410
44	45	0.7018
45	46	0.7237
46	47	0.7538
47	48	0.7687
48	49	0.7868
49	50	0.7590
50	51	0.7796
51	52	0.7290
52	53	0.7642
53	54	0.7659
54	55	0.7845
55	56	0.8054
56	57	0.8327
57	58	0.8417
58	59	0.8655
59	60	0.8677
60	61	0.8365
61	62	0.8346
62	63	0.8836
63	64	0.8385
64	65	0.8927
65	66	0.8518
66	67	0.8510
67	68	0.8856
68	69	0.9208
69	70	0.9410
70	71	0.9819
71	72	0.9467
72	73	0.9159
73	74	0.9496
74	75	0.9681
75	76	0.9577
76	77	0.9646
77	78	0.9761
78	79	0.9821
79	80	0.9996
80	81	1.0181
81	82	0.9883
82	83	0.9846
83	84	0.9947
84	85	0.9748
85	86	0.9681
86	87	0.9272
87	88	0.9743
88	89	0.9769
89	90	0.9552
90	91	0.9066
91	92	0.9409
92	93	0.9666
93	94	0.9408
94	95	0.9725
95	96	0.9240
96	97	0.9261
97	98	0.9858
98	99	1.0010
99	100	0.9935
100	101	0.9547
101	102	1.0005
102	103	0.9341
103	104	0.9393
104	105	0.9150
105	106	0.9229
106	107	0.9088
107	108	0.9103
108	109	0.9351
109	110	0.9534
110	111	0.9170
111	112	0.9588
112	113	0.9393
113	114	0.9840
114	115	0.9477
115	116	0.9148
116	117	0.9347
117	118	0.9113
118	119	0.8864
119	120	0.8758
120	121	0.8785
121	122	0.9026
122	123	0.8924
123	124	0.8532
124	125	0.8859
125	126	0.8558
126	127	0.8675
127	128	0.8177
128	129	0.8266
129	130	0.8503
130	131	0.8351
131	132	0.8552
132	133	0.8374
133	134	0.8352
134	135	0.8609
135	136	0.8336
136	137	0.8596
137	138	0.8934
138	139	0.9075
139	140	0.9072
140	141	0.8970
141	142	0.9034
142	143	0.8719
143	144	0.8723
144	145	0.8537
145	146	0.9053
146	147	0.8646
147	148	0.8782
148	149	0.8704
149	150	0.9164
150	151	0.8940
151	152	0.9021
152	153	0.8847
153	154	0.9205
154	155	0.9131
155	156	0.9078
156	157	0.9054
157	158	0.8749
158	159	0.9004
159	160	0.9098
160	161	0.9098
161	162	0.9581
162	163	0.8952
163	164	0.8544
164	165	0.8620
165	166	0.8874
166	167	0.8267
167	168	0.8483
168	169	0.8254
169	170	0.7884
170	171	0.7976
171	172	0.8281
172	173	0.8658
173	174	0.8704
174	175	0.8558
175	176	0.8653
176	177	0.8626
177	178	0.8967
178	179	0.8716
179	180	0.9055
180	181	0.9201
181	182	0.9088
182	183	0.9345
183	184	0.9457
184	185	0.9838
185	186	1.0048
186	187	1.0107
187	188	0.9525
188	189	0.9467
189	190	0.9854
190	191	1.0091
191	192	0.9807
192	193	1.0034
193	194	1.0257
194	195	1.0322
195	196	1.0712
196	197	1.0607
197	198	1.0566
198	199	1.0075
199	200	1.0165
200	201	1.0139
201	202	1.0055
202	203	0.9791
203	204	1.0302
204	205	1.0737
205	206	1.0304
206	207	1.0461
207	208	1.0384
208	209	1.0115
209	210	0.9914
210	211	1.0167
211	212	1.0276
212	213	1.0435
213	214	1.0815
214	215	1.1001
215	216	1.0744
216	217	1.0412
217	218	1.0845
218	219	1.1066
219	220	1.0567
220	221	1.0702
221	222	1.0264
222	223	1.0132
223	224	1.0060
224	225	1.0395
225	226	1.0291
226	227	1.0710
227	228	1.0677
228	229	1.0406
229	230	1.0386
230	231	1.0427
231	232	1.0336
232	233	1.0030
233	234	0.9516
234	235	0.9546
235	236	0.9235
236	237	0.9385
237	238	0.9745
238	239	0.9325
239	240	0.9464
240	241	0.9998
241	242	1.0016
242	243	0.9966
243	244	0.9654
244	245	0.9390
245	246	0.9409
246	247	0.9110
247	248	0.9014
248	249	0.8923
249	250	0.8685
250	251	0.8934
251	252	0.8248
252	253	0.8562
253	254	0.8525
254	255	0.8448
255	256	0.8651
256	257	0.8443
257	258	0.8500
258	259	0.8668
259	260	0.8427
260	261	0.8309
261	262	0.8139
262	263	0.8528
263	264	0.8292
264	265	0.8279
265	266	0.8609
266	267	0.8254
267	268	0.8611
268	269	0.8474
269	270	0.8756
270	271	0.8990
271	272	0.8732
272	273	0.8670
273	274	0.8587
274	275	0.8771
275	276	0.8653
276	277	0.8685
277	278	0.9140
278	279	0.8795
279	280	0.8760
280	281	0.8711
281	282	0.8803
282	283	0.8741
283	284	0.8652
284	285	0.8854
285	286	0.8938
286	287	0.8760
287	288	0.8656
288	289	0.8622
289	290	0.8871
290	291	0.8479
291	292	0.8686
292	293	0.8941
293	294	0.8842
294	295	0.8371
295	296	0.8824
296	297	0.9071
297	298	0.9035
298	299	0.9108
299	300	0.9432
300	301	0.9589
301	302	0.9639
302	303	0.9653
303	304	0.9177
304	305	0.8556
305	306	0.8345
306	307	0.8361
307	308	0.7997
308	309	0.8350
309	310	0.8597
310	311	0.8832
311	312	0.8995
312	313	0.9018
313	314	0.9866
314	315	0.9585
315	316	0.9408
316	317	0.9614
317	318	0.9740
318	319	0.9986
319	320	0.9570
320	321	0.9605
321	322	0.9785
322	323	1.0288
323	324	0.9920
324	325	0.9832
325	326	0.9423
326	327	0.9100
327	328	0.9318
328	329	0.9273
329	330	0.9658
330	331	0.9395
331	332	0.9304
332	333	0.9043
333	334	0.8997
334	335	0.9004
335	336	0.8840
336	337	0.8655
337	338	0.8954
338	339	0.9288
339	340	0.9179
340	341	0.9207
341	342	0.9359
342	343	0.9385
343	344	0.9569
344	345	0.9710
345	346	0.9275
346	347	0.9140
347	348	0.9616
348	349	0.9575
349	350	0.9591
350	351	0.9394
351	352	0.8884
352	353	0.8662
353	354	0.8556
354	355	0.8765
355	356	0.8500
356	357	0.8475
357	358	0.8633
358	359	0.8799
359	360	0.8546
360	361	0.8335
361	362	0.8508
362	363	0.8530
363	364	0.8558
364	365	0.8864
365	366	0.8306
366	367	0.8854
367	368	0.8521
368	369	0.8784
369	370	0.8555
370	371	0.8598
371	372	0.8392
372	373	0.8296
373	374	0.8203
374	375	0.8032
375	376	0.8244
376	377	0.8247
377	378	0.8252
378	379	0.8262
379	380	0.8206
380	381	0.7943
381	382	0.8233
382	383	0.7789
383	384	0.8064
384	385	0.8472
385	386	0.8099
386	387	0.8320
387	388	0.8588
388	389	0.8492
389	390	0.8660
390	391	0.8532
391	392	0.8773
392	393	0.8337
393	394	0.8030
394	395	0.8312
395	396	0.8179
396	397	0.8409
397	398	0.8484
398	399	0.8423
399	400	0.8350
400	401	0.8731
401	402	0.8805
402	403	0.8935
403	404	0.8659
404	405	0.8635
405	406	0.8895
406	407	0.8829
407	408	0.8793
408	409	0.9196
409	410	0.9139
410	411	0.9187
411	412	0.9328
412	413	0.9365
413	414	0.9204
414	415	0.9395
415	416	0.8912
416	417	0.8901
417	418	0.9279
418	419	0.8897
419	420	0.8897
420	421	0.9056
421	422	0.8612
422	423	0.8730
423	424	0.8154
424	425	0.8436
425	426	0.8752
426	427	0.8238
427	428	0.8224
428	429	0.8448
429	430	0.8510
430	431	0.8812
431	432	0.9004
432	433	0.8766
433	434	0.8617
434	435	0.8512
435	436	0.8581
436	437	0.8617
437	438	0.8410
438	439	0.8716
439	440	0.8980
440	441	0.8620
441	442	0.8988
442	443	0.9019
443	444	0.9280
444	445	0.9075
445	446	0.8795
446	447	0.8516
447	448	0.8516
448	449	0.8735
449	450	0.8826
450	451	0.8668
451	452	0.8885
452	453	0.8548
453	454	0.8615
454	455	0.8116
455	456	0.8761
456	457	0.8851
457	458	0.8702
458	459	0.8713
459	460	0.8373
460	461	0.8818
461	462	0.8732
462	463	0.8804
463	464	0.8963
464	465	0.8992
465	466	0.8884
466	467	0.8773
467	468	0.8790
468	469	0.8802
469	470	0.9135
470	471	0.9140
471	472	0.9020
472	473	0.9025
473	474	0.9055
474	475	0.8800
475	476	0.9094
476	477	0.9046
477	478	0.8864
478	479	0.8887
479	480	0.8732
480	481	0.8756
481	482	0.9076
482	483	0.8733
483	484	0.8746
484	485	0.9460
485	486	0.9080
486	487	0.9228
487	488	0.8948
488	489	0.9045
489	490	0.9224
490	491	0.9723
491	492	0.9422
492	493	0.9221
493	494	0.9182
494	495	0.8832
495	496	0.9040
496	497	0.8981
497	498	0.9091
498	499	0.8699
499	500	0.9054
500	501	0.8681
501	502	0.9189
502	503	0.8814
503	504	0.8978
504	505	0.8959
505	506	0.8335
506	507	0.8524
507	508	0.8343
508	509	0.8328
509	510	0.8712
510	511	0.8699
511	512	0.8921
512	513	0.8991
513	514	0.8648
514	515	0.8801
515	516	0.9023
516	517	0.9090
517	518	0.9169
518	519	0.9212
519	520	0.9328
520	521	0.9764
521	522	0.9606
522	523	0.9667
523	524	0.9639
524	525	0.9743
525	526	0.9814
526	527	0.9848
527	528	0.9875
528	529	0.9871
529	530	0.9769
530	531	0.9423
531	532	0.9483
532	533	0.9141
533	534	0.9460
534	535	0.9511
535	536	0.9692
536	537	0.9902
537	538	0.9903
538	539	1.0005
539	540	1.0201
540	541	0.9784
541	542	1.0260
542	543	1.0110
543	544	1.0054
544	545	1.0269
545	546	1.0385
546	547	0.9716
547	548	1.0205
548	549	1.0344
549	550	1.0469
550	551	1.0419
551	552	1.0433
552	553	1.0129
553	554	1.0089
554	555	1.0524
555	556	1.0736
556	557	1.0192
557	558	1.0148
558	559	1.0009
559	560	1.0420
560	561	1.1000
561	562	1.1124
562	563	1.1044
563	564	1.1001
564	565	1.0659
565	566	1.0764
566	567	1.1193
567	568	1.0614
568	569	1.0537
569	570	1.0641
570	571	1.0647
571	572	1.0531
572	573	1.0716
573	574	1.0938
574	575	1.1248
575	576	1.1182
576	577	1.0888
577	578	1.0363
578	579	1.0714
579	580	1.0866
580	581	1.1152
581	582	1.0882
582	583	1.0606
583	584	1.0278
584	585	1.0441
585	586	1.0119
586	587	1.0236
587	588	1.0423
588	589	1.0124
589	590	1.0234
590	591	1.0427
591	592	1.0414
592	593	1.0731
593	594	1.1021
594	595	1.0627
595	596	1.0670
596	597	1.0689
597	598	1.0570
598	599	1.0381
599	600	1.0291
600	601	1.0297
601	602	0.9993
602	603	1.0003
603	604	1.0363
604	605	1.0124
605	606	1.0347
606	607	1.0526
607	608	1.0591
608	609	1.0646
609	610	1.0436
610	611	1.0889
611	612	1.1155
612	613	1.0826
613	614	1.1231
614	615	1.0806
615	616	1.0830
616	617	1.1032
617	618	1.0863
618	619	1.1050
619	620	1.1279
620	621	1.0864
621	622	1.0714
622	623	1.0619
623	624	1.0580
624	625	1.0696
625	626	1.0604
626	627	1.0467
627	628	1.0400
628	629	1.0471
629	630	1.0611
630	631	1.0315
631	632	1.0540
632	633	1.0718
633	634	1.0690
634	635	1.1377
635	636	1.1468
636	637	1.1321
637	638	1.1280
638	639	1.1090
639	640	1.0958
640	641	1.0656
641	642	1.0914
642	643	1.0813
643	644	1.0851
644	645	1.0755
645	646	1.0814
646	647	1.0663
647	648	1.0731
648	649	1.0908
649	650	1.0445
650	651	1.0823
651	652	1.0701
652	653	1.0633
653	654	1.0590
654	655	1.1214
655	656	1.0919
656	657	1.0503
657	658	1.0680
658	659	1.0425
659	660	1.0448
660	661	1.0453
661	662	1.0565
662	663	1.0323
663	664	1.0495
664	665	1.0807
665	666	1.0607
666	667	1.0561
667	668	1.1124
668	669	1.1296
669	670	1.0896
670	671	1.0638
671	672	1.1209
672	673	1.0876
673	674	1.0654
674	675	1.0437
675	676	1.0590
676	677	1.0656
677	678	1.0732
678	679	1.1008
679	680	1.1051
680	681	1.0898
681	682	1.0750
682	683	1.0808
683	684	1.1235
684	685	1.1204
685	686	1.1256
686	687	1.0828
687	688	1.1123
688	689	1.1188
689	690	1.1157
690	691	1.1231
691	692	1.1183
692	693	1.1122
693	694	1.0726
694	695	1.0897
695	696	1.0780
696	697	1.1179
697	698	1.1055
698	699	1.1045
699	700	1.0752
700	701	1.0726
701	702	1.0805
702	703	1.0837
703	704	1.1043
704	705	1.0626
705	706	1.1000
706	707	1.0896
707	708	1.0637
708	709	1.0730
709	710	1.0805
710	711	1.0864
711	712	1.0994
712	713	1.0773
713	714	1.1186
714	715	1.1071
715	716	1.1143
716	717	1.1239
717	718	1.1193
718	719	1.0855
719	720	1.0754
720	721	1.1183
721	722	1.1127
722	723	1.0923
723	724	1.0828
724	725	1.0909
725	726	1.0559
726	727	1.0599
727	728	1.0765
728	729	1.0946
729	730	1.1359
730	731	1.1049
731	732	1.1373
732	733	1.1203
733	734	1.1282
734	735	1.1240
735	736	1.1079
736	737	1.1209
737	738	1.1009
738	739	1.1142
739	740	1.0965
740	741	1.0885
741	742	1.1141
742	743	1.0712
743	744	1.0845
744	745	1.0731
745	746	1.0371
746	747	1.0770
747	748	1.0951
748	749	1.0564
749	750	1.0775
750	751	1.0910
751	752	1.0499
752	753	1.0558
753	754	1.0468
754	755	1.0522
755	756	1.0895
756	757	1.0844
757	758	1.0981
758	759	1.0979
759	760	1.1081
760	761	1.1180
761	762	1.1094
762	763	1.1208
763	764	1.0549
764	765	1.0573
765	766	1.0603
766	767	1.0174
767	768	1.0488
768	769	1.1030
769	770	1.1008
770	771	1.0917
771	772	1.0611
772	773	1.0545
773	774	1.0740
774	775	1.1039
775	776	1.0734
776	777	1.0881
777	778	1.1246
778	779	1.1097
779	780	1.1024
780	781	1.0749
781	782	1.1093
782	783	1.0924
783	784	1.0997
784	785	1.1365
785	786	1.1096
786	787	1.1146
787	788	1.0976
788	789	1.1041
789	790	1.0664
790	791	1.1119
791	792	1.1292
792	793	1.1254
793	794	1.1410
794	795	1.0904
795	796	1.0828
796	797	1.1037
797	798	1.1033
798	799	1.1253
799	800	1.1248
800	801	1.1273
801	802	1.0995
802	803	1.1117
803	804	1.0897
804	805	1.0931
805	806	1.0848
806	807	1.0928
807	808	1.0575
808	809	1.0731
809	810	1.0678
810	811	1.0638
811	812	1.0533
812	813	1.0768
813	814	1.0909
814	815	1.0532
815	816	1.0947
816	817	1.1075
817	818	1.0955
818	819	1.0961
819	820	1.1079
820	821	1.1106
821	822	1.1209
822	823	1.1173
823	824	1.1232
824	825	1.1310
825	826	1.1300
826	827	1.1266
827	828	1.1070
828	829	1.1086
829	830	1.1493
830	831	1.1816
831	832	1.1629
832	833	1.1105
833	834	1.1072
834	835	1.1091
835	836	1.0996
836	837	1.1044
837	838	1.1233
838	839	1.1065
839	840	1.1179
840	841	1.0632
841	842	1.0492
842	843	1.0497
843	844	1.0855
844	845	1.1026
845	846	1.0567
846	847	1.0584
847	848	1.0822
848	849	1.1245
849	850	1.1159
850	851	1.1148
851	852	1.1252
852	853	1.1056
853	854	1.1226
854	855	1.1377
855	856	1.1130
856	857	1.0835
857	858	1.1247
858	859	1.1555
859	860	1.1440
860	861	1.1116
861	862	1.1204
862	863	1.1714
863	864	1.1080
864	865	1.1195
865	866	1.0770
866	867	1.1004
867	868	1.0899
868	869	1.1225
869	870	1.1209
870	871	1.0847
871	872	1.1476
872	873	1.1390
873	874	1.1061
874	875	1.0801
875	876	1.0844
876	877	1.0946
877	878	1.1128
878	879	1.0525
879	880	1.0394
880	881	1.1052
881	882	1.1028
882	883	1.0868
883	884	1.0984
884	885	1.0626
885	886	1.0854
886	887	1.0960
887	888	1.1128
888	889	1.1445
889	890	1.1447
890	891	1.1348
891	892	1.1210
892	893	1.1342
893	894	1.1201
894	895	1.1273
895	896	1.1074
896	897	1.1358
897	898	1.1141
898	899	1.1244
899	900	1.1454
900	901	1.1555
901	902	1.1339
902	903	1.1571
903	904	1.1547
904	905	1.1471
905	906	1.1518
906	907	1.1376
907	908	1.1844
908	909	1.1523
909	910	1.0768
910	911	1.1023
911	912	1.0890
912	913	1.0851
913	914	1.0938
914	915	1.0960
915	916	1.1095
916	917	1.0878
917	918	1.0662
918	919	1.0182
919	920	1.0652
920	921	1.0531
921	922	1.0790
922	923	1.0999
923	924	1.1518
924	925	1.1323
925	926	1.1379
926	927	1.1173
927	928	1.0815
928	929	1.0954
929	930	1.0992
930	931	1.1328
931	932	1.0959
932	933	1.1212
933	934	1.1332
934	935	1.0907
935	936	1.0612
936	937	1.0651
937	938	1.0952
938	939	1.1124
939	940	1.1142
940	941	1.1315
941	942	1.1182
942	943	1.1054
943	944	1.1331
944	945	1.1347
945	946	1.1332
946	947	1.1363
947	948	1.1152
948	949	1.1229
949	950	1.0796
950	951	1.1245
951	952	1.1220
952	953	1.0857
953	954	1.0704
954	955	1.0809
955	956	1.0728
956	957	1.0539
957	958	1.0995
958	959	1.1117
959	960	1.0687
960	961	1.0894
961	962	1.0866
962	963	1.0843
963	964	1.0703
964	965	1.0234
965	966	1.0418
966	967	1.1119
967	968	1.0560
968	969	1.0265
969	970	1.0492
970	971	1.0373
971	972	1.0545
972	973	1.0258
973	974	0.9834
974	975	1.0281
975	976	1.0183
976	977	1.0024
977	978	1.0476
978	979	1.0532
979	980	1.0475
980	981	1.0462
981	982	1.0554
982	983	1.0813
983	984	1.0877
984	985	1.0546
985	986	1.0446
986	987	1.0685
987	988	1.0991
988	989	1.0897
989	990	1.0326
990	991	1.0645
991	992	1.0583
992	993	1.0681
993	994	1.0374
994	995	1.0681
995	996	1.0520
996	997	1.0674
997	998	1.0288
998	999	1.0217
999	1000	0.9879
1000	1001	0.9922
1001	1002	1.0568
1002	1003	1.0676
1003	1004	1.0624
1004	1005	1.0646
1005	1006	1.1291
1006	1007	1.0797
1007	1008	1.1044
1008	1009	1.1138
1009	1010	1.1154
1010	1011	1.1103
1011	1012	1.1248
1012	1013	1.1280
1013	1014	1.1469
1014	1015	1.1239
1015	1016	1.1453
1016	1017	1.1651
1017	1018	1.1875
1018	1019	1.1483
1019	1020	1.1579
1020	1021	1.1818
1021	1022	1.1609
1022	1023	1.1681
1023	1024	1.2240
1024	1025	1.1813
1025	1026	1.2152
1026	1027	1.1974
1027	1028	1.2174
1028	1029	1.1751
1029	1030	1.1511
1030	1031	1.1158
1031	1032	1.1843
1032	1033	1.1759
1033	1034	1.1379
1034	1035	1.1451
1035	1036	1.1522
1036	1037	1.1405
1037	1038	1.1382
1038	1039	1.1708
1039	1040	1.1334
1040	1041	1.1394
1041	1042	1.1448
1042	1043	1.1380
1043	1044	1.1107
1044	1045	1.1286
1045	1046	1.1348
1046	1047	1.1507
1047	1048	1.1612
1048	1049	1.1452
1049	1050	1.1273
1050	1051	1.0970
1051	1052	1.1214
1052	1053	1.0633
1053	1054	1.1149
1054	1055	1.0749
1055	1056	1.0574
1056	1057	1.0616
1057	1058	1.0811
1058	1059	1.0664
1059	1060	1.1181
1060	1061	1.1245
1061	1062	1.1231
1062	1063	1.0964
1063	1064	1.0943
1064	1065	1.1140
1065	1066	1.0864
1066	1067	1.1103
1067	1068	1.1056
1068	1069	1.1117
1069	1070	1.1303
1070	1071	1.1293
1071	1072	1.1776
1072	1073	1.1298
1073	1074	1.1404
1074	1075	1.1328
1075	1076	1.1356
1076	1077	1.1351
1077	1078	1.1286
1078	1079	1.1993
1079	1080	1.1914
1080	1081	1.1842
1081	1082	1.1468
1082	1083	1.1330
1083	1084	1.1151
1084	1085	1.1011
1085	1086	1.1461
1086	1087	1.1325
1087	1088	1.0802
1088	1089	1.0639
1089	1090	1.0723
1090	1091	1.0385
1091	1092	1.0726
1092	1093	1.0736
1093	1094	1.1091
1094	1095	1.0802
1095	1096	1.0718
1096	1097	1.0338
1097	1098	1.0488
1098	1099	1.0632
1099	1100	1.0195
1100	1101	1.0341
1101	1102	1.0388
1102	1103	1.0131
1103	1104	1.0252
1104	1105	1.0304
1105	1106	1.0366
1106	1107	1.0268
1107	1108	1.0587
1108	1109	1.0769
1109	1110	1.0952
1110	1111	1.0898
1111	1112	1.0558
1112	1113	1.0348
1113	1114	1.0366
1114	1115	1.0731
1115	1116	1.0588
1116	1117	1.0916
1117	1118	1.0757
1118	1119	1.0505
1119	1120	1.0379
1120	1121	1.0410
1121	1122	1.0411
1122	1123	1.0708
1123	1124	1.0516
1124	1125	1.0627
1125	1126	1.0379
1126	1127	1.0634
1127	1128	1.0459
1128	1129	1.0251
1129	1130	1.0433
1130	1131	0.9862
1131	1132	1.0191
1132	1133	1.0028
1133	1134	1.0167
1134	1135	1.0639
1135	1136	1.0434
1136	1137	1.0228
1137	1138	1.0459
1138	1139	1.0426
1139	1140	1.0230
1140	1141	1.0146
1141	1142	1.0653
1142	1143	1.0625
1143	1144	1.0770
1144	1145	1.1116
1145	1146	1.0967
1146	1147	1.0925
1147	1148	1.0768
1148	1149	1.0576
1149	1150	1.0540
1150	1151	1.0691
1151	1152	1.0146
1152	1153	1.0360
1153	1154	1.0956
1154	1155	1.1113
1155	1156	1.0770
1156	1157	1.0556
1157	1158	1.0346
1158	1159	1.0525
1159	1160	0.9795
1160	1161	0.9468
1161	1162	0.9652
1162	1163	1.0222
1163	1164	1.0371
1164	1165	0.9806
1165	1166	1.0001
1166	1167	1.0084
1167	1168	1.0056
1168	1169	1.0312
1169	1170	1.0159
1170	1171	1.0536
1171	1172	1.0135
1172	1173	0.9968
1173	1174	1.0019
1174	1175	1.0197
1175	1176	1.0433
1176	1177	1.0406
1177	1178	1.0323
1178	1179	1.0309
1179	1180	1.0472
1180	1181	1.0761
1181	1182	1.0852
1182	1183	1.0522
1183	1184	0.9921
1184	1185	1.0124
1185	1186	1.0129
1186	1187	1.0188
1187	1188	1.0091
1188	1189	1.0473
1189	1190	1.0437
1190	1191	1.0716
1191	1192	1.0735
1192	1193	1.0667
1193	1194	1.0960
1194	1195	1.0716
1195	1196	1.0338
1196	1197	1.0883
1197	1198	1.0985
1198	1199	1.0853
1199	1200	1.0485
1200	1201	1.0556
1201	1202	1.0840
1202	1203	1.1291
1203	1204	1.0673
1204	1205	1.1295
1205	1206	1.0776
1206	1207	1.0913
1207	1208	1.1028
1208	1209	1.1209
1209	1210	1.1172
1210	1211	1.1326
1211	1212	1.0935
1212	1213	1.0665
1213	1214	1.0713
1214	1215	1.0656
1215	1216	1.0407
1216	1217	1.0641
1217	1218	1.1016
1218	1219	1.1219
1219	1220	1.0911
1220	1221	1.1458
1221	1222	1.1312
1222	1223	1.1009
1223	1224	1.0841
1224	1225	1.0926
1225	1226	1.1454
1226	1227	1.1246
1227	1228	1.1683
1228	1229	1.1170
1229	1230	1.0871
1230	1231	1.0779
1231	1232	1.1202
1232	1233	1.1223
1233	1234	1.1368
1234	1235	1.1116
1235	1236	1.1181
1236	1237	1.1252
1237	1238	1.1246
1238	1239	1.1143
1239	1240	1.1128
1240	1241	1.0863
1241	1242	1.0903
1242	1243	1.1014
1243	1244	1.1302
1244	1245	1.1205
1245	1246	1.1154
1246	1247	1.1022
1247	1248	1.1449
1248	1249	1.2125
1249	1250	1.1399
1250	1251	1.1629
1251	1252	1.1519
1252	1253	1.1522
1253	1254	1.1555
1254	1255	1.1437
1255	1256	1.1627
1256	1257	1.1465
1257	1258	1.1304
1258	1259	1.1113
1259	1260	1.1270
1260	1261	1.0964
1261	1262	1.1093
1262	1263	1.1269
1263	1264	1.1323
1264	1265	1.1059
1265	1266	1.1114
1266	1267	1.0787
1267	1268	1.1131
1268	1269	1.0848
1269	1270	1.0903
1270	1271	1.0609
1271	1272	1.0499
1272	1273	1.0117
1273	1274	1.0677
1274	1275	1.0177
1275	1276	1.0290
1276	1277	1.0259
1277	1278	1.0530
1278	1279	1.0799
1279	1280	1.0515
1280	1281	1.0399
1281	1282	1.0641
1282	1283	1.0692
1283	1284	1.0908
1284	1285	1.0675
1285	1286	1.0722
1286	1287	1.0543
1287	1288	1.0857
1288	1289	1.0836
1289	1290	1.0759
1290	1291	1.0538
1291	1292	1.0668
1292	1293	1.0701
1293	1294	1.0745
1294	1295	1.0752
1295	1296	1.1169
1296	1297	1.0882
1297	1298	1.0968
1298	1299	1.0867
1299	1300	1.1080
1300	1301	1.1285
1301	1302	1.1129
1302	1303	1.1322
1303	1304	1.1344
1304	1305	1.1141
1305	1306	1.1076
1306	1307	1.1242
1307	1308	1.0840
1308	1309	1.0779
1309	1310	1.0943
1310	1311	1.0783
1311	1312	1.1095
1312	1313	1.0960
1313	1314	1.0916
1314	1315	1.1009
1315	1316	1.1513
1316	1317	1.1322
1317	1318	1.0719
1318	1319	1.0772
1319	1320	1.0935
1320	1321	1.0342
1321	1322	1.0755
1322	1323	1.0411
1323	1324	1.0427
1324	1325	1.0633
1325	1326	1.1035
1326	1327	1.0902
1327	1328	1.1076
1328	1329	1.1250
1329	1330	1.1392
1330	1331	1.1819
1331	1332	1.1752
1332	1333	1.1676
1333	1334	1.1458
1334	1335	1.1171
1335	1336	1.1031
1336	1337	1.0805
1337	1338	1.0828
1338	1339	1.0905
1339	1340	1.0884
1340	1341	1.0747
1341	1342	1.1062
1342	1343	1.1093
1343	1344	1.1018
1344	1345	1.0687
1345	1346	1.1008
1346	1347	1.0682
1347	1348	1.0441
1348	1349	1.0613
1349	1350	1.0677
1350	1351	1.0887
1351	1352	1.0173
1352	1353	1.0521
1353	1354	1.0076
1354	1355	1.0129
1355	1356	1.0371
1356	1357	1.0317
1357	1358	1.0633
1358	1359	1.0628
1359	1360	1.0668
1360	1361	1.0686
1361	1362	1.1132
1362	1363	1.0862
1363	1364	1.0740
1364	1365	1.0229
1365	1366	1.0205
1366	1367	1.0834
1367	1368	1.1261
1368	1369	1.1274
1369	1370	1.1040
1370	1371	1.1276
1371	1372	1.1347
1372	1373	1.1230
1373	1374	1.1364
1374	1375	1.1530
1375	1376	1.0870
1376	1377	1.0752
1377	1378	1.1224
1378	1379	1.1417
1379	1380	1.1863
1380	1381	1.1375
1381	1382	1.1344
1382	1383	1.1035
1383	1384	1.1189
1384	1385	1.1250
1385	1386	1.1049
1386	1387	1.1087
1387	1388	1.0876
1388	1389	1.1000
1389	1390	1.1038
1390	1391	1.0888
1391	1392	1.1709
1392	1393	1.1717
1393	1394	1.1392
1394	1395	1.1556
1395	1396	1.1100
1396	1397	1.1584
1397	1398	1.1342
1398	1399	1.1561
1399	1400	1.2194
1400	1401	1.1883
1401	1402	1.1833
1402	1403	1.1783
1403	1404	1.1872
1404	1405	1.1381
1405	1406	1.1804
1406	1407	1.1627
1407	1408	1.1442
1408	1409	1.1841
1409	1410	1.1557
1410	1411	1.1780
1411	1412	1.1485
1412	1413	1.1646
1413	1414	1.1733
1414	1415	1.1790
1415	1416	1.2185
1416	1417	1.1913
1417	1418	1.1797
1418	1419	1.2128
1419	1420	1.1877
1420	1421	1.2124
1421	1422	1.2694
1422	1423	1.2729
1423	1424	1.2771
1424	1425	1.2592
1425	1426	1.2766
1426	1427	1.2130
1427	1428	1.1932
1428	1429	1.1595
1429	1430	1.1426
1430	1431	1.1813
1431	1432	1.1848
1432	1433	1.1889
1433	1434	1.1891
1434	1435	1.2197
1435	1436	1.2037
1436	1437	1.2018
1437	1438	1.1924
1438	1439	1.1843
1439	1440	1.1978
1440	1441	1.1763
1441	1442	1.1981
1442	1443	1.1862
1443	1444	1.1417
1444	1445	1.1328
1445	1446	1.1569
1446	1447	1.1619
1447	1448	1.1649
1448	1449	1.1419
1449	1450	1.1357
1450	1451	1.1518
1451	1452	1.1719
1452	1453	1.1766
1453	1454	1.1783
1454	1455	1.1819
1455	1456	1.1694
1456	1457	1.1500
1457	1458	1.1746
1458	1459	1.1629
1459	1460	1.1650
1460	1461	1.1589
1461	1462	1.1690
1462	1463	1.1936
1463	1464	1.2367
1464	1465	1.1949
1465	1466	1.2382
1466	1467	1.2088
1467	1468	1.2290
1468	1469	1.2162
1469	1470	1.2415
1470	1471	1.2272
1471	1472	1.1740
1472	1473	1.1391
1473	1474	1.1481
1474	1475	1.1849
1475	1476	1.1483
1476	1477	1.1563
1477	1478	1.1461
1478	1479	1.1150
1479	1480	1.1656
1480	1481	1.1684
1481	1482	1.1623
1482	1483	1.1189
1483	1484	1.1935
1484	1485	1.1724
1485	1486	1.1718
1486	1487	1.1789
1487	1488	1.1751
1488	1489	1.1524
1489	1490	1.1699
1490	1491	1.1297
1491	1492	1.1245
1492	1493	1.1484
1493	1494	1.1499
1494	1495	1.1868
1495	1496	1.1773
1496	1497	1.1720
1497	1498	1.1227
1498	1499	1.1054
1499	1500	1.0820
1500	1501	1.1003
1501	1502	1.1031
1502	1503	1.1127
1503	1504	1.1035
1504	1505	1.0634
1505	1506	1.0887
1506	1507	1.0692
1507	1508	1.0920
1508	1509	1.0952
1509	1510	1.1204
1510	1511	1.0761
1511	1512	1.1073
1512	1513	1.0908
1513	1514	1.0781
1514	1515	1.0841
1515	1516	1.0836
1516	1517	1.1016
1517	1518	1.1006
1518	1519	1.1194
1519	1520	1.1035
1520	1521	1.0837
1521	1522	1.0578
1522	1523	1.0690
1523	1524	1.0748
1524	1525	1.0578
1525	1526	1.0615
1526	1527	1.0833
1527	1528	1.0986
1528	1529	1.0913
1529	1530	1.1291
1530	1531	1.1122
1531	1532	1.1026
1532	1533	1.0853
1533	1534	1.0589
1534	1535	1.0924
1535	1536	1.0888
1536	1537	1.0933
1537	1538	1.1010
1538	1539	1.0891
1539	1540	1.0963
1540	1541	1.0916
1541	1542	1.1284
1542	1543	1.1169
1543	1544	1.1145
1544	1545	1.0726
1545	1546	1.1208
1546	1547	1.1660
1547	1548	1.1350
1548	1549	1.1691
1549	1550	1.1763
1550	1551	1.1219
1551	1552	1.1444
1552	1553	1.1511
1553	1554	1.1699
1554	1555	1.2077
1555	1556	1.1971
1556	1557	1.1710
1557	1558	1.2231
1558	1559	1.2011
1559	1560	1.1591
1560	1561	1.2201
1561	1562	1.2426
1562	1563	1.2086
1563	1564	1.1742
1564	1565	1.2038
1565	1566	1.2111
1566	1567	1.2244
1567	1568	1.2596
1568	1569	1.2809
1569	1570	1.3025
1570	1571	1.2823
1571	1572	1.2731
1572	1573	1.2807
1573	1574	1.2240
1574	1575	1.1971
1575	1576	1.2266
1576	1577	1.1965
1577	1578	1.2052
1578	1579	1.2199
1579	1580	1.1931
1580	1581	1.1699
1581	1582	1.1632
1582	1583	1.1832
1583	1584	1.1546
1584	1585	1.1714
1585	1586	1.2184
1586	1587	1.1718
1587	1588	1.2005
1588	1589	1.1888
1589	1590	1.1737
1590	1591	1.1577
1591	1592	1.1852
1592	1593	1.1980
1593	1594	1.1924
1594	1595	1.2278
1595	1596	1.2093
1596	1597	1.2411
1597	1598	1.2133
1598	1599	1.2275
1599	1600	1.2244
1600	1601	1.2345
1601	1602	1.2167
1602	1603	1.2560
1603	1604	1.3206
1604	1605	1.2840
1605	1606	1.2974
1606	1607	1.3237
1607	1608	1.2993
1608	1609	1.2886
1609	1610	1.2863
1610	1611	1.2779
1611	1612	1.2794
1612	1613	1.2993
1613	1614	1.3242
1614	1615	1.3580
1615	1616	1.2990
1616	1617	1.2688
1617	1618	1.2505
1618	1619	1.2530
1619	1620	1.2600
1620	1621	1.2574
1621	1622	1.3280
1622	1623	1.3333
1623	1624	1.3058
1624	1625	1.3326
1625	1626	1.3087
1626	1627	1.3313
1627	1628	1.2929
1628	1629	1.3123
1629	1630	1.2827
1630	1631	1.3202
1631	1632	1.2938
1632	1633	1.2812
1633	1634	1.3196
1634	1635	1.2993
1635	1636	1.2739
1636	1637	1.2795
1637	1638	1.2681
1638	1639	1.2690
1639	1640	1.2561
1640	1641	1.2883
1641	1642	1.2533
1642	1643	1.2195
1643	1644	1.2745
1644	1645	1.2996
1645	1646	1.2260
1646	1647	1.2093
1647	1648	1.2041
1648	1649	1.1893
1649	1650	1.1979
1650	1651	1.2074
1651	1652	1.2013
1652	1653	1.2064
1653	1654	1.1573
1654	1655	1.1682
1655	1656	1.1818
1656	1657	1.1786
1657	1658	1.1795
1658	1659	1.1779
1659	1660	1.2272
1660	1661	1.2432
1661	1662	1.2609
1662	1663	1.2278
1663	1664	1.2582
1664	1665	1.2777
1665	1666	1.2223
1666	1667	1.1844
1667	1668	1.1735
1668	1669	1.2077
1669	1670	1.2311
1670	1671	1.2591
1671	1672	1.2633
1672	1673	1.2704
1673	1674	1.2914
1674	1675	1.3048
1675	1676	1.2913
1676	1677	1.2771
1677	1678	1.2327
1678	1679	1.2623
1679	1680	1.2498
1680	1681	1.2634
1681	1682	1.2801
1682	1683	1.2874
1683	1684	1.2831
1684	1685	1.2431
1685	1686	1.2191
1686	1687	1.2738
1687	1688	1.2653
1688	1689	1.2588
1689	1690	1.2379
1690	1691	1.2689
1691	1692	1.2490
1692	1693	1.2857
1693	1694	1.2778
1694	1695	1.3672
1695	1696	1.3612
1696	1697	1.3258
1697	1698	1.3467
1698	1699	1.3285
1699	1700	1.3557
1700	1701	1.3532
1701	1702	1.3719
1702	1703	1.4463
1703	1704	1.3814
1704	1705	1.4041
1705	1706	1.3990
1706	1707	1.3628
1707	1708	1.3718
1708	1709	1.3601
1709	1710	1.3565
1710	1711	1.3112
1711	1712	1.3190
1712	1713	1.3461
1713	1714	1.3265
1714	1715	1.3110
1715	1716	1.2783
1716	1717	1.3073
1717	1718	1.2424
1718	1719	1.2138
1719	1720	1.2129
1720	1721	1.1943
1721	1722	1.2247
1722	1723	1.2349
1723	1724	1.2248
1724	1725	1.1942
1725	1726	1.2274
1726	1727	1.2174
1727	1728	1.1964
1728	1729	1.2016
1729	1730	1.1886
1730	1731	1.1880
1731	1732	1.1828
1732	1733	1.1975
1733	1734	1.2367
1734	1735	1.1926
1735	1736	1.1758
1736	1737	1.1403
1737	1738	1.1548
1738	1739	1.1331
1739	1740	1.1399
1740	1741	1.1299
1741	1742	1.1025
1742	1743	1.1249
1743	1744	1.1601
1744	1745	1.1119
1745	1746	1.1540
1746	1747	1.1424
1747	1748	1.1665
1748	1749	1.1784
1749	1750	1.1562
1750	1751	1.1504
1751	1752	1.1374
1752	1753	1.1237
1753	1754	1.1401
1754	1755	1.1472
1755	1756	1.1357
1756	1757	1.1480
1757	1758	1.1233
1758	1759	1.1774
1759	1760	1.1448
1760	1761	1.1319
1761	1762	1.1303
1762	1763	1.1698
1763	1764	1.1796
1764	1765	1.1956
1765	1766	1.1890
1766	1767	1.1996
1767	1768	1.1998
1768	1769	1.1334
1769	1770	1.1331
1770	1771	1.1490
1771	1772	1.1390
1772	1773	1.1543
1773	1774	1.1510
1774	1775	1.1672
1775	1776	1.1731
1776	1777	1.1560
1777	1778	1.1687
1778	1779	1.1945
1779	1780	1.1984
1780	1781	1.1969
1781	1782	1.1539
1782	1783	1.1558
1783	1784	1.1483
1784	1785	1.1914
1785	1786	1.1816
1786	1787	1.1874
1787	1788	1.1675
1788	1789	1.2176
1789	1790	1.1805
1790	1791	1.1795
1791	1792	1.1876
1792	1793	1.1557
1793	1794	1.1973
1794	1795	1.1550
1795	1796	1.1709
1796	1797	1.1694
1797	1798	1.1432
1798	1799	1.1642
1799	1800	1.1284
1800	1801	1.1436
1801	1802	1.1492
1802	1803	1.1318
1803	1804	1.1161
1804	1805	1.0840
1805	1806	1.1188
1806	1807	1.0937
1807	1808	1.1246
1808	1809	1.1517
1809	1810	1.1435
1810	1811	1.1060
1811	1812	1.1402
1812	1813	1.1348
1813	1814	1.1303
1814	1815	1.1315
1815	1816	1.1633
1816	1817	1.1556
1817	1818	1.1811
1818	1819	1.1495
1819	1820	1.1764
1820	1821	1.2195
1821	1822	1.2316
1822	1823	1.2364
1823	1824	1.2139
1824	1825	1.2263
1825	1826	1.2596
1826	1827	1.2515
1827	1828	1.2871
1828	1829	1.2181
1829	1830	1.2061
1830	1831	1.2487
1831	1832	1.2454
1832	1833	1.2470
1833	1834	1.2340
1834	1835	1.2143
1835	1836	1.2595
1836	1837	1.2786
1837	1838	1.3123
1838	1839	1.3203
1839	1840	1.2992
1840	1841	1.2875
1841	1842	1.3391
1842	1843	1.3254
1843	1844	1.3051
1844	1845	1.3221
1845	1846	1.3065
1846	1847	1.2700
1847	1848	1.3046
1848	1849	1.3191
1849	1850	1.3390
1850	1851	1.3323
1851	1852	1.3103
1852	1853	1.3518
1853	1854	1.3220
1854	1855	1.2891
1855	1856	1.3143
1856	1857	1.2999
1857	1858	1.3291
1858	1859	1.3047
1859	1860	1.3155
1860	1861	1.3237
1861	1862	1.3138
1862	1863	1.3386
1863	1864	1.3510
1864	1865	1.3624
1865	1866	1.3341
1866	1867	1.3640
1867	1868	1.3692
1868	1869	1.3746
1869	1870	1.3497
1870	1871	1.3554
1871	1872	1.3307
1872	1873	1.3199
1873	1874	1.3020
1874	1875	1.3211
1875	1876	1.3203
1876	1877	1.3244
1877	1878	1.3569
1878	1879	1.3419
1879	1880	1.3733
1880	1881	1.3764
1881	1882	1.3487
1882	1883	1.3332
1883	1884	1.3529
1884	1885	1.2898
1885	1886	1.3063
1886	1887	1.2874
1887	1888	1.2962
1888	1889	1.2803
1889	1890	1.2682
1890	1891	1.2733
1891	1892	1.2899
1892	1893	1.2686
1893	1894	1.2903
1894	1895	1.3012
1895	1896	1.2842
1896	1897	1.2956
1897	1898	1.2387
1898	1899	1.2900
1899	1900	1.2746
1900	1901	1.2552
1901	1902	1.2084
1902	1903	1.2441
1903	1904	1.2278
1904	1905	1.2539
1905	1906	1.2471
1906	1907	1.2211
1907	1908	1.2143
1908	1909	1.2139
1909	1910	1.2024
1910	1911	1.1592
1911	1912	1.1646
1912	1913	1.1847
1913	1914	1.1988
1914	1915	1.1758
1915	1916	1.2445
1916	1917	1.1984
1917	1918	1.1871
1918	1919	1.2349
1919	1920	1.2443
1920	1921	1.2356
1921	1922	1.2637
1922	1923	1.2228
1923	1924	1.2610
1924	1925	1.2907
1925	1926	1.2631
1926	1927	1.2711
1927	1928	1.2234
1928	1929	1.2337
1929	1930	1.2698
1930	1931	1.2527
1931	1932	1.2571
1932	1933	1.2149
1933	1934	1.2245
1934	1935	1.2327
1935	1936	1.2419
1936	1937	1.2395
1937	1938	1.2115
1938	1939	1.2633
1939	1940	1.2846
1940	1941	1.2861
1941	1942	1.3116
1942	1943	1.3079
1943	1944	1.3262
1944	1945	1.2804
1945	1946	1.3083
1946	1947	1.3103
1947	1948	1.2892
1948	1949	1.2907
1949	1950	1.2860
1950	1951	1.2801
1951	1952	1.2842
1952	1953	1.3279
1953	1954	1.2712
1954	1955	1.2394
1955	1956	1.2318
1956	1957	1.2266
1957	1958	1.2137
1958	1959	1.2203
1959	1960	1.2331
1960	1961	1.2425
1961	1962	1.2656
1962	1963	1.2207
1963	1964	1.2149
1964	1965	1.2167
1965	1966	1.2175
1966	1967	1.1982
1967	1968	1.1761
1968	1969	1.1764
1969	1970	1.1613
1970	1971	1.1690
1971	1972	1.1616
1972	1973	1.2093
1973	1974	1.1998
1974	1975	1.1842
1975	1976	1.1896
1976	1977	1.1517
1977	1978	1.1639
1978	1979	1.1292
1979	1980	1.1096
1980	1981	1.1720
1981	1982	1.1914
1982	1983	1.1946
1983	1984	1.1772
1984	1985	1.2044
1985	1986	1.1869
1986	1987	1.2397
1987	1988	1.2293
1988	1989	1.1934
1989	1990	1.2286
1990	1991	1.2290
1991	1992	1.2216
1992	1993	1.2377
1993	1994	1.2419
1994	1995	1.2260
1995	1996	1.2288
1996	1997	1.2416
1997	1998	1.2661
1998	1999	1.2606
1999	2000	1.2596
2000	2001	1.2327
2001	2002	1.2060
2002	2003	1.2326
2003	2004	1.2355
2004	2005	1.2085
2005	2006	1.2267
2006	2007	1.2754
2007	2008	1.2925
2008	2009	1.2883
2009	2010	1.2577
2010	2011	1.2136
2011	2012	1.2054
2012	2013	1.2141
2013	2014	1.2742
2014	2015	1.2370
2015	2016	1.2687
2016	2017	1.2864
2017	2018	1.2828
2018	2019	1.2799
2019	2020	1.2665
2020	2021	1.2102
2021	2022	1.1743
2022	2023	1.1976
2023	2024	1.2263
2024	2025	1.2660
2025	2026	1.3180
2026	2027	1.2922
2027	2028	1.2731
2028	2029	1.2396
2029	2030	1.2474
2030	2031	1.1929
2031	2032	1.1762
2032	2033	1.1803
2033	2034	1.1954
2034	2035	1.1907
2035	2036	1.1654
2036	2037	1.2132
2037	2038	1.2355
2038	2039	1.2513
2039	2040	1.2201
2040	2041	1.1966
2041	2042	1.2146
2042	2043	1.2128
2043	2044	1.2163
2044	2045	1.2259
2045	2046	1.2043
2046	2047	1.1698
2047	2048	1.1878
2048	2049	1.2084
2049	2050	1.2159
2050	2051	1.2415
2051	2052	1.2545
2052	2053	1.2601
2053	2054	1.2322
2054	2055	1.1880
2055	2056	1.1973
2056	2057	1.1779
2057	2058	1.1756
2058	2059	1.2286
2059	2060	1.2466
2060	2061	1.2041
2061	2062	1.2052
2062	2063	1.2171
2063	2064	1.2522
2064	2065	1.2034
2065	2066	1.1963
2066	2067	1.2373
2067	2068	1.2313
2068	2069	1.1785
2069	2070	1.1472
2070	2071	1.1275
2071	2072	1.1650
2072	2073	1.1585
2073	2074	1.1510
2074	2075	1.1994
2075	2076	1.2249
2076	2077	1.1638
2077	2078	1.2032
2078	2079	1.2103
2079	2080	1.1707
2080	2081	1.1843
2081	2082	1.1771
2082	2083	1.1930
2083	2084	1.1922
2084	2085	1.1717
2085	2086	1.1985
2086	2087	1.1902
2087	2088	1.1289
2088	2089	1.1742
2089	2090	1.1994
2090	2091	1.1687
2091	2092	1.1863
2092	2093	1.1549
2093	2094	1.1814
2094	2095	1.1821
2095	2096	1.2355
2096	2097	1.2510
2097	2098	1.2177
2098	2099	1.2320
2099	2100	1.1524
2100	2101	1.1199
2101	2102	1.1025
2102	2103	1.1097
2103	2104	1.1206
2104	2105	1.1403
2105	2106	1.1315
2106	2107	1.1597
2107	2108	1.1265
2108	2109	1.1934
2109	2110	1.1508
2110	2111	1.1621
2111	2112	1.1824
2112	2113	1.2359
2113	2114	1.2418
2114	2115	1.2633
2115	2116	1.2937
2116	2117	1.2850
2117	2118	1.2409
2118	2119	1.2200
2119	2120	1.2734
2120	2121	1.2873
2121	2122	1.3046
2122	2123	1.3339
2123	2124	1.3020
2124	2125	1.2847
2125	2126	1.2914
2126	2127	1.2691
2127	2128	1.2615
2128	2129	1.3136
2129	2130	1.2510
2130	2131	1.2962
2131	2132	1.2534
2132	2133	1.2642
2133	2134	1.2426
2134	2135	1.3064
2135	2136	1.3117
2136	2137	1.2925
2137	2138	1.2668
2138	2139	1.2538
2139	2140	1.2126
2140	2141	1.2203
2141	2142	1.1966
2142	2143	1.2343
2143	2144	1.2343
2144	2145	1.2244
2145	2146	1.1958
2146	2147	1.1636
2147	2148	1.1681
2148	2149	1.1892
2149	2150	1.1796
2150	2151	1.1758
2151	2152	1.2008
2152	2153	1.1958
2153	2154	1.1597
2154	2155	1.1940
2155	2156	1.1827
2156	2157	1.1734
2157	2158	1.1979
2158	2159	1.2001
2159	2160	1.1879
2160	2161	1.1232
2161	2162	1.1391
2162	2163	1.1744
2163	2164	1.1518
2164	2165	1.1575
2165	2166	1.1804
2166	2167	1.1962
2167	2168	1.2196
2168	2169	1.2038
2169	2170	1.1986
2170	2171	1.1428
2171	2172	1.1728
2172	2173	1.1793
2173	2174	1.1597
2174	2175	1.2066
2175	2176	1.1879
2176	2177	1.2215
2177	2178	1.2181
2178	2179	1.2098
2179	2180	1.2485
2180	2181	1.2676
2181	2182	1.2505
2182	2183	1.2992
2183	2184	1.2595
2184	2185	1.2590
2185	2186	1.2752
2186	2187	1.2307
2187	2188	1.2425
2188	2189	1.2392
2189	2190	1.2330
2190	2191	1.2143
2191	2192	1.2181
2192	2193	1.2412
2193	2194	1.2543
2194	2195	1.2776
2195	2196	1.2520
2196	2197	1.2032
2197	2198	1.2859
2198	2199	1.3208
2199	2200	1.2684
2200	2201	1.3035
2201	2202	1.2178
2202	2203	1.2328
2203	2204	1.2433
2204	2205	1.2401
2205	2206	1.2488
2206	2207	1.2566
2207	2208	1.2370
2208	2209	1.2106
2209	2210	1.2067
2210	2211	1.2079
2211	2212	1.1934
2212	2213	1.1789
2213	2214	1.2014
2214	2215	1.1550
2215	2216	1.1975
2216	2217	1.1936
2217	2218	1.2247
2218	2219	1.1829
2219	2220	1.1822
2220	2221	1.2011
2221	2222	1.1634
2222	2223	1.1893
2223	2224	1.1557
2224	2225	1.1482
2225	2226	1.1229
2226	2227	1.1781
2227	2228	1.2193
2228	2229	1.2071
2229	2230	1.2169
2230	2231	1.1714
2231	2232	1.1691
2232	2233	1.1688
2233	2234	1.1566
2234	2235	1.1457
2235	2236	1.1201
2236	2237	1.1645
2237	2238	1.1464
2238	2239	1.1447
2239	2240	1.1767
2240	2241	1.1917
2241	2242	1.1707
2242	2243	1.2047
2243	2244	1.2349
2244	2245	1.2067
2245	2246	1.1854
2246	2247	1.2181
2247	2248	1.2259
2248	2249	1.2009
2249	2250	1.2136
2250	2251	1.2014
2251	2252	1.2223
2252	2253	1.2091
2253	2254	1.1921
2254	2255	1.1978
2255	2256	1.2078
2256	2257	1.1623
2257	2258	1.1829
2258	2259	1.1911
2259	2260	1.2269
2260	2261	1.1940
2261	2262	1.1704
2262	2263	1.1608
2263	2264	1.1927
2264	2265	1.2367
2265	2266	1.2269
2266	2267	1.2390
2267	2268	1.2631
2268	2269	1.2436
2269	2270	1.2477
2270	2271	1.2004
2271	2272	1.2476
2272	2273	1.2601
2273	2274	1.2717
2274	2275	1.3140
2275	2276	1.3086
2276	2277	1.3415
2277	2278	1.2953
2278	2279	1.3124
2279	2280	1.3177
2280	2281	1.3027
2281	2282	1.2870
2282	2283	1.2700
2283	2284	1.2715
2284	2285	1.2542
2285	2286	1.2596
2286	2287	1.2798
2287	2288	1.2933
2288	2289	1.3211
2289	2290	1.3003
2290	2291	1.3083
2291	2292	1.2802
2292	2293	1.2661
2293	2294	1.2414
2294	2295	1.2724
2295	2296	1.2310
2296	2297	1.2522
2297	2298	1.2575
2298	2299	1.2282
2299	2300	1.2410
2300	2301	1.2887
2301	2302	1.3073
2302	2303	1.3067
2303	2304	1.3059
2304	2305	1.2431
2305	2306	1.2473
2306	2307	1.2879
2307	2308	1.3120
2308	2309	1.2960
2309	2310	1.2793
2310	2311	1.2924
2311	2312	1.3393
2312	2313	1.3402
2313	2314	1.3255
2314	2315	1.3250
2315	2316	1.3220
2316	2317	1.3688
2317	2318	1.3687
2318	2319	1.3105
2319	2320	1.3157
2320	2321	1.3024
2321	2322	1.2684
2322	2323	1.2534
2323	2324	1.2674
2324	2325	1.2552
2325	2326	1.2693
2326	2327	1.2595
2327	2328	1.2450
2328	2329	1.2749
2329	2330	1.2710
2330	2331	1.2664
2331	2332	1.2605
2332	2333	1.2401
2333	2334	1.3216
2334	2335	1.3528
2335	2336	1.3204
2336	2337	1.3025
2337	2338	1.2701
2338	2339	1.3507
2339	2340	1.3195
2340	2341	1.3371
2341	2342	1.3754
2342	2343	1.3381
2343	2344	1.3838
2344	2345	1.4331
2345	2346	1.4136
2346	2347	1.3934
2347	2348	1.3571
2348	2349	1.3575
2349	2350	1.3343
2350	2351	1.2840
2351	2352	1.2994
2352	2353	1.3086
2353	2354	1.3281
2354	2355	1.3610
2355	2356	1.4095
2356	2357	1.4373
2357	2358	1.4309
2358	2359	1.3912
2359	2360	1.3328
2360	2361	1.3760
2361	2362	1.3637
2362	2363	1.3498
2363	2364	1.3426
2364	2365	1.3390
2365	2366	1.3065
2366	2367	1.3058
2367	2368	1.2958
2368	2369	1.3051
2369	2370	1.3096
2370	2371	1.3352
2371	2372	1.2994
2372	2373	1.3051
2373	2374	1.2671
2374	2375	1.3030
2375	2376	1.2976
2376	2377	1.3245
2377	2378	1.3213
2378	2379	1.3152
2379	2380	1.3258
2380	2381	1.2855
2381	2382	1.2763
2382	2383	1.3078
2383	2384	1.2346
2384	2385	1.2669
2385	2386	1.3010
2386	2387	1.2774
2387	2388	1.2790
2388	2389	1.2587
2389	2390	1.2681
2390	2391	1.2782
2391	2392	1.2390
2392	2393	1.2848
2393	2394	1.2763
2394	2395	1.2785
2395	2396	1.2661
2396	2397	1.3228
2397	2398	1.2726
2398	2399	1.2494
2399	2400	1.2818
2400	2401	1.2575
2401	2402	1.2312
2402	2403	1.2378
2403	2404	1.2690
2404	2405	1.2301
2405	2406	1.2186
2406	2407	1.2064
2407	2408	1.2021
2408	2409	1.1587
2409	2410	1.2014
2410	2411	1.2145
2411	2412	1.2104
2412	2413	1.1886
2413	2414	1.2257
2414	2415	1.2419
2415	2416	1.2146
2416	2417	1.2668
2417	2418	1.2341
2418	2419	1.2097
2419	2420	1.2087
2420	2421	1.2148
2421	2422	1.2138
2422	2423	1.2166
2423	2424	1.2560
2424	2425	1.2660
2425	2426	1.2711
2426	2427	1.2736
2427	2428	1.2718
2428	2429	1.2775
2429	2430	1.3064
2430	2431	1.2986
2431	2432	1.2879
2432	2433	1.2608
2433	2434	1.2963
2434	2435	1.2980
2435	2436	1.2870
2436	2437	1.2831
2437	2438	1.2989
2438	2439	1.3085
2439	2440	1.3279
2440	2441	1.2769
2441	2442	1.2584
2442	2443	1.2765
2443	2444	1.2523
2444	2445	1.2751
2445	2446	1.2434
2446	2447	1.2772
2447	2448	1.2685
2448	2449	1.2655
2449	2450	1.3062
2450	2451	1.2664
2451	2452	1.2721
2452	2453	1.2466
2453	2454	1.3043
2454	2455	1.2752
2455	2456	1.2205
2456	2457	1.2202
2457	2458	1.2308
2458	2459	1.2259
2459	2460	1.1978
2460	2461	1.2534
2461	2462	1.1995
2462	2463	1.1871
2463	2464	1.1699
2464	2465	1.1412
2465	2466	1.1586
2466	2467	1.1620
2467	2468	1.1678
2468	2469	1.1778
2469	2470	1.1558
2470	2471	1.1784
2471	2472	1.1364
2472	2473	1.1897
2473	2474	1.1691
2474	2475	1.1362
2475	2476	1.1475
2476	2477	1.1789
2477	2478	1.2207
2478	2479	1.2464
2479	2480	1.1915
2480	2481	1.1818
2481	2482	1.2226
2482	2483	1.1946
2483	2484	1.2099
2484	2485	1.2067
2485	2486	1.2422
2486	2487	1.2531
2487	2488	1.2133
2488	2489	1.2569
2489	2490	1.2281
2490	2491	1.2644
2491	2492	1.2703
2492	2493	1.2578
2493	2494	1.2956
2494	2495	1.2471
2495	2496	1.2268
2496	2497	1.2372
2497	2498	1.1883
2498	2499	1.1116
2499	2500	1.1460
2500	2501	1.1663
2501	2502	1.1948
2502	2503	1.1952
2503	2504	1.1994
2504	2505	1.1601
2505	2506	1.1662
2506	2507	1.1833
2507	2508	1.2085
2508	2509	1.2093
2509	2510	1.2107
2510	2511	1.2285
2511	2512	1.1986
2512	2513	1.1766
2513	2514	1.2307
2514	2515	1.2153
2515	2516	1.2543
2516	2517	1.2326
2517	2518	1.2822
2518	2519	1.2714
2519	2520	1.2914
2520	2521	1.2862
2521	2522	1.2995
2522	2523	1.2869
2523	2524	1.2802
2524	2525	1.2988
2525	2526	1.3122
2526	2527	1.2798
2527	2528	1.2589
2528	2529	1.2430
2529	2530	1.2767
2530	2531	1.3073
2531	2532	1.3013
2532	2533	1.2925
2533	2534	1.2723
2534	2535	1.2042
2535	2536	1.2159
2536	2537	1.1921
2537	2538	1.2098
2538	2539	1.2047
2539	2540	1.1797
2540	2541	1.2052
2541	2542	1.2483
2542	2543	1.2176
2543	2544	1.2065
2544	2545	1.2266
2545	2546	1.2379
2546	2547	1.2446
2547	2548	1.2507
2548	2549	1.2321
2549	2550	1.2179
2550	2551	1.2341
2551	2552	1.2125
2552	2553	1.2183
2553	2554	1.2351
2554	2555	1.2111
2555	2556	1.1977
2556	2557	1.1673
2557	2558	1.1700
2558	2559	1.2002
2559	2560	1.1816
2560	2561	1.1743
2561	2562	1.2161
2562	2563	1.2449
2563	2564	1.2143
2564	2565	1.1784
2565	2566	1.1629
2566	2567	1.1587
2567	2568	1.1612
2568	2569	1.2063
2569	2570	1.2185
2570	2571	1.2213
2571	2572	1.2797
2572	2573	1.2633
2573	2574	1.3270
2574	2575	1.2785
2575	2576	1.3261
2576	2577	1.3013
2577	2578	1.3281
2578	2579	1.3144
2579	2580	1.3178
2580	2581	1.2827
2581	2582	1.2893
2582	2583	1.2904
2583	2584	1.2919
2584	2585	1.3299
2585	2586	1.3603
2586	2587	1.3624
2587	2588	1.3167
2588	2589	1.2947
2589	2590	1.2844
2590	2591	1.2908
2591	2592	1.2842
2592	2593	1.2845
2593	2594	1.3108
2594	2595	1.3080
2595	2596	1.2941
2596	2597	1.2874
2597	2598	1.2970
2598	2599	1.3114
2599	2600	1.2908
2600	2601	1.2879
2601	2602	1.3057
2602	2603	1.3539
2603	2604	1.3062
2604	2605	1.3041
2605	2606	1.2687
2606	2607	1.2910
2607	2608	1.3225
2608	2609	1.3391
2609	2610	1.3483
2610	2611	1.3365
2611	2612	1.3042
2612	2613	1.2913
2613	2614	1.2526
2614	2615	1.2606
2615	2616	1.3066
2616	2617	1.3151
2617	2618	1.2804
2618	2619	1.2699
2619	2620	1.2963
2620	2621	1.2693
2621	2622	1.2529
2622	2623	1.2595
2623	2624	1.2747
2624	2625	1.2580
2625	2626	1.2424
2626	2627	1.2386
2627	2628	1.2485
2628	2629	1.2541
2629	2630	1.2347
2630	2631	1.2365
2631	2632	1.2660
2632	2633	1.2642
2633	2634	1.2226
2634	2635	1.2363
2635	2636	1.3186
2636	2637	1.3093
2637	2638	1.2400
2638	2639	1.2324
2639	2640	1.3037
2640	2641	1.2706
2641	2642	1.2726
2642	2643	1.2272
2643	2644	1.2125
2644	2645	1.2446
2645	2646	1.2843
2646	2647	1.3117
2647	2648	1.2903
2648	2649	1.2920
2649	2650	1.2919
2650	2651	1.2598
2651	2652	1.2728
2652	2653	1.2619
2653	2654	1.2937
2654	2655	1.2574
2655	2656	1.2596
2656	2657	1.2284
2657	2658	1.2284
2658	2659	1.2514
2659	2660	1.2219
2660	2661	1.2506
2661	2662	1.2419
2662	2663	1.1754
2663	2664	1.1773
2664	2665	1.1589
2665	2666	1.1730
2666	2667	1.1781
2667	2668	1.1773
2668	2669	1.1889
2669	2670	1.2016
2670	2671	1.2376
2671	2672	1.2052
2672	2673	1.2306
2673	2674	1.2321
2674	2675	1.2274
2675	2676	1.1951
2676	2677	1.2263
2677	2678	1.2280
2678	2679	1.2126
2679	2680	1.2521
2680	2681	1.2574
2681	2682	1.2698
2682	2683	1.2499
2683	2684	1.2389
2684	2685	1.2237
2685	2686	1.2451
2686	2687	1.2049
2687	2688	1.2495
2688	2689	1.2367
2689	2690	1.1866
2690	2691	1.1957
2691	2692	1.2120
2692	2693	1.2387
2693	2694	1.2128
2694	2695	1.1685
2695	2696	1.1923
2696	2697	1.1634
2697	2698	1.1668
2698	2699	1.1744
2699	2700	1.1910
2700	2701	1.1910
2701	2702	1.2015
2702	2703	1.2141
2703	2704	1.2096
2704	2705	1.2266
2705	2706	1.2446
2706	2707	1.2119
2707	2708	1.2481
2708	2709	1.2444
2709	2710	1.2215
2710	2711	1.2360
2711	2712	1.2372
2712	2713	1.2179
2713	2714	1.1896
2714	2715	1.1905
2715	2716	1.2084
2716	2717	1.1899
2717	2718	1.2406
2718	2719	1.2466
2719	2720	1.2376
2720	2721	1.2658
2721	2722	1.2865
2722	2723	1.2793
2723	2724	1.2647
2724	2725	1.2846
2725	2726	1.2261
2726	2727	1.2468
2727	2728	1.1776
2728	2729	1.1498
2729	2730	1.1888
2730	2731	1.2335
2731	2732	1.2075
2732	2733	1.1677
2733	2734	1.1277
2734	2735	1.1347
2735	2736	1.1516
2736	2737	1.1469
2737	2738	1.1637
2738	2739	1.1862
2739	2740	1.1407
2740	2741	1.1981
2741	2742	1.1571
2742	2743	1.1913
2743	2744	1.2653
2744	2745	1.2172
2745	2746	1.2104
2746	2747	1.1940
2747	2748	1.1865
2748	2749	1.1607
2749	2750	1.1928
2750	2751	1.2128
2751	2752	1.2146
2752	2753	1.2010
2753	2754	1.2482
2754	2755	1.2334
2755	2756	1.1878
2756	2757	1.1870
2757	2758	1.1890
2758	2759	1.2119
2759	2760	1.1913
2760	2761	1.2301
2761	2762	1.1517
2762	2763	1.1188
2763	2764	1.1448
2764	2765	1.1317
2765	2766	1.0976
2766	2767	1.1072
2767	2768	1.0572
2768	2769	1.1052
2769	2770	1.1099
2770	2771	1.1362
2771	2772	1.1377
2772	2773	1.1517
2773	2774	1.1463
2774	2775	1.1471
2775	2776	1.1701
2776	2777	1.1865
2777	2778	1.1903
2778	2779	1.1656
2779	2780	1.1582
2780	2781	1.1387
2781	2782	1.1786
2782	2783	1.2060
2783	2784	1.1334
2784	2785	1.1246
2785	2786	1.1081
2786	2787	1.1257
2787	2788	1.1605
2788	2789	1.1737
2789	2790	1.1628
2790	2791	1.1371
2791	2792	1.1437
2792	2793	1.1399
2793	2794	1.1429
2794	2795	1.1896
2795	2796	1.2099
2796	2797	1.1653
2797	2798	1.1728
2798	2799	1.1390
2799	2800	1.1475
2800	2801	1.1795
2801	2802	1.1669
2802	2803	1.1614
2803	2804	1.1862
2804	2805	1.2088
2805	2806	1.2020
2806	2807	1.1799
2807	2808	1.1886
2808	2809	1.1256
2809	2810	1.1663
2810	2811	1.1994
2811	2812	1.2317
2812	2813	1.2100
2813	2814	1.2144
2814	2815	1.2326
2815	2816	1.2270
2816	2817	1.2352
2817	2818	1.1960
2818	2819	1.1994
2819	2820	1.2135
2820	2821	1.1998
2821	2822	1.2084
2822	2823	1.2258
2823	2824	1.1777
2824	2825	1.1472
2825	2826	1.1822
2826	2827	1.1496
2827	2828	1.1163
2828	2829	1.1055
2829	2830	1.0729
2830	2831	1.1183
2831	2832	1.1126
2832	2833	1.1488
2833	2834	1.1409
2834	2835	1.1298
2835	2836	1.1044
2836	2837	1.0783
2837	2838	1.0923
2838	2839	1.1365
2839	2840	1.1351
2840	2841	1.0703
2841	2842	1.1165
2842	2843	1.0904
2843	2844	1.0835
2844	2845	1.0534
2845	2846	1.0605
2846	2847	1.0817
2847	2848	1.0667
2848	2849	1.1094
2849	2850	1.0892
2850	2851	1.1042
2851	2852	1.0963
2852	2853	1.1118
2853	2854	1.0722
2854	2855	1.1132
2855	2856	1.1352
2856	2857	1.1111
2857	2858	1.0854
2858	2859	1.0542
2859	2860	1.0796
2860	2861	1.0836
2861	2862	1.1231
2862	2863	1.0715
2863	2864	1.0409
2864	2865	1.0734
2865	2866	1.0864
2866	2867	1.0515
2867	2868	1.0054
2868	2869	1.0305
2869	2870	1.0483
2870	2871	1.0747
2871	2872	1.0961
2872	2873	1.0910
2873	2874	1.0791
2874	2875	1.1105
2875	2876	1.1490
2876	2877	1.0785
2877	2878	1.0451
2878	2879	1.0694
2879	2880	1.0768
2880	2881	1.1208
2881	2882	1.0825
2882	2883	1.0940
2883	2884	1.0906
2884	2885	1.0921
2885	2886	1.0762
2886	2887	1.1060
2887	2888	1.0924
2888	2889	1.0834
2889	2890	1.0740
2890	2891	1.1112
2891	2892	1.1053
2892	2893	1.0431
2893	2894	1.0702
2894	2895	1.0851
2895	2896	1.0833
2896	2897	1.1117
2897	2898	1.1258
2898	2899	1.1320
2899	2900	1.1008
2900	2901	1.0649
2901	2902	1.0646
2902	2903	1.0753
2903	2904	1.0799
2904	2905	1.0501
2905	2906	1.0989
2906	2907	1.1291
2907	2908	1.1198
2908	2909	1.1087
2909	2910	1.0805
2910	2911	1.1348
2911	2912	1.1358
2912	2913	1.1237
2913	2914	1.1259
2914	2915	1.1475
2915	2916	1.1410
2916	2917	1.1337
2917	2918	1.1642
2918	2919	1.1688
2919	2920	1.1617
2920	2921	1.1763
2921	2922	1.1940
2922	2923	1.2014
2923	2924	1.1621
2924	2925	1.1768
2925	2926	1.1295
2926	2927	1.1364
2927	2928	1.1173
2928	2929	1.1323
2929	2930	1.1403
2930	2931	1.1236
2931	2932	1.1204
2932	2933	1.1281
2933	2934	1.1634
2934	2935	1.1417
2935	2936	1.1631
2936	2937	1.1548
2937	2938	1.1409
2938	2939	1.1361
2939	2940	1.1249
2940	2941	1.1881
2941	2942	1.1649
2942	2943	1.2299
2943	2944	1.2134
2944	2945	1.2031
2945	2946	1.2082
2946	2947	1.1722
2947	2948	1.2008
2948	2949	1.1777
2949	2950	1.1936
2950	2951	1.1743
2951	2952	1.2189
2952	2953	1.1606
2953	2954	1.1620
2954	2955	1.1731
2955	2956	1.1992
2956	2957	1.2235
2957	2958	1.2134
2958	2959	1.2169
2959	2960	1.2016
2960	2961	1.1945
2961	2962	1.1979
2962	2963	1.1940
2963	2964	1.2115
2964	2965	1.2080
2965	2966	1.1608
2966	2967	1.1893
2967	2968	1.2106
2968	2969	1.2529
2969	2970	1.3093
2970	2971	1.2488
2971	2972	1.2453
2972	2973	1.2235
2973	2974	1.2416
2974	2975	1.2670
2975	2976	1.2386
2976	2977	1.3093
2977	2978	1.2995
2978	2979	1.2913
2979	2980	1.2886
2980	2981	1.2336
2981	2982	1.2653
2982	2983	1.2729
2983	2984	1.2789
2984	2985	1.2791
2985	2986	1.3113
2986	2987	1.2735
2987	2988	1.2850
2988	2989	1.2607
2989	2990	1.2556
2990	2991	1.2277
2991	2992	1.2615
2992	2993	1.2385
2993	2994	1.2705
2994	2995	1.2953
2995	2996	1.2835
2996	2997	1.2777
2997	2998	1.3150
2998	2999	1.3321
2999	3000	1.3132
3000	3001	1.2677
3001	3002	1.2945
3002	3003	1.3363
3003	3004	1.3758
3004	3005	1.3215
3005	3006	1.3049
3006	3007	1.2796
3007	3008	1.2813
3008	3009	1.2647
3009	3010	1.2824
3010	3011	1.3065
3011	3012	1.2640
3012	3013	1.2550
3013	3014	1.1931
3014	3015	1.2392
3015	3016	1.1869
3016	3017	1.2013
3017	3018	1.1553
3018	3019	1.2190
3019	3020	1.2074
3020	3021	1.2633
3021	3022	1.2707
3022	3023	1.2281
3023	3024	1.2510
3024	3025	1.2880
3025	3026	1.3518
3026	3027	1.3201
3027	3028	1.3211
3028	3029	1.3045
3029	3030	1.3039
3030	3031	1.3116
3031	3032	1.3074
3032	3033	1.3267
3033	3034	1.3348
3034	3035	1.3434
3035	3036	1.3390
3036	3037	1.3135
3037	3038	1.2879
3038	3039	1.2648
3039	3040	1.2814
3040	3041	1.2975
3041	3042	1.3232
3042	3043	1.3418
3043	3044	1.3330
3044	3045	1.3193
3045	3046	1.2652
3046	3047	1.2893
3047	3048	1.2891
3048	3049	1.2960
3049	3050	1.3490
3050	3051	1.3068
3051	3052	1.2865
3052	3053	1.3104
3053	3054	1.2865
3054	3055	1.3146
3055	3056	1.3599
3056	3057	1.3248
3057	3058	1.3207
3058	3059	1.3398
3059	3060	1.3431
3060	3061	1.3417
3061	3062	1.3446
3062	3063	1.3058
3063	3064	1.3086
3064	3065	1.3221
3065	3066	1.2798
3066	3067	1.3068
3067	3068	1.2420
3068	3069	1.2832
3069	3070	1.2723
3070	3071	1.2263
3071	3072	1.2459
3072	3073	1.2570
3073	3074	1.2564
3074	3075	1.2587
3075	3076	1.2546
3076	3077	1.2094
3077	3078	1.2245
3078	3079	1.2548
3079	3080	1.2522
3080	3081	1.2557
3081	3082	1.2760
3082	3083	1.2665
3083	3084	1.2514
3084	3085	1.2497
3085	3086	1.2709
3086	3087	1.2599
3087	3088	1.2338
3088	3089	1.2874
3089	3090	1.2354
3090	3091	1.2301
3091	3092	1.1970
3092	3093	1.2086
3093	3094	1.2494
3094	3095	1.2661
3095	3096	1.2734
3096	3097	1.2346
3097	3098	1.2617
3098	3099	1.2919
3099	3100	1.2736
3100	3101	1.2857
3101	3102	1.2753
3102	3103	1.3053
3103	3104	1.3250
3104	3105	1.3543
3105	3106	1.3282
3106	3107	1.3154
3107	3108	1.3071
3108	3109	1.2922
3109	3110	1.2948
3110	3111	1.3190
3111	3112	1.3082
3112	3113	1.2890
3113	3114	1.2589
3114	3115	1.2562
3115	3116	1.2412
3116	3117	1.2272
3117	3118	1.2239
3118	3119	1.2203
3119	3120	1.2661
3120	3121	1.2605
3121	3122	1.2401
3122	3123	1.2615
3123	3124	1.2818
3124	3125	1.2561
3125	3126	1.2492
3126	3127	1.2397
3127	3128	1.2399
3128	3129	1.1969
3129	3130	1.2109
3130	3131	1.2046
3131	3132	1.2212
3132	3133	1.2916
3133	3134	1.2888
3134	3135	1.2860
3135	3136	1.2904
3136	3137	1.2819
3137	3138	1.2551
3138	3139	1.2809
3139	3140	1.2617
3140	3141	1.2530
3141	3142	1.2244
3142	3143	1.2296
3143	3144	1.2435
3144	3145	1.2374
3145	3146	1.2246
3146	3147	1.2102
3147	3148	1.2015
3148	3149	1.2121
3149	3150	1.1934
3150	3151	1.2266
3151	3152	1.2581
3152	3153	1.2594
3153	3154	1.2269
3154	3155	1.2183
3155	3156	1.2042
3156	3157	1.2462
3157	3158	1.2454
3158	3159	1.2348
3159	3160	1.2541
3160	3161	1.2205
3161	3162	1.2196
3162	3163	1.1967
3163	3164	1.2058
3164	3165	1.2133
3165	3166	1.2003
3166	3167	1.1966
3167	3168	1.2176
3168	3169	1.2052
3169	3170	1.2366
3170	3171	1.2504
3171	3172	1.2675
3172	3173	1.2285
3173	3174	1.2172
3174	3175	1.2656
3175	3176	1.2674
3176	3177	1.2518
3177	3178	1.2718
3178	3179	1.2835
3179	3180	1.2911
3180	3181	1.2578
3181	3182	1.2417
3182	3183	1.2525
3183	3184	1.2383
3184	3185	1.1953
3185	3186	1.1625
3186	3187	1.1928
3187	3188	1.1693
3188	3189	1.1517
3189	3190	1.1870
3190	3191	1.2015
3191	3192	1.2028
3192	3193	1.1801
3193	3194	1.1775
3194	3195	1.1811
3195	3196	1.1966
3196	3197	1.1797
3197	3198	1.1678
3198	3199	1.2116
3199	3200	1.2032
3200	3201	1.2014
3201	3202	1.1971
3202	3203	1.2090
3203	3204	1.2087
3204	3205	1.2334
3205	3206	1.1781
3206	3207	1.2105
3207	3208	1.2328
3208	3209	1.2417
3209	3210	1.2302
3210	3211	1.2178
3211	3212	1.1878
3212	3213	1.1712
3213	3214	1.1451
3214	3215	1.1844
3215	3216	1.1458
3216	3217	1.1219
3217	3218	1.1276
3218	3219	1.1538
3219	3220	1.1752
3220	3221	1.1579
3221	3222	1.1425
3222	3223	1.1874
3223	3224	1.2010
3224	3225	1.2384
3225	3226	1.2203
3226	3227	1.2455
3227	3228	1.2475
3228	3229	1.2635
3229	3230	1.2525
3230	3231	1.2993
3231	3232	1.2718
3232	3233	1.2877
3233	3234	1.2693
3234	3235	1.2682
3235	3236	1.2360
3236	3237	1.2528
3237	3238	1.2367
3238	3239	1.2618
3239	3240	1.2170
3240	3241	1.2223
3241	3242	1.2189
3242	3243	1.2017
3243	3244	1.2095
3244	3245	1.2018
3245	3246	1.2644
3246	3247	1.2693
3247	3248	1.1981
3248	3249	1.1694
3249	3250	1.1572
3250	3251	1.1853
3251	3252	1.2101
3252	3253	1.2284
3253	3254	1.2096
3254	3255	1.2360
3255	3256	1.2509
3256	3257	1.2650
3257	3258	1.2915
3258	3259	1.2739
3259	3260	1.2733
3260	3261	1.2471
3261	3262	1.2179
3262	3263	1.2513
3263	3264	1.2072
3264	3265	1.2491
3265	3266	1.2138
3266	3267	1.2404
3267	3268	1.2481
3268	3269	1.2567
3269	3270	1.2281
3270	3271	1.2615
3271	3272	1.2456
3272	3273	1.2306
3273	3274	1.2211
3274	3275	1.2431
3275	3276	1.2547
3276	3277	1.2250
3277	3278	1.1899
3278	3279	1.1567
3279	3280	1.1520
3280	3281	1.1597
3281	3282	1.2096
3282	3283	1.1625
3283	3284	1.2240
3284	3285	1.2822
3285	3286	1.2773
3286	3287	1.2584
3287	3288	1.2945
3288	3289	1.2740
3289	3290	1.3250
3290	3291	1.3311
3291	3292	1.3181
3292	3293	1.3184
3293	3294	1.2909
3294	3295	1.2930
3295	3296	1.2244
3296	3297	1.2608
3297	3298	1.2694
3298	3299	1.2597
3299	3300	1.2459
3300	3301	1.2575
3301	3302	1.2363
3302	3303	1.2233
3303	3304	1.2344
3304	3305	1.2459
3305	3306	1.2415
3306	3307	1.2269
3307	3308	1.2585
3308	3309	1.2731
3309	3310	1.2637
3310	3311	1.2510
3311	3312	1.2964
3312	3313	1.2674
3313	3314	1.2112
3314	3315	1.2118
3315	3316	1.2447
3316	3317	1.2692
3317	3318	1.2749
3318	3319	1.2483
3319	3320	1.2643
3320	3321	1.2236
3321	3322	1.2946
3322	3323	1.3100
3323	3324	1.3030
3324	3325	1.3017
3325	3326	1.3195
3326	3327	1.2626
3327	3328	1.3004
3328	3329	1.2733
3329	3330	1.2649
3330	3331	1.2619
3331	3332	1.2832
3332	3333	1.2993
3333	3334	1.2492
3334	3335	1.2371
3335	3336	1.2307
3336	3337	1.2253
3337	3338	1.2536
3338	3339	1.3017
3339	3340	1.3078
3340	3341	1.3084
3341	3342	1.2550
3342	3343	1.2509
3343	3344	1.2899
3344	3345	1.2421
3345	3346	1.2120
3346	3347	1.1763
3347	3348	1.1750
3348	3349	1.1804
3349	3350	1.2309
3350	3351	1.2169
3351	3352	1.2432
3352	3353	1.2516
3353	3354	1.2116
3354	3355	1.2107
3355	3356	1.1926
3356	3357	1.2275
3357	3358	1.2297
3358	3359	1.2598
3359	3360	1.2703
3360	3361	1.2530
3361	3362	1.2355
3362	3363	1.2240
3363	3364	1.2080
3364	3365	1.2221
3365	3366	1.2389
3366	3367	1.2543
3367	3368	1.2531
3368	3369	1.2052
3369	3370	1.2165
3370	3371	1.2122
3371	3372	1.2393
3372	3373	1.2211
3373	3374	1.2212
3374	3375	1.1959
3375	3376	1.1779
3376	3377	1.1769
3377	3378	1.1758
3378	3379	1.1905
3379	3380	1.1882
3380	3381	1.1940
3381	3382	1.1911
3382	3383	1.1676
3383	3384	1.2096
3384	3385	1.1754
3385	3386	1.1935
3386	3387	1.2152
3387	3388	1.1825
3388	3389	1.1787
3389	3390	1.1871
3390	3391	1.2246
3391	3392	1.2354
3392	3393	1.2204
3393	3394	1.2070
3394	3395	1.1866
3395	3396	1.2144
3396	3397	1.2379
3397	3398	1.2174
3398	3399	1.2438
3399	3400	1.2245
3400	3401	1.1955
3401	3402	1.1704
3402	3403	1.1987
3403	3404	1.2008
3404	3405	1.2059
3405	3406	1.2148
3406	3407	1.2024
3407	3408	1.1972
3408	3409	1.1701
3409	3410	1.1573
3410	3411	1.1658
3411	3412	1.1531
3412	3413	1.2007
3413	3414	1.2315
3414	3415	1.2148
3415	3416	1.1783
3416	3417	1.2130
3417	3418	1.2078
3418	3419	1.2095
3419	3420	1.1969
3420	3421	1.2134
3421	3422	1.1858
3422	3423	1.2025
3423	3424	1.2085
3424	3425	1.2672
3425	3426	1.2725
3426	3427	1.2537
3427	3428	1.2385
3428	3429	1.2352
3429	3430	1.2530
3430	3431	1.2235
3431	3432	1.2174
3432	3433	1.2365
3433	3434	1.2242
3434	3435	1.1738
3435	3436	1.1806
3436	3437	1.1665
3437	3438	1.1832
3438	3439	1.1538
3439	3440	1.1657
3440	3441	1.1675
3441	3442	1.1740
3442	3443	1.1583
3443	3444	1.2200
3444	3445	1.1863
3445	3446	1.1858
3446	3447	1.1585
3447	3448	1.1718
3448	3449	1.2134
3449	3450	1.1896
3450	3451	1.1681
3451	3452	1.1918
3452	3453	1.2161
3453	3454	1.2193
3454	3455	1.2231
3455	3456	1.1926
3456	3457	1.2012
3457	3458	1.1555
3458	3459	1.2066
3459	3460	1.2250
3460	3461	1.2820
3461	3462	1.2655
3462	3463	1.2478
3463	3464	1.2933
3464	3465	1.2557
3465	3466	1.2627
3466	3467	1.2112
3467	3468	1.2024
3468	3469	1.2145
3469	3470	1.2435
3470	3471	1.2423
3471	3472	1.2737
3472	3473	1.2724
3473	3474	1.2788
3474	3475	1.2629
3475	3476	1.2734
3476	3477	1.2967
3477	3478	1.2902
3478	3479	1.2781
3479	3480	1.2811
3480	3481	1.2705
3481	3482	1.2790
3482	3483	1.3144
3483	3484	1.2672
3484	3485	1.2740
3485	3486	1.2699
3486	3487	1.2635
3487	3488	1.2432
3488	3489	1.2921
3489	3490	1.2739
3490	3491	1.2364
3491	3492	1.2548
3492	3493	1.2781
3493	3494	1.2822
3494	3495	1.3034
3495	3496	1.2493
3496	3497	1.2594
3497	3498	1.2542
3498	3499	1.2533
3499	3500	1.2832
3500	3501	1.3062
3501	3502	1.2557
3502	3503	1.2777
3503	3504	1.2788
3504	3505	1.2645
3505	3506	1.2648
3506	3507	1.3200
3507	3508	1.3004
3508	3509	1.2799
3509	3510	1.3313
3510	3511	1.3533
3511	3512	1.3692
3512	3513	1.3616
3513	3514	1.3403
3514	3515	1.3602
3515	3516	1.3839
3516	3517	1.3175
3517	3518	1.3453
3518	3519	1.3180
3519	3520	1.3141
3520	3521	1.3346
3521	3522	1.3044
3522	3523	1.3116
3523	3524	1.3144
3524	3525	1.3249
3525	3526	1.3372
3526	3527	1.3829
3527	3528	1.3694
3528	3529	1.3274
3529	3530	1.2851
3530	3531	1.2482
3531	3532	1.2593
3532	3533	1.2734
3533	3534	1.2265
3534	3535	1.2200
3535	3536	1.2635
3536	3537	1.2349
3537	3538	1.2062
3538	3539	1.2155
3539	3540	1.1994
3540	3541	1.2014
3541	3542	1.1900
3542	3543	1.1926
3543	3544	1.2607
3544	3545	1.2382
3545	3546	1.2478
3546	3547	1.2447
3547	3548	1.2525
3548	3549	1.2456
3549	3550	1.2784
3550	3551	1.1898
3551	3552	1.2322
3552	3553	1.2278
3553	3554	1.1789
3554	3555	1.2279
3555	3556	1.2184
3556	3557	1.2211
3557	3558	1.1802
3558	3559	1.2058
3559	3560	1.2119
3560	3561	1.2429
3561	3562	1.2465
3562	3563	1.2572
3563	3564	1.2573
3564	3565	1.2774
3565	3566	1.2392
3566	3567	1.2118
3567	3568	1.2179
3568	3569	1.2221
3569	3570	1.2162
3570	3571	1.2069
3571	3572	1.2105
3572	3573	1.2256
3573	3574	1.2700
3574	3575	1.2473
3575	3576	1.2680
3576	3577	1.2674
3577	3578	1.2961
3578	3579	1.3008
3579	3580	1.2953
3580	3581	1.2995
3581	3582	1.3292
3582	3583	1.3545
3583	3584	1.3697
3584	3585	1.4021
3585	3586	1.3768
3586	3587	1.3945
3587	3588	1.3927
3588	3589	1.3580
3589	3590	1.3687
3590	3591	1.3687
3591	3592	1.3734
3592	3593	1.4032
3593	3594	1.3981
3594	3595	1.3721
3595	3596	1.3719
3596	3597	1.3598
3597	3598	1.3573
3598	3599	1.3316
3599	3600	1.3696
3600	3601	1.3762
3601	3602	1.3756
3602	3603	1.4045
3603	3604	1.4031
3604	3605	1.3639
3605	3606	1.4330
3606	3607	1.3889
3607	3608	1.4302
3608	3609	1.4626
3609	3610	1.4453
3610	3611	1.4403
3611	3612	1.4450
3612	3613	1.4853
3613	3614	1.4553
3614	3615	1.4131
3615	3616	1.3943
3616	3617	1.4237
3617	3618	1.3736
3618	3619	1.4138
3619	3620	1.3951
3620	3621	1.3880
3621	3622	1.3981
3622	3623	1.4361
3623	3624	1.4237
3624	3625	1.4251
3625	3626	1.4225
3626	3627	1.4007
3627	3628	1.3902
3628	3629	1.4269
3629	3630	1.4029
3630	3631	1.4454
3631	3632	1.4223
3632	3633	1.4554
3633	3634	1.4766
3634	3635	1.4901
3635	3636	1.4664
3636	3637	1.4540
3637	3638	1.4398
3638	3639	1.4829
3639	3640	1.4827
3640	3641	1.4807
3641	3642	1.4675
3642	3643	1.4595
3643	3644	1.4682
3644	3645	1.4343
3645	3646	1.4517
3646	3647	1.4595
3647	3648	1.4367
3648	3649	1.4706
3649	3650	1.4500
3650	3651	1.4617
3651	3652	1.4463
3652	3653	1.4314
3653	3654	1.4145
3654	3655	1.4561
3655	3656	1.4431
3656	3657	1.4324
3657	3658	1.4270
3658	3659	1.4438
3659	3660	1.4733
3660	3661	1.4844
3661	3662	1.4453
3662	3663	1.4740
3663	3664	1.4689
3664	3665	1.4660
3665	3666	1.4716
3666	3667	1.5212
3667	3668	1.4752
3668	3669	1.5053
3669	3670	1.5078
3670	3671	1.5320
3671	3672	1.5248
3672	3673	1.5169
3673	3674	1.5106
3674	3675	1.4630
3675	3676	1.4323
3676	3677	1.4523
3677	3678	1.4962
3678	3679	1.4412
3679	3680	1.4681
3680	3681	1.4484
3681	3682	1.4475
3682	3683	1.4602
3683	3684	1.4545
3684	3685	1.4539
3685	3686	1.4965
3686	3687	1.5013
3687	3688	1.4935
3688	3689	1.4772
3689	3690	1.4730
3690	3691	1.4546
3691	3692	1.5072
3692	3693	1.4910
3693	3694	1.4948
3694	3695	1.4782
3695	3696	1.4689
3696	3697	1.5062
3697	3698	1.4899
3698	3699	1.4619
3699	3700	1.4468
3700	3701	1.4606
3701	3702	1.4523
3702	3703	1.4423
3703	3704	1.4901
3704	3705	1.4422
3705	3706	1.4057
3706	3707	1.3600
3707	3708	1.4179
3708	3709	1.3627
3709	3710	1.3944
3710	3711	1.3603
3711	3712	1.3827
3712	3713	1.4348
3713	3714	1.4731
3714	3715	1.4630
3715	3716	1.4309
3716	3717	1.4402
3717	3718	1.4227
3718	3719	1.4419
3719	3720	1.4281
3720	3721	1.4327
3721	3722	1.4714
3722	3723	1.4381
3723	3724	1.4680
3724	3725	1.4782
3725	3726	1.4724
3726	3727	1.4320
3727	3728	1.4135
3728	3729	1.4187
3729	3730	1.4501
3730	3731	1.4787
3731	3732	1.4623
3732	3733	1.5176
3733	3734	1.4806
3734	3735	1.4945
3735	3736	1.5091
3736	3737	1.5538
3737	3738	1.4975
3738	3739	1.4954
3739	3740	1.5061
3740	3741	1.4749
3741	3742	1.4895
3742	3743	1.4585
3743	3744	1.4554
3744	3745	1.4437
3745	3746	1.4675
3746	3747	1.4290
3747	3748	1.3861
3748	3749	1.3710
3749	3750	1.3761
3750	3751	1.3799
3751	3752	1.4332
3752	3753	1.4256
3753	3754	1.4273
3754	3755	1.3902
3755	3756	1.3934
3756	3757	1.3624
3757	3758	1.3946
3758	3759	1.3844
3759	3760	1.4378
3760	3761	1.4382
3761	3762	1.4369
3762	3763	1.4372
3763	3764	1.4473
3764	3765	1.4374
3765	3766	1.4515
3766	3767	1.4891
3767	3768	1.4349
3768	3769	1.4326
3769	3770	1.4144
3770	3771	1.3801
3771	3772	1.3806
3772	3773	1.3840
3773	3774	1.4065
3774	3775	1.3774
3775	3776	1.3650
3776	3777	1.3689
3777	3778	1.3908
3778	3779	1.4495
3779	3780	1.4058
3780	3781	1.3868
3781	3782	1.4353
3782	3783	1.4598
3783	3784	1.4533
3784	3785	1.4315
3785	3786	1.4372
3786	3787	1.4467
3787	3788	1.4555
3788	3789	1.4007
3789	3790	1.3736
3790	3791	1.4276
3791	3792	1.4374
3792	3793	1.4207
3793	3794	1.4344
3794	3795	1.4099
3795	3796	1.4629
3796	3797	1.4586
3797	3798	1.4550
3798	3799	1.4843
3799	3800	1.4248
3800	3801	1.4362
3801	3802	1.4670
3802	3803	1.4486
3803	3804	1.4493
3804	3805	1.4573
3805	3806	1.4744
3806	3807	1.5084
3807	3808	1.4950
3808	3809	1.4909
3809	3810	1.5326
3810	3811	1.4783
3811	3812	1.4596
3812	3813	1.4595
3813	3814	1.4533
3814	3815	1.4029
3815	3816	1.4219
3816	3817	1.4742
3817	3818	1.5292
3818	3819	1.5474
3819	3820	1.5097
3820	3821	1.4727
3821	3822	1.4847
3822	3823	1.4785
3823	3824	1.4641
3824	3825	1.4574
3825	3826	1.4915
3826	3827	1.4831
3827	3828	1.4596
3828	3829	1.4754
3829	3830	1.4619
3830	3831	1.4695
3831	3832	1.5194
3832	3833	1.5240
3833	3834	1.4790
3834	3835	1.4350
3835	3836	1.4768
3836	3837	1.4557
3837	3838	1.4460
3838	3839	1.4234
3839	3840	1.4088
3840	3841	1.4393
3841	3842	1.4266
3842	3843	1.3812
3843	3844	1.3938
3844	3845	1.4165
3845	3846	1.3548
3846	3847	1.3789
3847	3848	1.3883
3848	3849	1.3685
3849	3850	1.3865
3850	3851	1.3822
3851	3852	1.3881
3852	3853	1.4130
3853	3854	1.3944
3854	3855	1.3862
3855	3856	1.4186
3856	3857	1.4394
3857	3858	1.4426
3858	3859	1.3839
3859	3860	1.3969
3860	3861	1.3841
3861	3862	1.3403
3862	3863	1.3690
3863	3864	1.3672
3864	3865	1.3603
3865	3866	1.3597
3866	3867	1.3987
3867	3868	1.4193
3868	3869	1.3796
3869	3870	1.3949
3870	3871	1.4091
3871	3872	1.4900
3872	3873	1.4975
3873	3874	1.4769
3874	3875	1.4608
3875	3876	1.4540
3876	3877	1.4616
3877	3878	1.4622
3878	3879	1.4266
3879	3880	1.4387
3880	3881	1.4542
3881	3882	1.4930
3882	3883	1.4436
3883	3884	1.4727
3884	3885	1.5314
3885	3886	1.4933
3886	3887	1.4639
3887	3888	1.4317
3888	3889	1.4338
3889	3890	1.4839
3890	3891	1.5149
3891	3892	1.5300
3892	3893	1.4711
3893	3894	1.4985
3894	3895	1.4892
3895	3896	1.4980
3896	3897	1.5295
3897	3898	1.5106
3898	3899	1.4883
3899	3900	1.4574
3900	3901	1.4857
3901	3902	1.4796
3902	3903	1.4012
3903	3904	1.4281
3904	3905	1.4451
3905	3906	1.4341
3906	3907	1.4435
3907	3908	1.4118
3908	3909	1.4188
3909	3910	1.3737
3910	3911	1.4243
3911	3912	1.4421
3912	3913	1.4420
3913	3914	1.4180
3914	3915	1.3792
3915	3916	1.4100
3916	3917	1.4608
3917	3918	1.4695
3918	3919	1.4535
3919	3920	1.4566
3920	3921	1.4394
3921	3922	1.4087
3922	3923	1.4512
3923	3924	1.4280
3924	3925	1.4329
3925	3926	1.4529
3926	3927	1.4637
3927	3928	1.4425
3928	3929	1.4448
3929	3930	1.4666
3930	3931	1.5164
3931	3932	1.5269
3932	3933	1.4817
3933	3934	1.4665
3934	3935	1.4564
3935	3936	1.4406
3936	3937	1.4081
3937	3938	1.4044
3938	3939	1.4810
3939	3940	1.4470
3940	3941	1.4752
3941	3942	1.4877
3942	3943	1.4807
3943	3944	1.5022
3944	3945	1.4645
3945	3946	1.4968
3946	3947	1.4443
3947	3948	1.4438
3948	3949	1.4109
3949	3950	1.4035
3950	3951	1.4213
3951	3952	1.3859
3952	3953	1.4416
3953	3954	1.4200
3954	3955	1.4334
3955	3956	1.4557
3956	3957	1.4526
3957	3958	1.4038
3958	3959	1.4251
3959	3960	1.4115
3960	3961	1.4375
3961	3962	1.4216
3962	3963	1.4305
3963	3964	1.4373
3964	3965	1.4537
3965	3966	1.4747
3966	3967	1.4460
3967	3968	1.4724
3968	3969	1.4363
3969	3970	1.4314
3970	3971	1.4004
3971	3972	1.4240
3972	3973	1.4716
3973	3974	1.4660
3974	3975	1.4747
3975	3976	1.4464
3976	3977	1.4665
3977	3978	1.4415
3978	3979	1.4466
3979	3980	1.4577
3980	3981	1.5098
3981	3982	1.4488
3982	3983	1.4589
3983	3984	1.4665
3984	3985	1.5026
3985	3986	1.4919
3986	3987	1.5084
3987	3988	1.4880
3988	3989	1.4765
3989	3990	1.5086
3990	3991	1.5133
3991	3992	1.5155
3992	3993	1.5055
3993	3994	1.5185
3994	3995	1.5206
3995	3996	1.5028
3996	3997	1.4920
3997	3998	1.5529
3998	3999	1.5636
3999	4000	1.5060
4000	4001	1.5427
4001	4002	1.5201
4002	4003	1.5522
4003	4004	1.5785
4004	4005	1.5716
4005	4006	1.5794
4006	4007	1.5702
4007	4008	1.5763
4008	4009	1.5952
4009	4010	1.5788
4010	4011	1.5097
4011	4012	1.4884
4012	4013	1.4955
4013	4014	1.4590
4014	4015	1.4909
4015	4016	1.4623
4016	4017	1.4860
4017	4018	1.4589
4018	4019	1.4902
4019	4020	1.4664
4020	4021	1.4655
4021	4022	1.5017
4022	4023	1.4686
4023	4024	1.4810
4024	4025	1.4644
4025	4026	1.4693
4026	4027	1.4342
4027	4028	1.4621
4028	4029	1.4563
4029	4030	1.4863
4030	4031	1.4402
4031	4032	1.4346
4032	4033	1.4123
4033	4034	1.4184
4034	4035	1.4692
4035	4036	1.4468
4036	4037	1.4041
4037	4038	1.4663
4038	4039	1.4649
4039	4040	1.4948
4040	4041	1.4395
4041	4042	1.4818
4042	4043	1.4644
4043	4044	1.4747
4044	4045	1.4707
4045	4046	1.4647
4046	4047	1.5187
4047	4048	1.5472
4048	4049	1.5458
4049	4050	1.4993
4050	4051	1.5224
4051	4052	1.4858
4052	4053	1.4746
4053	4054	1.4929
4054	4055	1.4544
4055	4056	1.4686
4056	4057	1.4619
4057	4058	1.4725
4058	4059	1.4848
4059	4060	1.5118
4060	4061	1.4943
4061	4062	1.4787
4062	4063	1.4667
4063	4064	1.4539
4064	4065	1.4309
4065	4066	1.4602
4066	4067	1.4340
4067	4068	1.4366
4068	4069	1.4000
4069	4070	1.4354
4070	4071	1.4145
4071	4072	1.4020
4072	4073	1.4260
4073	4074	1.3907
4074	4075	1.3706
4075	4076	1.3967
4076	4077	1.4480
4077	4078	1.4401
4078	4079	1.4902
4079	4080	1.3975
4080	4081	1.4298
4081	4082	1.4541
4082	4083	1.4376
4083	4084	1.4580
4084	4085	1.4144
4085	4086	1.3820
4086	4087	1.3990
4087	4088	1.3769
4088	4089	1.4201
4089	4090	1.4147
4090	4091	1.3923
4091	4092	1.3468
4092	4093	1.3646
4093	4094	1.4194
4094	4095	1.4031
4095	4096	1.4062
4096	4097	1.4171
4097	4098	1.4203
4098	4099	1.4535
4099	4100	1.4760
4100	4101	1.4855
4101	4102	1.4184
4102	4103	1.4875
4103	4104	1.4530
4104	4105	1.4073
4105	4106	1.4037
4106	4107	1.4076
4107	4108	1.4091
4108	4109	1.4281
4109	4110	1.4399
4110	4111	1.4433
4111	4112	1.4122
4112	4113	1.4031
4113	4114	1.3820
4114	4115	1.3997
4115	4116	1.4197
4116	4117	1.3998
4117	4118	1.4027
4118	4119	1.4076
4119	4120	1.4806
4120	4121	1.4677
4121	4122	1.4863
4122	4123	1.5067
4123	4124	1.5153
4124	4125	1.5425
4125	4126	1.5120
4126	4127	1.5060
4127	4128	1.4842
4128	4129	1.4858
4129	4130	1.4950
4130	4131	1.4923
4131	4132	1.4854
4132	4133	1.4270
4133	4134	1.4131
4134	4135	1.4520
4135	4136	1.4243
4136	4137	1.4491
4137	4138	1.4727
4138	4139	1.4342
4139	4140	1.4505
4140	4141	1.4357
4141	4142	1.4310
4142	4143	1.4568
4143	4144	1.4283
4144	4145	1.4177
4145	4146	1.4051
4146	4147	1.3824
4147	4148	1.3687
4148	4149	1.3921
4149	4150	1.4166
4150	4151	1.4538
4151	4152	1.4763
4152	4153	1.4217
4153	4154	1.3733
4154	4155	1.4121
4155	4156	1.4107
4156	4157	1.4210
4157	4158	1.4195
4158	4159	1.4206
4159	4160	1.4541
4160	4161	1.4469
4161	4162	1.4514
4162	4163	1.5020
4163	4164	1.5037
4164	4165	1.5054
4165	4166	1.4865
4166	4167	1.4831
4167	4168	1.5322
4168	4169	1.4988
4169	4170	1.5302
4170	4171	1.5122
4171	4172	1.5342
4172	4173	1.5503
4173	4174	1.5881
4174	4175	1.5595
4175	4176	1.5566
4176	4177	1.5697
4177	4178	1.5362
4178	4179	1.5419
4179	4180	1.5001
4180	4181	1.5015
4181	4182	1.4985
4182	4183	1.5558
4183	4184	1.5524
4184	4185	1.5238
4185	4186	1.5221
4186	4187	1.4966
4187	4188	1.4382
4188	4189	1.4653
4189	4190	1.4528
4190	4191	1.4622
4191	4192	1.4659
4192	4193	1.4412
4193	4194	1.4434
4194	4195	1.4702
4195	4196	1.4232
4196	4197	1.4203
4197	4198	1.4251
4198	4199	1.4073
4199	4200	1.4431
4200	4201	1.4237
4201	4202	1.4221
4202	4203	1.4358
4203	4204	1.4025
4204	4205	1.3934
4205	4206	1.4372
4206	4207	1.4130
4207	4208	1.4096
4208	4209	1.3882
4209	4210	1.4223
4210	4211	1.4308
4211	4212	1.4478
4212	4213	1.4664
4213	4214	1.4840
4214	4215	1.4898
4215	4216	1.4548
4216	4217	1.4151
4217	4218	1.4297
4218	4219	1.4353
4219	4220	1.4189
4220	4221	1.4541
4221	4222	1.4565
4222	4223	1.4976
4223	4224	1.4807
4224	4225	1.4506
4225	4226	1.5012
4226	4227	1.5326
4227	4228	1.5235
4228	4229	1.5304
4229	4230	1.5565
4230	4231	1.5641
4231	4232	1.5588
4232	4233	1.5559
4233	4234	1.5686
4234	4235	1.5615
4235	4236	1.5397
4236	4237	1.5392
4237	4238	1.5125
4238	4239	1.5027
4239	4240	1.4971
4240	4241	1.5050
4241	4242	1.4817
4242	4243	1.4553
4243	4244	1.5045
4244	4245	1.5015
4245	4246	1.4823
4246	4247	1.5136
4247	4248	1.5213
4248	4249	1.5077
4249	4250	1.5241
4250	4251	1.5382
4251	4252	1.5396
4252	4253	1.4993
4253	4254	1.5150
4254	4255	1.5421
4255	4256	1.5382
4256	4257	1.5347
4257	4258	1.5784
4258	4259	1.5138
4259	4260	1.5262
4260	4261	1.4614
4261	4262	1.4702
4262	4263	1.4877
4263	4264	1.4768
4264	4265	1.4173
4265	4266	1.4800
4266	4267	1.4677
4267	4268	1.4633
4268	4269	1.4475
4269	4270	1.4293
4270	4271	1.3789
4271	4272	1.3848
4272	4273	1.4135
4273	4274	1.4013
4274	4275	1.4234
4275	4276	1.4035
4276	4277	1.4163
4277	4278	1.4308
4278	4279	1.4112
4279	4280	1.3784
4280	4281	1.3939
4281	4282	1.4167
4282	4283	1.4382
4283	4284	1.4245
4284	4285	1.4229
4285	4286	1.4101
4286	4287	1.3996
4287	4288	1.4505
4288	4289	1.4978
4289	4290	1.5143
4290	4291	1.4992
4291	4292	1.4565
4292	4293	1.4792
4293	4294	1.4826
4294	4295	1.4678
4295	4296	1.4789
4296	4297	1.4755
4297	4298	1.4280
4298	4299	1.4382
4299	4300	1.4337
4300	4301	1.4416
4301	4302	1.4320
4302	4303	1.4108
4303	4304	1.4331
4304	4305	1.4319
4305	4306	1.4214
4306	4307	1.4541
4307	4308	1.4413
4308	4309	1.4667
4309	4310	1.4434
4310	4311	1.4588
4311	4312	1.4719
4312	4313	1.4998
4313	4314	1.4610
4314	4315	1.4461
4315	4316	1.4348
4316	4317	1.4290
4317	4318	1.4633
4318	4319	1.4675
4319	4320	1.4444
4320	4321	1.4206
4321	4322	1.3947
4322	4323	1.3963
4323	4324	1.3989
4324	4325	1.4098
4325	4326	1.3819
4326	4327	1.3405
4327	4328	1.3882
4328	4329	1.3800
4329	4330	1.3894
4330	4331	1.3893
4331	4332	1.3621
4332	4333	1.3865
4333	4334	1.4186
4334	4335	1.4035
4335	4336	1.4325
4336	4337	1.4599
4337	4338	1.4801
4338	4339	1.4496
4339	4340	1.4022
4340	4341	1.4001
4341	4342	1.3837
4342	4343	1.4163
4343	4344	1.3871
4344	4345	1.3845
4345	4346	1.3667
4346	4347	1.4131
4347	4348	1.4004
4348	4349	1.4563
4349	4350	1.4354
4350	4351	1.4199
4351	4352	1.4139
4352	4353	1.4143
4353	4354	1.4101
4354	4355	1.4208
4355	4356	1.4596
4356	4357	1.4468
4357	4358	1.4421
4358	4359	1.4294
4359	4360	1.4662
4360	4361	1.4790
4361	4362	1.4190
4362	4363	1.4181
4363	4364	1.3852
4364	4365	1.4207
4365	4366	1.4574
4366	4367	1.3987
4367	4368	1.3865
4368	4369	1.4452
4369	4370	1.4423
4370	4371	1.4323
4371	4372	1.4003
4372	4373	1.4490
4373	4374	1.4248
4374	4375	1.4472
4375	4376	1.4500
4376	4377	1.4035
4377	4378	1.4202
4378	4379	1.4312
4379	4380	1.4057
4380	4381	1.4247
4381	4382	1.4107
4382	4383	1.3826
4383	4384	1.3772
4384	4385	1.4230
4385	4386	1.4404
4386	4387	1.4238
4387	4388	1.4164
4388	4389	1.4592
4389	4390	1.4813
4390	4391	1.4215
4391	4392	1.4217
4392	4393	1.4277
4393	4394	1.4067
4394	4395	1.3680
4395	4396	1.3719
4396	4397	1.3754
4397	4398	1.4255
4398	4399	1.4234
4399	4400	1.3610
4400	4401	1.3822
4401	4402	1.3880
4402	4403	1.3646
4403	4404	1.3553
4404	4405	1.3453
4405	4406	1.3678
4406	4407	1.3458
4407	4408	1.3443
4408	4409	1.3626
4409	4410	1.4289
4410	4411	1.3987
4411	4412	1.3604
4412	4413	1.3922
4413	4414	1.3524
4414	4415	1.3506
4415	4416	1.3848
4416	4417	1.3471
4417	4418	1.3615
4418	4419	1.3698
4419	4420	1.3453
4420	4421	1.3574
4421	4422	1.3675
4422	4423	1.3589
4423	4424	1.3682
4424	4425	1.3221
4425	4426	1.3595
4426	4427	1.2893
4427	4428	1.2344
4428	4429	1.2950
4429	4430	1.3036
4430	4431	1.2421
4431	4432	1.2342
4432	4433	1.2376
4433	4434	1.2778
4434	4435	1.3058
4435	4436	1.2926
4436	4437	1.2772
4437	4438	1.2635
4438	4439	1.2945
4439	4440	1.3222
4440	4441	1.3006
4441	4442	1.2858
4442	4443	1.2699
4443	4444	1.2960
4444	4445	1.2666
4445	4446	1.2237
4446	4447	1.2345
4447	4448	1.2510
4448	4449	1.2545
4449	4450	1.2565
4450	4451	1.2538
4451	4452	1.2483
4452	4453	1.2717
4453	4454	1.2845
4454	4455	1.2581
4455	4456	1.2683
4456	4457	1.2685
4457	4458	1.2782
4458	4459	1.3014
4459	4460	1.3041
4460	4461	1.3217
4461	4462	1.3105
4462	4463	1.3422
4463	4464	1.3417
4464	4465	1.3097
4465	4466	1.2946
4466	4467	1.2881
4467	4468	1.2766
4468	4469	1.2770
4469	4470	1.2862
4470	4471	1.3254
4471	4472	1.3440
4472	4473	1.3675
4473	4474	1.3443
4474	4475	1.3538
4475	4476	1.3321
4476	4477	1.3130
4477	4478	1.2970
4478	4479	1.3027
4479	4480	1.2485
4480	4481	1.2576
4481	4482	1.2709
4482	4483	1.2398
4483	4484	1.2627
4484	4485	1.2699
4485	4486	1.2485
4486	4487	1.2682
4487	4488	1.2213
4488	4489	1.1969
4489	4490	1.2166
4490	4491	1.2663
4491	4492	1.2599
4492	4493	1.2559
4493	4494	1.2765
4494	4495	1.3135
4495	4496	1.2680
4496	4497	1.3349
4497	4498	1.2874
4498	4499	1.3300
4499	4500	1.3084
4500	4501	1.2893
4501	4502	1.2715
4502	4503	1.3027
4503	4504	1.2959
4504	4505	1.3016
4505	4506	1.2938
4506	4507	1.3238
4507	4508	1.3042
4508	4509	1.3022
4509	4510	1.2908
4510	4511	1.3109
4511	4512	1.2901
4512	4513	1.2894
4513	4514	1.2791
4514	4515	1.2314
4515	4516	1.2500
4516	4517	1.2621
4517	4518	1.2528
4518	4519	1.2360
4519	4520	1.2722
4520	4521	1.2390
4521	4522	1.2191
4522	4523	1.2461
4523	4524	1.2374
4524	4525	1.2594
4525	4526	1.2487
4526	4527	1.2248
4527	4528	1.2527
4528	4529	1.2392
4529	4530	1.2749
4530	4531	1.2481
4531	4532	1.2098
4532	4533	1.1887
4533	4534	1.2141
4534	4535	1.2051
4535	4536	1.2341
4536	4537	1.1845
4537	4538	1.1947
4538	4539	1.1986
4539	4540	1.1982
4540	4541	1.2173
4541	4542	1.2394
4542	4543	1.2772
4543	4544	1.2712
4544	4545	1.2519
4545	4546	1.2361
4546	4547	1.2232
4547	4548	1.2095
4548	4549	1.1823
4549	4550	1.1934
4550	4551	1.2343
4551	4552	1.2593
4552	4553	1.2511
4553	4554	1.2496
4554	4555	1.2262
4555	4556	1.1847
4556	4557	1.2186
4557	4558	1.1172
4558	4559	1.2114
4559	4560	1.1787
4560	4561	1.1826
4561	4562	1.1590
4562	4563	1.1493
4563	4564	1.1677
4564	4565	1.2256
4565	4566	1.1907
4566	4567	1.2479
4567	4568	1.2564
4568	4569	1.2425
4569	4570	1.2289
4570	4571	1.2389
4571	4572	1.1977
4572	4573	1.1950
4573	4574	1.1622
4574	4575	1.1820
4575	4576	1.1517
4576	4577	1.1449
4577	4578	1.1603
4578	4579	1.1634
4579	4580	1.1688
4580	4581	1.1831
4581	4582	1.2344
4582	4583	1.2443
4583	4584	1.2761
4584	4585	1.2815
4585	4586	1.2828
4586	4587	1.3330
4587	4588	1.3113
4588	4589	1.3375
4589	4590	1.3602
4590	4591	1.3677
4591	4592	1.3601
4592	4593	1.3456
4593	4594	1.3632
4594	4595	1.3811
4595	4596	1.3598
4596	4597	1.3662
4597	4598	1.3610
4598	4599	1.3741
4599	4600	1.3220
4600	4601	1.3667
4601	4602	1.3635
4602	4603	1.3778
4603	4604	1.3516
4604	4605	1.3770
4605	4606	1.3438
4606	4607	1.4055
4607	4608	1.3902
4608	4609	1.3983
4609	4610	1.3681
4610	4611	1.3254
4611	4612	1.2689
4612	4613	1.2611
4613	4614	1.2976
4614	4615	1.3233
4615	4616	1.3294
4616	4617	1.3466
4617	4618	1.3384
4618	4619	1.3542
4619	4620	1.3645
4620	4621	1.3390
4621	4622	1.3300
4622	4623	1.2807
4623	4624	1.2806
4624	4625	1.2748
4625	4626	1.2732
4626	4627	1.2968
4627	4628	1.2985
4628	4629	1.2973
4629	4630	1.3518
4630	4631	1.3701
4631	4632	1.3446
4632	4633	1.3147
4633	4634	1.2652
4634	4635	1.2392
4635	4636	1.2281
4636	4637	1.2622
4637	4638	1.2518
4638	4639	1.2238
4639	4640	1.1765
4640	4641	1.1772
4641	4642	1.2162
4642	4643	1.2050
4643	4644	1.3066
4644	4645	1.2620
4645	4646	1.2277
4646	4647	1.2456
4647	4648	1.2679
4648	4649	1.2621
4649	4650	1.2640
4650	4651	1.2583
4651	4652	1.2089
4652	4653	1.2236
4653	4654	1.2802
4654	4655	1.2381
4655	4656	1.2610
4656	4657	1.2987
4657	4658	1.2118
4658	4659	1.1935
4659	4660	1.1922
4660	4661	1.2064
4661	4662	1.1938
4662	4663	1.2065
4663	4664	1.1870
4664	4665	1.1616
4665	4666	1.1955
4666	4667	1.1749
4667	4668	1.1844
4668	4669	1.2040
4669	4670	1.2013
4670	4671	1.2151
4671	4672	1.2466
4672	4673	1.2330
4673	4674	1.2774
4674	4675	1.2444
4675	4676	1.2159
4676	4677	1.2690
4677	4678	1.2217
4678	4679	1.1846
4679	4680	1.1959
4680	4681	1.1660
4681	4682	1.1824
4682	4683	1.1809
4683	4684	1.1954
4684	4685	1.2018
4685	4686	1.2008
4686	4687	1.2333
4687	4688	1.2229
4688	4689	1.2362
4689	4690	1.2462
4690	4691	1.2768
4691	4692	1.2103
4692	4693	1.1913
4693	4694	1.2289
4694	4695	1.2187
4695	4696	1.2343
4696	4697	1.2601
4697	4698	1.2540
4698	4699	1.2485
4699	4700	1.2225
4700	4701	1.2375
4701	4702	1.2126
4702	4703	1.2355
4703	4704	1.2084
4704	4705	1.2181
4705	4706	1.2284
4706	4707	1.2228
4707	4708	1.2256
4708	4709	1.1917
4709	4710	1.2482
4710	4711	1.2068
4711	4712	1.2559
4712	4713	1.1983
4713	4714	1.2165
4714	4715	1.2132
4715	4716	1.2358
4716	4717	1.2525
4717	4718	1.2310
4718	4719	1.2316
4719	4720	1.2646
4720	4721	1.2246
4721	4722	1.1957
4722	4723	1.2061
4723	4724	1.2132
4724	4725	1.1929
4725	4726	1.1658
4726	4727	1.1900
4727	4728	1.1813
4728	4729	1.1423
4729	4730	1.1535
4730	4731	1.1579
4731	4732	1.1760
4732	4733	1.1424
4733	4734	1.1824
4734	4735	1.1722
4735	4736	1.2586
4736	4737	1.2490
4737	4738	1.2870
4738	4739	1.2529
4739	4740	1.2322
4740	4741	1.2273
4741	4742	1.2384
4742	4743	1.2581
4743	4744	1.2926
4744	4745	1.2749
4745	4746	1.2769
4746	4747	1.2850
4747	4748	1.2777
4748	4749	1.2222
4749	4750	1.2302
4750	4751	1.2551
4751	4752	1.2538
4752	4753	1.1925
4753	4754	1.2365
4754	4755	1.2290
4755	4756	1.2342
4756	4757	1.2484
4757	4758	1.2446
4758	4759	1.2009
4759	4760	1.2161
4760	4761	1.2201
4761	4762	1.2135
4762	4763	1.2313
4763	4764	1.2335
4764	4765	1.2129
4765	4766	1.2647
4766	4767	1.2601
4767	4768	1.2705
4768	4769	1.2572
4769	4770	1.2963
4770	4771	1.2875
4771	4772	1.3026
4772	4773	1.2876
4773	4774	1.2314
4774	4775	1.2135
4775	4776	1.2351
4776	4777	1.1914
4777	4778	1.2385
4778	4779	1.2318
4779	4780	1.2649
4780	4781	1.2442
4781	4782	1.2249
4782	4783	1.2282
4783	4784	1.2126
4784	4785	1.2135
4785	4786	1.1651
4786	4787	1.1631
4787	4788	1.1799
4788	4789	1.1706
4789	4790	1.1795
4790	4791	1.1521
4791	4792	1.1684
4792	4793	1.2320
4793	4794	1.2549
4794	4795	1.2222
4795	4796	1.2627
4796	4797	1.2553
4797	4798	1.2291
4798	4799	1.3035
4799	4800	1.3066
4800	4801	1.3261
4801	4802	1.2920
4802	4803	1.2699
4803	4804	1.2498
4804	4805	1.3202
4805	4806	1.3526
4806	4807	1.3201
4807	4808	1.2687
4808	4809	1.3015
4809	4810	1.2812
4810	4811	1.2926
4811	4812	1.3114
4812	4813	1.3142
4813	4814	1.2546
4814	4815	1.3113
4815	4816	1.3303
4816	4817	1.3479
4817	4818	1.3546
4818	4819	1.3197
4819	4820	1.3300
4820	4821	1.3487
4821	4822	1.3087
4822	4823	1.2998
4823	4824	1.3163
4824	4825	1.3130
4825	4826	1.3298
4826	4827	1.3220
4827	4828	1.3223
4828	4829	1.3307
4829	4830	1.3376
4830	4831	1.3369
4831	4832	1.3241
4832	4833	1.3154
4833	4834	1.3269
4834	4835	1.2750
4835	4836	1.2565
4836	4837	1.3067
4837	4838	1.2790
4838	4839	1.2435
4839	4840	1.2105
4840	4841	1.1822
4841	4842	1.1945
4842	4843	1.1670
4843	4844	1.1757
4844	4845	1.1780
4845	4846	1.1824
4846	4847	1.1887
4847	4848	1.1843
4848	4849	1.1703
4849	4850	1.1981
4850	4851	1.1922
4851	4852	1.1900
4852	4853	1.1968
4853	4854	1.1616
4854	4855	1.1861
4855	4856	1.1927
4856	4857	1.1649
4857	4858	1.1334
4858	4859	1.1663
4859	4860	1.2039
4860	4861	1.1983
4861	4862	1.2384
4862	4863	1.2423
4863	4864	1.2619
4864	4865	1.2685
4865	4866	1.3385
4866	4867	1.2750
4867	4868	1.3044
4868	4869	1.3132
4869	4870	1.2696
4870	4871	1.2349
4871	4872	1.2801
4872	4873	1.2790
4873	4874	1.2327
4874	4875	1.2657
4875	4876	1.2346
4876	4877	1.2243
4877	4878	1.2099
4878	4879	1.2129
4879	4880	1.1975
4880	4881	1.2005
4881	4882	1.2007
4882	4883	1.2361
4883	4884	1.2307
4884	4885	1.1930
4885	4886	1.1919
4886	4887	1.2807
4887	4888	1.2554
4888	4889	1.3018
4889	4890	1.2887
4890	4891	1.2159
4891	4892	1.2194
4892	4893	1.2116
4893	4894	1.2356
4894	4895	1.2203
4895	4896	1.1903
4896	4897	1.1982
4897	4898	1.1411
4898	4899	1.1176
4899	4900	1.1564
4900	4901	1.1286
4901	4902	1.1208
4902	4903	1.1407
4903	4904	1.1130
4904	4905	1.0971
4905	4906	1.1224
4906	4907	1.1576
4907	4908	1.1685
4908	4909	1.1787
4909	4910	1.1914
4910	4911	1.1998
4911	4912	1.1628
4912	4913	1.1696
4913	4914	1.2256
4914	4915	1.2411
4915	4916	1.2197
4916	4917	1.2424
4917	4918	1.1856
4918	4919	1.1894
4919	4920	1.1932
4920	4921	1.2062
4921	4922	1.1656
4922	4923	1.1290
4923	4924	1.1959
4924	4925	1.2009
4925	4926	1.2085
4926	4927	1.1968
4927	4928	1.1990
4928	4929	1.1910
4929	4930	1.2016
4930	4931	1.2025
4931	4932	1.2296
4932	4933	1.2491
4933	4934	1.2530
4934	4935	1.2051
4935	4936	1.2263
4936	4937	1.2489
4937	4938	1.2439
4938	4939	1.2595
4939	4940	1.2533
4940	4941	1.2675
4941	4942	1.2633
4942	4943	1.1913
4943	4944	1.2272
4944	4945	1.2465
4945	4946	1.2729
4946	4947	1.2627
4947	4948	1.2564
4948	4949	1.2418
4949	4950	1.2488
4950	4951	1.2661
4951	4952	1.2146
4952	4953	1.2260
4953	4954	1.2419
4954	4955	1.2752
4955	4956	1.2019
4956	4957	1.2206
4957	4958	1.2257
4958	4959	1.1777
4959	4960	1.1618
4960	4961	1.1332
4961	4962	1.1181
4962	4963	1.1345
4963	4964	1.1610
4964	4965	1.1939
4965	4966	1.1561
4966	4967	1.2036
4967	4968	1.1716
4968	4969	1.1332
4969	4970	1.1320
4970	4971	1.1452
4971	4972	1.1274
4972	4973	1.1603
4973	4974	1.1344
4974	4975	1.1794
4975	4976	1.2080
4976	4977	1.2363
4977	4978	1.2691
4978	4979	1.2347
4979	4980	1.2420
4980	4981	1.2123
4981	4982	1.2310
4982	4983	1.2131
4983	4984	1.1994
4984	4985	1.2092
4985	4986	1.2037
4986	4987	1.2138
4987	4988	1.2559
4988	4989	1.2608
4989	4990	1.2513
4990	4991	1.2040
4991	4992	1.2474
4992	4993	1.2401
4993	4994	1.2265
4994	4995	1.1738
4995	4996	1.2442
4996	4997	1.2389
4997	4998	1.2172
4998	4999	1.1975
4999	5000	1.2011
5000	5001	1.2064
5001	5002	1.1755
5002	5003	1.1829
5003	5004	1.1820
5004	5005	1.1891
5005	5006	1.2368
5006	5007	1.1715
5007	5008	1.1331
5008	5009	1.1722
5009	5010	1.1555
5010	5011	1.1365
5011	5012	1.1910
5012	5013	1.1046
5013	5014	1.1596
5014	5015	1.1729
5015	5016	1.1903
5016	5017	1.1777
5017	5018	1.1223
5018	5019	1.1841
5019	5020	1.1876
5020	5021	1.2067
5021	5022	1.2052
5022	5023	1.1835
5023	5024	1.2430
5024	5025	1.2147
5025	5026	1.1934
5026	5027	1.2290
5027	5028	1.2079
5028	5029	1.2307
5029	5030	1.1955
5030	5031	1.2102
5031	5032	1.2231
5032	5033	1.2258
5033	5034	1.2012
5034	5035	1.2421
5035	5036	1.1823
5036	5037	1.2250
5037	5038	1.2388
5038	5039	1.2289
5039	5040	1.2590
5040	5041	1.2713
5041	5042	1.2950
5042	5043	1.3078
5043	5044	1.3167
5044	5045	1.2947
5045	5046	1.3509
5046	5047	1.2939
5047	5048	1.2773
5048	5049	1.3233
5049	5050	1.3176
5050	5051	1.2978
5051	5052	1.2633
5052	5053	1.2495
5053	5054	1.2465
5054	5055	1.2723
5055	5056	1.3160
5056	5057	1.2976
5057	5058	1.3035
5058	5059	1.3121
5059	5060	1.2996
5060	5061	1.3626
5061	5062	1.3999
5062	5063	1.3947
5063	5064	1.3950
5064	5065	1.3692
5065	5066	1.3317
5066	5067	1.3382
5067	5068	1.3352
5068	5069	1.2978
5069	5070	1.3350
5070	5071	1.3524
5071	5072	1.3337
5072	5073	1.3032
5073	5074	1.3248
5074	5075	1.2827
5075	5076	1.3120
5076	5077	1.3151
5077	5078	1.2705
5078	5079	1.2848
5079	5080	1.2497
5080	5081	1.2740
5081	5082	1.2752
5082	5083	1.2542
5083	5084	1.2586
5084	5085	1.2712
5085	5086	1.2824
5086	5087	1.2908
5087	5088	1.2634
5088	5089	1.2576
5089	5090	1.2598
5090	5091	1.2213
5091	5092	1.2426
5092	5093	1.2978
5093	5094	1.2567
5094	5095	1.2293
5095	5096	1.2271
5096	5097	1.2173
5097	5098	1.2467
5098	5099	1.2186
5099	5100	1.2271
5100	5101	1.2711
5101	5102	1.2688
5102	5103	1.3161
5103	5104	1.2873
5104	5105	1.2857
5105	5106	1.3037
5106	5107	1.3596
5107	5108	1.3130
5108	5109	1.3244
5109	5110	1.3047
5110	5111	1.2888
5111	5112	1.2937
5112	5113	1.3160
5113	5114	1.2736
5114	5115	1.2952
5115	5116	1.2298
5116	5117	1.2131
5117	5118	1.2046
5118	5119	1.2254
5119	5120	1.2613
5120	5121	1.2594
5121	5122	1.2501
5122	5123	1.2697
5123	5124	1.3130
5124	5125	1.3378
5125	5126	1.3283
5126	5127	1.2805
5127	5128	1.2738
5128	5129	1.2768
5129	5130	1.2905
5130	5131	1.2887
5131	5132	1.2407
5132	5133	1.2443
5133	5134	1.2498
5134	5135	1.2558
5135	5136	1.2884
5136	5137	1.2150
5137	5138	1.1953
5138	5139	1.2103
5139	5140	1.2469
5140	5141	1.2524
5141	5142	1.2318
5142	5143	1.2124
5143	5144	1.2136
5144	5145	1.1944
5145	5146	1.2242
5146	5147	1.2402
5147	5148	1.2851
5148	5149	1.2688
5149	5150	1.2729
5150	5151	1.2964
5151	5152	1.2686
5152	5153	1.2767
5153	5154	1.2867
5154	5155	1.3066
5155	5156	1.2754
5156	5157	1.2306
5157	5158	1.2222
5158	5159	1.2294
5159	5160	1.2109
5160	5161	1.2405
5161	5162	1.1898
5162	5163	1.2018
5163	5164	1.2015
5164	5165	1.1956
5165	5166	1.2523
5166	5167	1.2595
5167	5168	1.2393
5168	5169	1.1884
5169	5170	1.2464
5170	5171	1.2549
5171	5172	1.2004
5172	5173	1.2351
5173	5174	1.2361
5174	5175	1.2705
5175	5176	1.2440
5176	5177	1.2297
5177	5178	1.2417
5178	5179	1.2650
5179	5180	1.2429
5180	5181	1.2135
5181	5182	1.2131
5182	5183	1.2079
5183	5184	1.1710
5184	5185	1.1841
5185	5186	1.1981
5186	5187	1.1722
5187	5188	1.2006
5188	5189	1.2317
5189	5190	1.2085
5190	5191	1.2674
5191	5192	1.2061
5192	5193	1.1806
5193	5194	1.1891
5194	5195	1.1871
5195	5196	1.1493
5196	5197	1.1354
5197	5198	1.1859
5198	5199	1.1885
5199	5200	1.2085
5200	5201	1.2034
5201	5202	1.2095
5202	5203	1.1753
5203	5204	1.1678
5204	5205	1.1579
5205	5206	1.1553
5206	5207	1.1664
5207	5208	1.1818
5208	5209	1.1935
5209	5210	1.1794
5210	5211	1.1853
5211	5212	1.1578
5212	5213	1.1286
5213	5214	1.1587
5214	5215	1.1862
5215	5216	1.1972
5216	5217	1.1880
5217	5218	1.2128
5218	5219	1.2407
5219	5220	1.2111
5220	5221	1.2172
5221	5222	1.2442
5222	5223	1.2000
5223	5224	1.3051
5224	5225	1.2801
5225	5226	1.2593
5226	5227	1.2384
5227	5228	1.2382
5228	5229	1.2279
5229	5230	1.2155
5230	5231	1.2529
5231	5232	1.2244
5232	5233	1.2221
5233	5234	1.1896
5234	5235	1.1609
5235	5236	1.1521
5236	5237	1.1647
5237	5238	1.1660
5238	5239	1.1935
5239	5240	1.2018
5240	5241	1.2105
5241	5242	1.2340
5242	5243	1.2314
5243	5244	1.2021
5244	5245	1.2004
5245	5246	1.2273
5246	5247	1.1756
5247	5248	1.2399
5248	5249	1.1703
5249	5250	1.1581
5250	5251	1.1066
5251	5252	1.1615
5252	5253	1.1513
5253	5254	1.1752
5254	5255	1.1875
5255	5256	1.1857
5256	5257	1.1818
5257	5258	1.1647
5258	5259	1.1734
5259	5260	1.1313
5260	5261	1.1216
5261	5262	1.0975
5262	5263	1.0927
5263	5264	1.0858
5264	5265	1.0614
5265	5266	1.0474
5266	5267	1.0568
5267	5268	1.0849
5268	5269	1.0534
5269	5270	1.0619
5270	5271	1.0496
5271	5272	1.0523
5272	5273	1.0606
5273	5274	1.0766
5274	5275	1.0712
5275	5276	1.0768
5276	5277	1.0529
5277	5278	1.1103
5278	5279	1.0730
5279	5280	1.1113
5280	5281	1.0749
5281	5282	1.0858
5282	5283	1.0990
5283	5284	1.1092
5284	5285	1.1532
5285	5286	1.1707
5286	5287	1.1774
5287	5288	1.1453
5288	5289	1.1474
5289	5290	1.1135
5290	5291	1.1344
5291	5292	1.1490
5292	5293	1.1744
5293	5294	1.1217
5294	5295	1.1649
5295	5296	1.1290
5296	5297	1.1121
5297	5298	1.1098
5298	5299	1.0923
5299	5300	1.1083
5300	5301	1.1429
5301	5302	1.1056
5302	5303	1.1071
5303	5304	1.1255
5304	5305	1.1389
5305	5306	1.1580
5306	5307	1.1377
5307	5308	1.1326
5308	5309	1.1111
5309	5310	1.1315
5310	5311	1.1160
5311	5312	1.1111
5312	5313	1.1410
5313	5314	1.1302
5314	5315	1.1483
5315	5316	1.1839
5316	5317	1.1885
5317	5318	1.1969
5318	5319	1.1576
5319	5320	1.1899
5320	5321	1.1451
5321	5322	1.1347
5322	5323	1.1645
5323	5324	1.1674
5324	5325	1.1559
5325	5326	1.1403
5326	5327	1.1143
5327	5328	1.1141
5328	5329	1.1354
5329	5330	1.0834
5330	5331	1.1383
5331	5332	1.1700
5332	5333	1.1898
5333	5334	1.2009
5334	5335	1.1667
5335	5336	1.1801
5336	5337	1.1596
5337	5338	1.1714
5338	5339	1.1721
5339	5340	1.1255
5340	5341	1.1041
5341	5342	1.1331
5342	5343	1.1490
5343	5344	1.1097
5344	5345	1.1252
5345	5346	1.1406
5346	5347	1.1495
5347	5348	1.1457
5348	5349	1.1287
5349	5350	1.0959
5350	5351	1.1455
5351	5352	1.1127
5352	5353	1.1009
5353	5354	1.1000
5354	5355	1.0770
5355	5356	1.0662
5356	5357	1.0482
5357	5358	1.0609
5358	5359	1.0408
5359	5360	1.0405
5360	5361	1.0526
5361	5362	1.0276
5362	5363	1.0327
5363	5364	0.9921
5364	5365	1.0169
5365	5366	1.0375
5366	5367	1.0224
5367	5368	1.0730
5368	5369	1.0585
5369	5370	1.0709
5370	5371	1.0396
5371	5372	1.0897
5372	5373	1.0463
5373	5374	1.0355
5374	5375	1.0737
5375	5376	1.0974
5376	5377	1.1224
5377	5378	1.1248
5378	5379	1.1510
5379	5380	1.1433
5380	5381	1.0970
5381	5382	1.0710
5382	5383	1.0386
5383	5384	1.0828
5384	5385	1.0940
5385	5386	1.1507
5386	5387	1.1237
5387	5388	1.1798
5388	5389	1.1381
5389	5390	1.1475
5390	5391	1.1324
5391	5392	1.0587
5392	5393	1.0353
5393	5394	1.0965
5394	5395	1.0328
5395	5396	1.0867
5396	5397	1.0309
5397	5398	1.0904
5398	5399	1.1202
5399	5400	1.0814
5400	5401	1.0781
5401	5402	1.0827
5402	5403	1.0515
5403	5404	1.0752
5404	5405	1.0654
5405	5406	1.0988
5406	5407	1.0574
5407	5408	1.0663
5408	5409	1.0890
5409	5410	1.0837
5410	5411	1.1248
5411	5412	1.1180
5412	5413	1.0895
5413	5414	1.0175
5414	5415	1.0423
5415	5416	1.0821
5416	5417	1.0726
5417	5418	1.0540
5418	5419	1.0658
5419	5420	1.1301
5420	5421	1.0895
5421	5422	1.0965
5422	5423	1.0578
5423	5424	1.0530
5424	5425	1.0887
5425	5426	1.0246
5426	5427	1.0913
5427	5428	1.0656
5428	5429	1.0340
5429	5430	1.0397
5430	5431	1.0547
5431	5432	1.0761
5432	5433	1.0953
5433	5434	1.0857
5434	5435	1.0617
5435	5436	1.1002
5436	5437	1.0687
5437	5438	1.0728
5438	5439	1.0482
5439	5440	1.0445
5440	5441	1.0602
5441	5442	1.0908
5442	5443	1.1073
5443	5444	1.0809
5444	5445	1.0778
5445	5446	1.0890
5446	5447	1.0376
5447	5448	1.0500
5448	5449	1.0521
5449	5450	1.0626
5450	5451	1.0697
5451	5452	1.0661
5452	5453	1.0772
5453	5454	1.1050
5454	5455	1.0856
5455	5456	1.0852
5456	5457	1.1010
5457	5458	1.0723
5458	5459	1.1087
5459	5460	1.1108
5460	5461	1.1025
5461	5462	1.0861
5462	5463	1.0666
5463	5464	1.1449
5464	5465	1.0889
5465	5466	1.1167
5466	5467	1.1097
5467	5468	1.1308
5468	5469	1.1515
5469	5470	1.1078
5470	5471	1.0986
5471	5472	1.1492
5472	5473	1.1476
5473	5474	1.1774
5474	5475	1.1446
5475	5476	1.0837
5476	5477	1.0565
5477	5478	1.0898
5478	5479	1.1089
5479	5480	1.1370
5480	5481	1.1402
5481	5482	1.1387
5482	5483	1.1149
5483	5484	1.1316
5484	5485	1.1482
5485	5486	1.1025
5486	5487	1.1027
5487	5488	1.0987
5488	5489	1.1279
5489	5490	1.0626
5490	5491	1.0731
5491	5492	1.1127
5492	5493	1.0964
5493	5494	1.0744
5494	5495	1.0770
5495	5496	1.0522
5496	5497	1.0638
5497	5498	1.0370
5498	5499	1.0381
5499	5500	1.0406
5500	5501	1.0569
5501	5502	1.0715
5502	5503	1.1102
5503	5504	1.0790
5504	5505	1.1217
5505	5506	1.1082
5506	5507	1.0938
5507	5508	1.0913
5508	5509	1.1079
5509	5510	1.0988
5510	5511	1.1162
5511	5512	1.1120
5512	5513	1.1042
5513	5514	1.1107
5514	5515	1.1106
5515	5516	1.0602
5516	5517	1.1019
5517	5518	1.0978
5518	5519	1.1205
5519	5520	1.1201
5520	5521	1.1005
5521	5522	1.0626
5522	5523	1.0501
5523	5524	1.0634
5524	5525	1.0904
5525	5526	1.1513
5526	5527	1.0969
5527	5528	1.1149
5528	5529	1.1075
5529	5530	1.0693
5530	5531	1.1191
5531	5532	1.1575
5532	5533	1.1511
5533	5534	1.1745
5534	5535	1.1559
5535	5536	1.1687
5536	5537	1.1494
5537	5538	1.1436
5538	5539	1.1241
5539	5540	1.1799
5540	5541	1.1704
5541	5542	1.1386
5542	5543	1.1537
5543	5544	1.1862
5544	5545	1.1956
5545	5546	1.2101
5546	5547	1.2324
5547	5548	1.1900
5548	5549	1.1825
5549	5550	1.1717
5550	5551	1.1548
5551	5552	1.1399
5552	5553	1.1312
5553	5554	1.0945
5554	5555	1.1541
5555	5556	1.1493
5556	5557	1.1428
5557	5558	1.1480
5558	5559	1.1647
5559	5560	1.1084
5560	5561	1.1492
5561	5562	1.1104
5562	5563	1.1315
5563	5564	1.1257
5564	5565	1.1430
5565	5566	1.1436
5566	5567	1.1494
5567	5568	1.1988
5568	5569	1.1802
5569	5570	1.1746
5570	5571	1.1972
5571	5572	1.1746
5572	5573	1.1887
5573	5574	1.1861
5574	5575	1.1737
5575	5576	1.2238
5576	5577	1.2232
5577	5578	1.2070
5578	5579	1.1854
5579	5580	1.2378
5580	5581	1.1981
5581	5582	1.2195
5582	5583	1.2641
5583	5584	1.2325
5584	5585	1.2257
5585	5586	1.2201
5586	5587	1.2551
5587	5588	1.2019
5588	5589	1.2034
5589	5590	1.2252
5590	5591	1.2592
5591	5592	1.2157
5592	5593	1.2513
5593	5594	1.2455
5594	5595	1.2804
5595	5596	1.2488
5596	5597	1.2386
5597	5598	1.3474
5598	5599	1.3317
5599	5600	1.2769
5600	5601	1.2920
5601	5602	1.2881
5602	5603	1.2588
5603	5604	1.2649
5604	5605	1.2412
5605	5606	1.2554
5606	5607	1.2662
5607	5608	1.2671
5608	5609	1.2775
5609	5610	1.2462
5610	5611	1.2192
5611	5612	1.2127
5612	5613	1.2025
5613	5614	1.2091
5614	5615	1.2055
5615	5616	1.2147
5616	5617	1.2594
5617	5618	1.2229
5618	5619	1.1800
5619	5620	1.1777
5620	5621	1.1900
5621	5622	1.1679
5622	5623	1.2072
5623	5624	1.2400
5624	5625	1.2652
5625	5626	1.2378
5626	5627	1.2162
5627	5628	1.2429
5628	5629	1.2673
5629	5630	1.2253
5630	5631	1.2433
5631	5632	1.2666
5632	5633	1.2548
5633	5634	1.2202
5634	5635	1.1919
5635	5636	1.1902
5636	5637	1.2410
5637	5638	1.2851
5638	5639	1.2649
5639	5640	1.2190
5640	5641	1.1891
5641	5642	1.2102
5642	5643	1.2404
5643	5644	1.2223
5644	5645	1.1867
5645	5646	1.2163
5646	5647	1.2907
5647	5648	1.2818
5648	5649	1.1900
5649	5650	1.1696
5650	5651	1.2145
5651	5652	1.1823
5652	5653	1.2080
5653	5654	1.1707
5654	5655	1.1715
5655	5656	1.2122
5656	5657	1.2142
5657	5658	1.1908
5658	5659	1.2173
5659	5660	1.2408
5660	5661	1.3098
5661	5662	1.3051
5662	5663	1.3251
5663	5664	1.2786
5664	5665	1.2610
5665	5666	1.2662
5666	5667	1.2664
5667	5668	1.2908
5668	5669	1.3395
5669	5670	1.3358
5670	5671	1.2938
5671	5672	1.3129
5672	5673	1.3521
5673	5674	1.3638
5674	5675	1.3424
5675	5676	1.3529
5676	5677	1.3522
5677	5678	1.3290
5678	5679	1.4143
5679	5680	1.4166
5680	5681	1.3716
5681	5682	1.3859
5682	5683	1.3568
5683	5684	1.2975
5684	5685	1.2743
5685	5686	1.3004
5686	5687	1.2969
5687	5688	1.2929
5688	5689	1.2758
5689	5690	1.2764
5690	5691	1.2579
5691	5692	1.2751
5692	5693	1.2474
5693	5694	1.2674
5694	5695	1.3354
5695	5696	1.3254
5696	5697	1.3082
5697	5698	1.3101
5698	5699	1.2956
5699	5700	1.2795
5700	5701	1.3111
5701	5702	1.2967
5702	5703	1.3588
5703	5704	1.3212
5704	5705	1.3484
5705	5706	1.2819
5706	5707	1.2719
5707	5708	1.3098
5708	5709	1.2897
5709	5710	1.2598
5710	5711	1.3194
5711	5712	1.2846
5712	5713	1.2730
5713	5714	1.2500
5714	5715	1.2791
5715	5716	1.2540
5716	5717	1.2519
5717	5718	1.2381
5718	5719	1.2319
5719	5720	1.2678
5720	5721	1.2533
5721	5722	1.1930
5722	5723	1.2406
5723	5724	1.2183
5724	5725	1.2152
5725	5726	1.1923
5726	5727	1.1539
5727	5728	1.2081
5728	5729	1.2365
5729	5730	1.2017
5730	5731	1.2054
5731	5732	1.2195
5732	5733	1.2299
5733	5734	1.2626
5734	5735	1.2251
5735	5736	1.2554
5736	5737	1.3046
5737	5738	1.2418
5738	5739	1.2735
5739	5740	1.2709
5740	5741	1.2893
5741	5742	1.2724
5742	5743	1.2544
5743	5744	1.3320
5744	5745	1.3035
5745	5746	1.3151
5746	5747	1.3329
5747	5748	1.3312
5748	5749	1.3743
5749	5750	1.3766
5750	5751	1.3979
5751	5752	1.3802
5752	5753	1.3911
5753	5754	1.3718
5754	5755	1.4130
5755	5756	1.3805
5756	5757	1.3587
5757	5758	1.3502
5758	5759	1.3380
5759	5760	1.3640
5760	5761	1.3255
5761	5762	1.3559
5762	5763	1.3303
5763	5764	1.3087
5764	5765	1.3563
5765	5766	1.3076
5766	5767	1.3481
5767	5768	1.3298
5768	5769	1.3456
5769	5770	1.3412
5770	5771	1.3282
5771	5772	1.3098
5772	5773	1.2942
5773	5774	1.3310
5774	5775	1.3182
5775	5776	1.3737
5776	5777	1.3382
5777	5778	1.3115
5778	5779	1.2787
5779	5780	1.2558
5780	5781	1.2826
5781	5782	1.2970
5782	5783	1.3137
5783	5784	1.3267
5784	5785	1.3007
5785	5786	1.3031
5786	5787	1.2373
5787	5788	1.1928
5788	5789	1.1746
5789	5790	1.1808
5790	5791	1.2196
5791	5792	1.2313
5792	5793	1.2515
5793	5794	1.2553
5794	5795	1.2614
5795	5796	1.2754
5796	5797	1.2478
5797	5798	1.2254
5798	5799	1.2115
5799	5800	1.2087
5800	5801	1.2185
5801	5802	1.2176
5802	5803	1.2446
5803	5804	1.2289
5804	5805	1.2312
5805	5806	1.2534
5806	5807	1.2435
5807	5808	1.2100
5808	5809	1.2167
5809	5810	1.2016
5810	5811	1.1666
5811	5812	1.2132
5812	5813	1.1968
5813	5814	1.1708
5814	5815	1.2110
5815	5816	1.2477
5816	5817	1.2076
5817	5818	1.1788
5818	5819	1.1293
5819	5820	1.1169
5820	5821	1.1474
5821	5822	1.2086
5822	5823	1.1940
5823	5824	1.2024
5824	5825	1.1744
5825	5826	1.1353
5826	5827	1.1279
5827	5828	1.1564
5828	5829	1.1298
5829	5830	1.1093
5830	5831	1.1387
5831	5832	1.1796
5832	5833	1.1544
5833	5834	1.1925
5834	5835	1.2287
5835	5836	1.2115
5836	5837	1.2048
5837	5838	1.1941
5838	5839	1.1720
5839	5840	1.2427
5840	5841	1.2136
5841	5842	1.2021
5842	5843	1.2503
5843	5844	1.1976
5844	5845	1.1979
5845	5846	1.2329
5846	5847	1.1800
5847	5848	1.1729
5848	5849	1.1510
5849	5850	1.1140
5850	5851	1.0811
5851	5852	1.0696
5852	5853	1.1029
5853	5854	1.1159
5854	5855	1.1343
5855	5856	1.0896
5856	5857	1.0791
5857	5858	1.1209
5858	5859	1.1004
5859	5860	1.0999
5860	5861	1.0975
5861	5862	1.0893
5862	5863	1.0879
5863	5864	1.0680
5864	5865	1.0904
5865	5866	1.0870
5866	5867	1.0688
5867	5868	1.1064
5868	5869	1.1214
5869	5870	1.1228
5870	5871	1.1438
5871	5872	1.1853
5872	5873	1.1087
5873	5874	1.0732
5874	5875	1.1250
5875	5876	1.0688
5876	5877	1.0878
5877	5878	1.1177
5878	5879	1.0631
5879	5880	1.1167
5880	5881	1.1164
5881	5882	1.1269
5882	5883	1.1282
5883	5884	1.1648
5884	5885	1.1256
5885	5886	1.1294
5886	5887	1.1055
5887	5888	1.1220
5888	5889	1.1005
5889	5890	1.1016
5890	5891	1.1152
5891	5892	1.0901
5892	5893	1.0854
5893	5894	1.0724
5894	5895	1.0681
5895	5896	1.0265
5896	5897	1.0318
5897	5898	1.1088
5898	5899	1.0978
5899	5900	1.0711
5900	5901	1.1058
5901	5902	1.1366
5902	5903	1.1044
5903	5904	1.1354
5904	5905	1.1704
5905	5906	1.1680
5906	5907	1.1421
5907	5908	1.1077
5908	5909	1.1328
5909	5910	1.1734
5910	5911	1.1073
5911	5912	1.0532
5912	5913	1.1211
5913	5914	1.1224
5914	5915	1.1000
5915	5916	1.0939
5916	5917	1.1213
5917	5918	1.0809
5918	5919	1.0709
5919	5920	1.0941
5920	5921	1.1359
5921	5922	1.1227
5922	5923	1.1204
5923	5924	1.1140
5924	5925	1.1023
5925	5926	1.1022
5926	5927	1.1349
5927	5928	1.1104
5928	5929	1.1650
5929	5930	1.1354
5930	5931	1.1417
5931	5932	1.1635
5932	5933	1.1882
5933	5934	1.1489
5934	5935	1.1438
5935	5936	1.1292
5936	5937	1.1488
5937	5938	1.1330
5938	5939	1.1383
5939	5940	1.1259
5940	5941	1.0852
5941	5942	1.0895
5942	5943	1.0779
5943	5944	1.0565
5944	5945	1.0708
5945	5946	1.0781
5946	5947	1.0902
5947	5948	1.0754
5948	5949	1.0867
5949	5950	1.0306
5950	5951	1.0479
5951	5952	1.0535
5952	5953	1.0424
5953	5954	1.0632
5954	5955	1.0464
5955	5956	1.0600
5956	5957	1.0271
5957	5958	1.0280
5958	5959	1.0338
5959	5960	1.0227
5960	5961	0.9601
5961	5962	0.9927
5962	5963	0.9911
5963	5964	1.0669
5964	5965	1.0602
5965	5966	1.0599
5966	5967	1.0949
5967	5968	1.0701
5968	5969	1.0511
5969	5970	1.0587
5970	5971	1.0651
5971	5972	1.0585
5972	5973	1.0816
5973	5974	1.0061
5974	5975	1.0119
5975	5976	1.0660
5976	5977	1.0400
5977	5978	1.0396
5978	5979	1.0644
5979	5980	1.0154
5980	5981	1.0157
5981	5982	1.0098
5982	5983	1.0121
5983	5984	1.0119
5984	5985	1.0307
5985	5986	1.0540
5986	5987	1.0485
5987	5988	1.0416
5988	5989	1.0402
5989	5990	1.0367
5990	5991	1.0274
5991	5992	1.0268
5992	5993	1.0471
5993	5994	1.0449
5994	5995	1.0646
5995	5996	1.0665
5996	5997	1.1005
5997	5998	1.0783
5998	5999	1.0605
5999	6000	1.0544
6000	6001	1.0433
6001	6002	1.0710
6002	6003	1.1017
6003	6004	1.1326
6004	6005	1.0927
6005	6006	1.0178
6006	6007	1.0159
6007	6008	1.0276
6008	6009	1.0251
6009	6010	1.0563
6010	6011	1.0249
6011	6012	1.0297
6012	6013	1.0627
6013	6014	1.0851
6014	6015	1.0940
6015	6016	1.0730
6016	6017	1.0974
6017	6018	1.0540
6018	6019	1.0708
6019	6020	1.0568
6020	6021	1.0484
6021	6022	1.0313
6022	6023	1.0162
6023	6024	1.0553
6024	6025	1.0391
6025	6026	1.0374
6026	6027	1.0934
6027	6028	1.0909
6028	6029	1.1183
6029	6030	1.0449
6030	6031	1.0206
6031	6032	1.0490
6032	6033	1.0607
6033	6034	1.0538
6034	6035	1.0440
6035	6036	1.0222
6036	6037	1.0316
6037	6038	1.0604
6038	6039	1.0170
6039	6040	1.0142
6040	6041	1.0540
6041	6042	0.9892
6042	6043	0.9908
6043	6044	1.0170
6044	6045	1.0152
6045	6046	1.0193
6046	6047	1.0281
6047	6048	1.0464
6048	6049	1.0447
6049	6050	1.0613
6050	6051	1.0393
6051	6052	1.0399
6052	6053	1.1005
6053	6054	1.0602
6054	6055	1.0333
6055	6056	1.0544
6056	6057	1.0427
6057	6058	1.0070
6058	6059	0.9712
6059	6060	0.9639
6060	6061	0.9865
6061	6062	0.9754
6062	6063	0.9578
6063	6064	0.9753
6064	6065	0.9185
6065	6066	0.9632
6066	6067	0.9875
6067	6068	0.9859
6068	6069	1.0079
6069	6070	1.0267
6070	6071	0.9904
6071	6072	0.9974
6072	6073	1.0268
6073	6074	0.9943
6074	6075	1.0359
6075	6076	1.0407
6076	6077	1.0556
6077	6078	1.0438
6078	6079	1.0202
6079	6080	1.0031
6080	6081	0.9807
6081	6082	1.0165
6082	6083	1.0036
6083	6084	1.0285
6084	6085	1.0312
6085	6086	1.0136
6086	6087	1.0160
6087	6088	1.0030
6088	6089	1.0056
6089	6090	0.9750
6090	6091	1.0042
6091	6092	1.0584
6092	6093	1.0575
6093	6094	1.0583
6094	6095	1.0021
6095	6096	1.0272
6096	6097	1.0441
6097	6098	1.0074
6098	6099	1.0257
6099	6100	1.0632
6100	6101	1.0487
6101	6102	1.0155
6102	6103	0.9931
6103	6104	1.0624
6104	6105	1.0187
6105	6106	1.0189
6106	6107	1.0319
6107	6108	1.0854
6108	6109	1.0394
6109	6110	1.0749
6110	6111	1.1088
6111	6112	1.1332
6112	6113	1.1268
6113	6114	1.1582
6114	6115	1.1713
6115	6116	1.1846
6116	6117	1.1486
6117	6118	1.1380
6118	6119	1.1264
6119	6120	1.1214
6120	6121	1.0900
6121	6122	1.1292
6122	6123	1.1017
6123	6124	1.1130
6124	6125	1.1693
6125	6126	1.1536
6126	6127	1.1128
6127	6128	1.1018
6128	6129	1.1475
6129	6130	1.1323
6130	6131	1.1374
6131	6132	1.1426
6132	6133	1.1457
6133	6134	1.1223
6134	6135	1.1754
6135	6136	1.1736
6136	6137	1.1420
6137	6138	1.1887
6138	6139	1.1377
6139	6140	1.1298
6140	6141	1.2073
6141	6142	1.1517
6142	6143	1.1813
6143	6144	1.2127
6144	6145	1.1846
6145	6146	1.2180
6146	6147	1.2099
6147	6148	1.1968
6148	6149	1.2310
6149	6150	1.2337
6150	6151	1.1852
6151	6152	1.2183
6152	6153	1.2330
6153	6154	1.1946
6154	6155	1.2443
6155	6156	1.1911
6156	6157	1.2561
6157	6158	1.2296
6158	6159	1.2059
6159	6160	1.2292
6160	6161	1.2377
6161	6162	1.2401
6162	6163	1.2294
6163	6164	1.2044
6164	6165	1.1967
6165	6166	1.2151
6166	6167	1.2603
6167	6168	1.2268
6168	6169	1.2044
6169	6170	1.2335
6170	6171	1.2160
6171	6172	1.2159
6172	6173	1.2282
6173	6174	1.2358
6174	6175	1.2156
6175	6176	1.2034
6176	6177	1.1979
6177	6178	1.2095
6178	6179	1.2330
6179	6180	1.2408
6180	6181	1.2623
6181	6182	1.2585
6182	6183	1.2544
6183	6184	1.2130
6184	6185	1.2089
6185	6186	1.2067
6186	6187	1.1945
6187	6188	1.1567
6188	6189	1.1830
6189	6190	1.2144
6190	6191	1.2470
6191	6192	1.2312
6192	6193	1.1975
6193	6194	1.2374
6194	6195	1.2022
6195	6196	1.2035
6196	6197	1.2194
6197	6198	1.2000
6198	6199	1.1700
6199	6200	1.1413
6200	6201	1.1475
6201	6202	1.1425
6202	6203	1.1799
6203	6204	1.1527
6204	6205	1.1439
6205	6206	1.1382
6206	6207	1.1509
6207	6208	1.1599
6208	6209	1.1850
6209	6210	1.1657
6210	6211	1.1715
6211	6212	1.1512
6212	6213	1.1542
6213	6214	1.1721
6214	6215	1.1499
6215	6216	1.1491
6216	6217	1.1164
6217	6218	1.1343
6218	6219	1.1244
6219	6220	1.1107
6220	6221	1.0964
6221	6222	1.1113
6222	6223	1.1098
6223	6224	1.1429
6224	6225	1.1299
6225	6226	1.1334
6226	6227	1.0935
6227	6228	1.1013
6228	6229	1.0927
6229	6230	1.1020
6230	6231	1.0716
6231	6232	1.0769
6232	6233	1.0909
6233	6234	1.0841
6234	6235	1.0816
6235	6236	1.0644
6236	6237	1.0482
6237	6238	1.0806
6238	6239	1.0669
6239	6240	1.0429
6240	6241	1.0360
6241	6242	1.0801
6242	6243	1.0846
6243	6244	1.0966
6244	6245	1.1211
6245	6246	1.0753
6246	6247	1.0739
6247	6248	1.0972
6248	6249	1.0898
6249	6250	1.1029
6250	6251	1.1299
6251	6252	1.1464
6252	6253	1.1525
6253	6254	1.1043
6254	6255	1.1505
6255	6256	1.1427
6256	6257	1.1609
6257	6258	1.1592
6258	6259	1.1430
6259	6260	1.1537
6260	6261	1.1361
6261	6262	1.1146
6262	6263	1.1594
6263	6264	1.2256
6264	6265	1.1647
6265	6266	1.1313
6266	6267	1.1113
6267	6268	1.1156
6268	6269	1.1247
6269	6270	1.1932
6270	6271	1.2014
6271	6272	1.2219
6272	6273	1.2115
6273	6274	1.2202
6274	6275	1.1644
6275	6276	1.1789
6276	6277	1.1964
6277	6278	1.1806
6278	6279	1.1925
6279	6280	1.1720
6280	6281	1.1886
6281	6282	1.1744
6282	6283	1.1438
6283	6284	1.1719
6284	6285	1.1955
6285	6286	1.2135
6286	6287	1.1983
6287	6288	1.1821
6288	6289	1.1993
6289	6290	1.1482
6290	6291	1.1579
6291	6292	1.1853
6292	6293	1.1847
6293	6294	1.1673
6294	6295	1.2063
6295	6296	1.1610
6296	6297	1.1361
6297	6298	1.1727
6298	6299	1.1506
6299	6300	1.1022
6300	6301	1.1304
6301	6302	1.1623
6302	6303	1.1657
6303	6304	1.1755
6304	6305	1.1301
6305	6306	1.1646
6306	6307	1.1588
6307	6308	1.1617
6308	6309	1.1708
6309	6310	1.1136
6310	6311	1.1243
6311	6312	1.1560
6312	6313	1.2034
6313	6314	1.1790
6314	6315	1.1504
6315	6316	1.1742
6316	6317	1.1257
6317	6318	1.1559
6318	6319	1.1309
6319	6320	1.0874
6320	6321	1.0576
6321	6322	1.0953
6322	6323	1.1112
6323	6324	1.1187
6324	6325	1.0892
6325	6326	1.1201
6326	6327	1.1302
6327	6328	1.1111
6328	6329	1.0808
6329	6330	1.0889
6330	6331	1.1388
6331	6332	1.1680
6332	6333	1.1528
6333	6334	1.1204
6334	6335	1.1437
6335	6336	1.1858
6336	6337	1.1759
6337	6338	1.1394
6338	6339	1.1695
6339	6340	1.1895
6340	6341	1.1866
6341	6342	1.2198
6342	6343	1.2091
6343	6344	1.2580
6344	6345	1.2731
6345	6346	1.2165
6346	6347	1.2459
6347	6348	1.2479
6348	6349	1.2361
6349	6350	1.2641
6350	6351	1.2542
6351	6352	1.2405
6352	6353	1.2435
6353	6354	1.2299
6354	6355	1.2314
6355	6356	1.2173
6356	6357	1.2104
6357	6358	1.2385
6358	6359	1.1825
6359	6360	1.2000
6360	6361	1.1878
6361	6362	1.1982
6362	6363	1.2107
6363	6364	1.2108
6364	6365	1.2204
6365	6366	1.2279
6366	6367	1.2665
6367	6368	1.2559
6368	6369	1.2862
6369	6370	1.2993
6370	6371	1.3047
6371	6372	1.2796
6372	6373	1.2403
6373	6374	1.2936
6374	6375	1.2684
6375	6376	1.2678
6376	6377	1.2327
6377	6378	1.2309
6378	6379	1.2149
6379	6380	1.1931
6380	6381	1.1620
6381	6382	1.2025
6382	6383	1.2251
6383	6384	1.2367
6384	6385	1.1993
6385	6386	1.1523
6386	6387	1.1800
6387	6388	1.1950
6388	6389	1.1927
6389	6390	1.1430
6390	6391	1.1785
6391	6392	1.1473
6392	6393	1.1372
6393	6394	1.1816
6394	6395	1.2000
6395	6396	1.1830
6396	6397	1.1857
6397	6398	1.1893
6398	6399	1.2120
6399	6400	1.2388
6400	6401	1.1716
6401	6402	1.2400
6402	6403	1.2362
6403	6404	1.2212
6404	6405	1.1898
6405	6406	1.1469
6406	6407	1.1418
6407	6408	1.1799
6408	6409	1.2037
6409	6410	1.1990
6410	6411	1.1797
6411	6412	1.1650
6412	6413	1.1953
6413	6414	1.1838
6414	6415	1.1840
6415	6416	1.1765
6416	6417	1.1713
6417	6418	1.1992
6418	6419	1.2243
6419	6420	1.2019
6420	6421	1.2176
6421	6422	1.2152
6422	6423	1.2239
6423	6424	1.2762
6424	6425	1.2879
6425	6426	1.2737
6426	6427	1.3112
6427	6428	1.2578
6428	6429	1.3033
6429	6430	1.2959
6430	6431	1.3139
6431	6432	1.3343
6432	6433	1.3361
6433	6434	1.3650
6434	6435	1.3808
6435	6436	1.3166
6436	6437	1.3085
6437	6438	1.3275
6438	6439	1.2980
6439	6440	1.3005
6440	6441	1.2871
6441	6442	1.3229
6442	6443	1.3146
6443	6444	1.2892
6444	6445	1.3331
6445	6446	1.3656
6446	6447	1.3581
6447	6448	1.3278
6448	6449	1.3632
6449	6450	1.3425
6450	6451	1.3643
6451	6452	1.3265
6452	6453	1.2887
6453	6454	1.3197
6454	6455	1.3065
6455	6456	1.3171
6456	6457	1.2871
6457	6458	1.2902
6458	6459	1.2762
6459	6460	1.2814
6460	6461	1.3153
6461	6462	1.3147
6462	6463	1.3537
6463	6464	1.3163
6464	6465	1.3169
6465	6466	1.3545
6466	6467	1.3245
6467	6468	1.3417
6468	6469	1.3160
6469	6470	1.2730
6470	6471	1.2777
6471	6472	1.2865
6472	6473	1.3139
6473	6474	1.2932
6474	6475	1.2891
6475	6476	1.2893
6476	6477	1.2772
6477	6478	1.2569
6478	6479	1.2772
6479	6480	1.2701
6480	6481	1.2978
6481	6482	1.2494
6482	6483	1.2734
6483	6484	1.2432
6484	6485	1.2689
6485	6486	1.2048
6486	6487	1.2569
6487	6488	1.2273
6488	6489	1.2654
6489	6490	1.2281
6490	6491	1.2164
6491	6492	1.2072
6492	6493	1.2330
6493	6494	1.2836
6494	6495	1.2836
6495	6496	1.2510
6496	6497	1.2331
6497	6498	1.2875
6498	6499	1.2771
6499	6500	1.2722
6500	6501	1.2540
6501	6502	1.2903
6502	6503	1.2707
6503	6504	1.2762
6504	6505	1.2588
6505	6506	1.2299
6506	6507	1.2404
6507	6508	1.2488
6508	6509	1.2685
6509	6510	1.2627
6510	6511	1.3265
6511	6512	1.3036
6512	6513	1.3168
6513	6514	1.3397
6514	6515	1.3253
6515	6516	1.2944
6516	6517	1.2999
6517	6518	1.2898
6518	6519	1.2631
6519	6520	1.2566
6520	6521	1.2493
6521	6522	1.2825
6522	6523	1.2846
6523	6524	1.2767
6524	6525	1.2758
6525	6526	1.2945
6526	6527	1.2647
6527	6528	1.2526
6528	6529	1.2459
6529	6530	1.2656
6530	6531	1.2789
6531	6532	1.2781
6532	6533	1.3045
6533	6534	1.2617
6534	6535	1.2632
6535	6536	1.2520
6536	6537	1.2436
6537	6538	1.2233
6538	6539	1.2629
6539	6540	1.2943
6540	6541	1.2887
6541	6542	1.2719
6542	6543	1.3000
6543	6544	1.2489
6544	6545	1.2714
6545	6546	1.2808
6546	6547	1.2644
6547	6548	1.2543
6548	6549	1.2919
6549	6550	1.2634
6550	6551	1.2463
6551	6552	1.2339
6552	6553	1.2162
6553	6554	1.2288
6554	6555	1.2166
6555	6556	1.2015
6556	6557	1.2117
6557	6558	1.1686
6558	6559	1.2061
6559	6560	1.2026
6560	6561	1.1971
6561	6562	1.1879
6562	6563	1.2049
6563	6564	1.2607
6564	6565	1.2567
6565	6566	1.3025
6566	6567	1.3234
6567	6568	1.2703
6568	6569	1.2954
6569	6570	1.3105
6570	6571	1.2827
6571	6572	1.2767
6572	6573	1.2776
6573	6574	1.2522
6574	6575	1.2763
6575	6576	1.2629
6576	6577	1.2877
6577	6578	1.2927
6578	6579	1.3253
6579	6580	1.3318
6580	6581	1.3228
6581	6582	1.2980
6582	6583	1.3356
6583	6584	1.2761
6584	6585	1.3092
6585	6586	1.3340
6586	6587	1.3576
6587	6588	1.3898
6588	6589	1.3690
6589	6590	1.3711
6590	6591	1.3345
6591	6592	1.3836
6592	6593	1.3714
6593	6594	1.3734
6594	6595	1.3523
6595	6596	1.3979
6596	6597	1.3996
6597	6598	1.4228
6598	6599	1.3700
6599	6600	1.3749
6600	6601	1.3860
6601	6602	1.2878
6602	6603	1.3043
6603	6604	1.3058
6604	6605	1.2709
6605	6606	1.2858
6606	6607	1.3293
6607	6608	1.3488
6608	6609	1.3443
6609	6610	1.3100
6610	6611	1.2970
6611	6612	1.3132
6612	6613	1.2813
6613	6614	1.3097
6614	6615	1.3083
6615	6616	1.3017
6616	6617	1.2806
6617	6618	1.3482
6618	6619	1.3273
6619	6620	1.3116
6620	6621	1.2976
6621	6622	1.3018
6622	6623	1.3147
6623	6624	1.3196
6624	6625	1.3077
6625	6626	1.3070
6626	6627	1.2907
6627	6628	1.2827
6628	6629	1.3296
6629	6630	1.3196
6630	6631	1.3113
6631	6632	1.3124
6632	6633	1.3262
6633	6634	1.3308
6634	6635	1.2952
6635	6636	1.2712
6636	6637	1.2729
6637	6638	1.2570
6638	6639	1.2702
6639	6640	1.2950
6640	6641	1.3183
6641	6642	1.3475
6642	6643	1.3124
6643	6644	1.3124
6644	6645	1.3375
6645	6646	1.3127
6646	6647	1.3041
6647	6648	1.3315
6648	6649	1.3490
6649	6650	1.3698
6650	6651	1.3712
6651	6652	1.3114
6652	6653	1.3760
6653	6654	1.4093
6654	6655	1.3709
6655	6656	1.3168
6656	6657	1.3874
6657	6658	1.3586
6658	6659	1.3805
6659	6660	1.3378
6660	6661	1.2946
6661	6662	1.3276
6662	6663	1.2839
6663	6664	1.2721
6664	6665	1.3548
6665	6666	1.3426
6666	6667	1.3310
6667	6668	1.3369
6668	6669	1.2941
6669	6670	1.3242
6670	6671	1.3135
6671	6672	1.3097
6672	6673	1.3368
6673	6674	1.3450
6674	6675	1.3299
6675	6676	1.3147
6676	6677	1.3007
6677	6678	1.3055
6678	6679	1.3078
6679	6680	1.2982
6680	6681	1.3267
6681	6682	1.3352
6682	6683	1.3405
6683	6684	1.3537
6684	6685	1.3901
6685	6686	1.3474
6686	6687	1.3943
6687	6688	1.4061
6688	6689	1.3805
6689	6690	1.3235
6690	6691	1.3212
6691	6692	1.2848
6692	6693	1.2939
6693	6694	1.3260
6694	6695	1.2878
6695	6696	1.2668
6696	6697	1.2727
6697	6698	1.2273
6698	6699	1.2655
6699	6700	1.3068
6700	6701	1.2788
6701	6702	1.2975
6702	6703	1.3249
6703	6704	1.2955
6704	6705	1.3363
6705	6706	1.3162
6706	6707	1.3227
6707	6708	1.3198
6708	6709	1.3775
6709	6710	1.3690
6710	6711	1.3599
6711	6712	1.3810
6712	6713	1.3560
6713	6714	1.3392
6714	6715	1.3682
6715	6716	1.3726
6716	6717	1.4096
6717	6718	1.3984
6718	6719	1.4189
6719	6720	1.3921
6720	6721	1.4187
6721	6722	1.4094
6722	6723	1.3930
6723	6724	1.3607
6724	6725	1.3587
6725	6726	1.3420
6726	6727	1.3766
6727	6728	1.3465
6728	6729	1.3759
6729	6730	1.3555
6730	6731	1.3646
6731	6732	1.3599
6732	6733	1.3688
6733	6734	1.3268
6734	6735	1.3155
6735	6736	1.3158
6736	6737	1.3578
6737	6738	1.3561
6738	6739	1.3012
6739	6740	1.2753
6740	6741	1.2564
6741	6742	1.2329
6742	6743	1.2202
6743	6744	1.2657
6744	6745	1.2935
6745	6746	1.2819
6746	6747	1.2697
6747	6748	1.2908
6748	6749	1.3106
6749	6750	1.3469
6750	6751	1.3438
6751	6752	1.3144
6752	6753	1.3427
6753	6754	1.3708
6754	6755	1.3818
6755	6756	1.3883
6756	6757	1.3710
6757	6758	1.3783
6758	6759	1.3765
6759	6760	1.3461
6760	6761	1.4156
6761	6762	1.3834
6762	6763	1.3956
6763	6764	1.4242
6764	6765	1.4406
6765	6766	1.4453
6766	6767	1.4027
6767	6768	1.4037
6768	6769	1.3849
6769	6770	1.4390
6770	6771	1.4125
6771	6772	1.4608
6772	6773	1.4956
6773	6774	1.5042
6774	6775	1.5089
6775	6776	1.5008
6776	6777	1.4809
6777	6778	1.4800
6778	6779	1.5111
6779	6780	1.4932
6780	6781	1.4722
6781	6782	1.4698
6782	6783	1.4364
6783	6784	1.4274
6784	6785	1.4197
6785	6786	1.4600
6786	6787	1.4095
6787	6788	1.3863
6788	6789	1.3758
6789	6790	1.4053
6790	6791	1.4921
6791	6792	1.4240
6792	6793	1.4456
6793	6794	1.4370
6794	6795	1.4047
6795	6796	1.4039
6796	6797	1.4575
6797	6798	1.3978
6798	6799	1.3565
6799	6800	1.3323
6800	6801	1.3299
6801	6802	1.3452
6802	6803	1.3894
6803	6804	1.3614
6804	6805	1.2985
6805	6806	1.2725
6806	6807	1.2675
6807	6808	1.2589
6808	6809	1.3016
6809	6810	1.3334
6810	6811	1.3653
6811	6812	1.3683
6812	6813	1.3559
6813	6814	1.3259
6814	6815	1.3363
6815	6816	1.3231
6816	6817	1.3545
6817	6818	1.3761
6818	6819	1.3699
6819	6820	1.4086
6820	6821	1.4070
6821	6822	1.4116
6822	6823	1.4324
6823	6824	1.4044
6824	6825	1.4008
6825	6826	1.4187
6826	6827	1.4171
6827	6828	1.4749
6828	6829	1.4801
6829	6830	1.4637
6830	6831	1.4672
6831	6832	1.4355
6832	6833	1.3965
6833	6834	1.3731
6834	6835	1.3465
6835	6836	1.3633
6836	6837	1.3793
6837	6838	1.3902
6838	6839	1.4058
6839	6840	1.3806
6840	6841	1.3810
6841	6842	1.3552
6842	6843	1.3349
6843	6844	1.3947
6844	6845	1.3937
6845	6846	1.3697
6846	6847	1.3816
6847	6848	1.3353
6848	6849	1.3865
6849	6850	1.4035
6850	6851	1.4093
6851	6852	1.4305
6852	6853	1.3878
6853	6854	1.3906
6854	6855	1.3662
6855	6856	1.3560
6856	6857	1.3345
6857	6858	1.3329
6858	6859	1.3168
6859	6860	1.2899
6860	6861	1.3109
6861	6862	1.3512
6862	6863	1.3235
6863	6864	1.3067
6864	6865	1.3608
6865	6866	1.3926
6866	6867	1.4025
6867	6868	1.3941
6868	6869	1.3872
6869	6870	1.4067
6870	6871	1.4235
6871	6872	1.4768
6872	6873	1.4887
6873	6874	1.4880
6874	6875	1.5094
6875	6876	1.4961
6876	6877	1.5064
6877	6878	1.4683
6878	6879	1.5111
6879	6880	1.5536
6880	6881	1.5052
6881	6882	1.5051
6882	6883	1.5025
6883	6884	1.4748
6884	6885	1.5260
6885	6886	1.4664
6886	6887	1.4563
6887	6888	1.4889
6888	6889	1.4738
6889	6890	1.5104
6890	6891	1.4575
6891	6892	1.4409
6892	6893	1.4456
6893	6894	1.4766
6894	6895	1.4940
6895	6896	1.4630
6896	6897	1.4788
6897	6898	1.4627
6898	6899	1.4702
6899	6900	1.4175
6900	6901	1.4193
6901	6902	1.4777
6902	6903	1.4289
6903	6904	1.4557
6904	6905	1.5216
6905	6906	1.5226
6906	6907	1.5225
6907	6908	1.4722
6908	6909	1.4948
6909	6910	1.5102
6910	6911	1.4877
6911	6912	1.4901
6912	6913	1.5177
6913	6914	1.4844
6914	6915	1.4941
6915	6916	1.5168
6916	6917	1.5125
6917	6918	1.5275
6918	6919	1.5263
6919	6920	1.5304
6920	6921	1.5023
6921	6922	1.4802
6922	6923	1.4754
6923	6924	1.4809
6924	6925	1.4513
6925	6926	1.4711
6926	6927	1.4868
6927	6928	1.4575
6928	6929	1.5162
6929	6930	1.4828
6930	6931	1.4574
6931	6932	1.4705
6932	6933	1.4476
6933	6934	1.4510
6934	6935	1.4550
6935	6936	1.4776
6936	6937	1.5978
6937	6938	1.5432
6938	6939	1.5246
6939	6940	1.5408
6940	6941	1.5811
6941	6942	1.5644
6942	6943	1.5113
6943	6944	1.5128
6944	6945	1.5100
6945	6946	1.4645
6946	6947	1.4536
6947	6948	1.4225
6948	6949	1.4374
6949	6950	1.4263
6950	6951	1.4237
6951	6952	1.4647
6952	6953	1.4510
6953	6954	1.4271
6954	6955	1.3920
6955	6956	1.4326
6956	6957	1.4552
6957	6958	1.4655
6958	6959	1.4114
6959	6960	1.3943
6960	6961	1.4391
6961	6962	1.3904
6962	6963	1.3777
6963	6964	1.4121
6964	6965	1.4447
6965	6966	1.4469
6966	6967	1.4052
6967	6968	1.4405
6968	6969	1.3865
6969	6970	1.4103
6970	6971	1.3900
6971	6972	1.4231
6972	6973	1.4536
6973	6974	1.4484
6974	6975	1.4662
6975	6976	1.4512
6976	6977	1.4451
6977	6978	1.4499
6978	6979	1.4412
6979	6980	1.4699
6980	6981	1.4699
6981	6982	1.4417
6982	6983	1.4979
6983	6984	1.4858
6984	6985	1.4829
6985	6986	1.4346
6986	6987	1.4892
6987	6988	1.4794
6988	6989	1.4923
6989	6990	1.4882
6990	6991	1.5018
6991	6992	1.4814
6992	6993	1.4848
6993	6994	1.5088
6994	6995	1.4850
6995	6996	1.4470
6996	6997	1.4645
6997	6998	1.4569
6998	6999	1.4509
6999	7000	1.4782
7000	7001	1.4819
7001	7002	1.4658
7002	7003	1.4447
7003	7004	1.4327
7004	7005	1.4349
7005	7006	1.4312
7006	7007	1.4883
7007	7008	1.4638
7008	7009	1.4157
7009	7010	1.3941
7010	7011	1.3718
7011	7012	1.4024
7012	7013	1.4112
7013	7014	1.4390
7014	7015	1.4358
7015	7016	1.3961
7016	7017	1.3552
7017	7018	1.3276
7018	7019	1.3333
7019	7020	1.3234
7020	7021	1.3119
7021	7022	1.3058
7022	7023	1.3263
7023	7024	1.3651
7024	7025	1.3409
7025	7026	1.3408
7026	7027	1.3558
7027	7028	1.3663
7028	7029	1.3607
7029	7030	1.3514
7030	7031	1.3707
7031	7032	1.3225
7032	7033	1.2838
7033	7034	1.2979
7034	7035	1.2961
7035	7036	1.2889
7036	7037	1.2751
7037	7038	1.2685
7038	7039	1.2911
7039	7040	1.2980
7040	7041	1.3158
7041	7042	1.2794
7042	7043	1.2792
7043	7044	1.2708
7044	7045	1.3088
7045	7046	1.3040
7046	7047	1.3039
7047	7048	1.3183
7048	7049	1.3441
7049	7050	1.2861
7050	7051	1.3297
7051	7052	1.3304
7052	7053	1.3573
7053	7054	1.3428
7054	7055	1.3161
7055	7056	1.3523
7056	7057	1.3178
7057	7058	1.3061
7058	7059	1.2738
7059	7060	1.3169
7060	7061	1.2678
7061	7062	1.2915
7062	7063	1.2976
7063	7064	1.3225
7064	7065	1.2914
7065	7066	1.3325
7066	7067	1.2972
7067	7068	1.3157
7068	7069	1.3427
7069	7070	1.3849
7070	7071	1.3368
7071	7072	1.3425
7072	7073	1.3331
7073	7074	1.3301
7074	7075	1.2913
7075	7076	1.3250
7076	7077	1.3125
7077	7078	1.3202
7078	7079	1.3037
7079	7080	1.3353
7080	7081	1.3051
7081	7082	1.2964
7082	7083	1.3057
7083	7084	1.2924
7084	7085	1.2666
7085	7086	1.3189
7086	7087	1.3022
7087	7088	1.3044
7088	7089	1.3526
7089	7090	1.3432
7090	7091	1.3185
7091	7092	1.2809
7092	7093	1.3123
7093	7094	1.3288
7094	7095	1.3321
7095	7096	1.3280
7096	7097	1.3077
7097	7098	1.3320
7098	7099	1.3092
7099	7100	1.3183
7100	7101	1.2882
7101	7102	1.3089
7102	7103	1.3838
7103	7104	1.3576
7104	7105	1.3159
7105	7106	1.3788
7106	7107	1.3346
7107	7108	1.3144
7108	7109	1.3702
7109	7110	1.3469
7110	7111	1.3620
7111	7112	1.4243
7112	7113	1.3844
7113	7114	1.4027
7114	7115	1.4142
7115	7116	1.3600
7116	7117	1.3862
7117	7118	1.3816
7118	7119	1.4030
7119	7120	1.4183
7120	7121	1.3621
7121	7122	1.3792
7122	7123	1.3532
7123	7124	1.3594
7124	7125	1.3752
7125	7126	1.3740
7126	7127	1.3813
7127	7128	1.3857
7128	7129	1.3693
7129	7130	1.3652
7130	7131	1.3573
7131	7132	1.3708
7132	7133	1.3666
7133	7134	1.3294
7134	7135	1.3805
7135	7136	1.4157
7136	7137	1.4125
7137	7138	1.4191
7138	7139	1.3905
7139	7140	1.3885
7140	7141	1.3958
7141	7142	1.3595
7142	7143	1.3341
7143	7144	1.3413
7144	7145	1.3776
7145	7146	1.4047
7146	7147	1.3886
7147	7148	1.4230
7148	7149	1.4011
7149	7150	1.4773
7150	7151	1.3992
7151	7152	1.4242
7152	7153	1.4757
7153	7154	1.4665
7154	7155	1.4646
7155	7156	1.4638
7156	7157	1.4630
7157	7158	1.4421
7158	7159	1.4707
7159	7160	1.4114
7160	7161	1.3747
7161	7162	1.4134
7162	7163	1.4309
7163	7164	1.3575
7164	7165	1.3451
7165	7166	1.3542
7166	7167	1.3839
7167	7168	1.3885
7168	7169	1.3607
7169	7170	1.3195
7170	7171	1.3206
7171	7172	1.3367
7172	7173	1.3291
7173	7174	1.4047
7174	7175	1.3653
7175	7176	1.3435
7176	7177	1.3402
7177	7178	1.3437
7178	7179	1.3566
7179	7180	1.3382
7180	7181	1.3472
7181	7182	1.3084
7182	7183	1.2684
7183	7184	1.3232
7184	7185	1.3094
7185	7186	1.3493
7186	7187	1.3336
7187	7188	1.3127
7188	7189	1.3260
7189	7190	1.3369
7190	7191	1.3231
7191	7192	1.3201
7192	7193	1.3351
7193	7194	1.2759
7194	7195	1.2913
7195	7196	1.3105
7196	7197	1.3077
7197	7198	1.3436
7198	7199	1.3688
7199	7200	1.3607
7200	7201	1.3424
7201	7202	1.3502
7202	7203	1.3497
7203	7204	1.3377
7204	7205	1.3685
7205	7206	1.3408
7206	7207	1.3416
7207	7208	1.3604
7208	7209	1.3499
7209	7210	1.3375
7210	7211	1.3503
7211	7212	1.3871
7212	7213	1.3740
7213	7214	1.3544
7214	7215	1.3919
7215	7216	1.3717
7216	7217	1.3677
7217	7218	1.3568
7218	7219	1.3411
7219	7220	1.3412
7220	7221	1.3488
7221	7222	1.3129
7222	7223	1.3168
7223	7224	1.3730
7224	7225	1.3293
7225	7226	1.3475
7226	7227	1.3375
7227	7228	1.3432
7228	7229	1.2755
7229	7230	1.3364
7230	7231	1.3120
7231	7232	1.3192
7232	7233	1.3494
7233	7234	1.3795
7234	7235	1.3130
7235	7236	1.3259
7236	7237	1.3477
7237	7238	1.4126
7238	7239	1.3884
7239	7240	1.3715
7240	7241	1.3739
7241	7242	1.3335
7242	7243	1.2921
7243	7244	1.2562
7244	7245	1.2881
7245	7246	1.2994
7246	7247	1.3136
7247	7248	1.3079
7248	7249	1.3193
7249	7250	1.2956
7250	7251	1.3386
7251	7252	1.3188
7252	7253	1.3292
7253	7254	1.3322
7254	7255	1.3800
7255	7256	1.3402
7256	7257	1.3436
7257	7258	1.3254
7258	7259	1.3464
7259	7260	1.3104
7260	7261	1.3189
7261	7262	1.2894
7262	7263	1.2677
7263	7264	1.3342
7264	7265	1.2933
7265	7266	1.2789
7266	7267	1.2850
7267	7268	1.2777
7268	7269	1.2844
7269	7270	1.3106
7270	7271	1.2894
7271	7272	1.2964
7272	7273	1.2756
7273	7274	1.2932
7274	7275	1.3354
7275	7276	1.3233
7276	7277	1.3047
7277	7278	1.2699
7278	7279	1.3387
7279	7280	1.3473
7280	7281	1.3539
7281	7282	1.3545
7282	7283	1.3606
7283	7284	1.3579
7284	7285	1.3180
7285	7286	1.3420
7286	7287	1.3202
7287	7288	1.3314
7288	7289	1.3237
7289	7290	1.2826
7290	7291	1.3103
7291	7292	1.3398
7292	7293	1.3309
7293	7294	1.3373
7294	7295	1.3299
7295	7296	1.3019
7296	7297	1.2525
7297	7298	1.2891
7298	7299	1.3099
7299	7300	1.3033
7300	7301	1.3292
7301	7302	1.3178
7302	7303	1.2581
7303	7304	1.2152
7304	7305	1.2303
7305	7306	1.2254
7306	7307	1.2321
7307	7308	1.2031
7308	7309	1.1978
7309	7310	1.2273
7310	7311	1.2452
7311	7312	1.2654
7312	7313	1.2935
7313	7314	1.2852
7314	7315	1.3222
7315	7316	1.3248
7316	7317	1.3125
7317	7318	1.3456
7318	7319	1.3321
7319	7320	1.3737
7320	7321	1.3137
7321	7322	1.3226
7322	7323	1.3515
7323	7324	1.3191
7324	7325	1.3080
7325	7326	1.3211
7326	7327	1.3150
7327	7328	1.3062
7328	7329	1.3064
7329	7330	1.2985
7330	7331	1.2463
7331	7332	1.2164
7332	7333	1.2894
7333	7334	1.2480
7334	7335	1.2433
7335	7336	1.2855
7336	7337	1.2635
7337	7338	1.2537
7338	7339	1.2656
7339	7340	1.2155
7340	7341	1.2226
7341	7342	1.2289
7342	7343	1.2361
7343	7344	1.2188
7344	7345	1.2548
7345	7346	1.2642
7346	7347	1.2330
7347	7348	1.2352
7348	7349	1.1887
7349	7350	1.2146
7350	7351	1.2308
7351	7352	1.2367
7352	7353	1.2510
7353	7354	1.2530
7354	7355	1.2870
7355	7356	1.3021
7356	7357	1.3261
7357	7358	1.2932
7358	7359	1.3166
7359	7360	1.3146
7360	7361	1.2826
7361	7362	1.2474
7362	7363	1.2632
7363	7364	1.2012
7364	7365	1.1994
7365	7366	1.1926
7366	7367	1.1845
7367	7368	1.1797
7368	7369	1.1833
7369	7370	1.1830
7370	7371	1.1809
7371	7372	1.2252
7372	7373	1.2487
7373	7374	1.2318
7374	7375	1.2624
7375	7376	1.2234
7376	7377	1.2451
7377	7378	1.2598
7378	7379	1.2440
7379	7380	1.2110
7380	7381	1.2474
7381	7382	1.2438
7382	7383	1.2109
7383	7384	1.2315
7384	7385	1.2262
7385	7386	1.2087
7386	7387	1.2612
7387	7388	1.2656
7388	7389	1.2586
7389	7390	1.2663
7390	7391	1.2242
7391	7392	1.2172
7392	7393	1.2110
7393	7394	1.2276
7394	7395	1.2558
7395	7396	1.2485
7396	7397	1.3189
7397	7398	1.3090
7398	7399	1.2719
7399	7400	1.2488
7400	7401	1.2498
7401	7402	1.2330
7402	7403	1.2502
7403	7404	1.2336
7404	7405	1.2806
7405	7406	1.3206
7406	7407	1.3432
7407	7408	1.3227
7408	7409	1.3160
7409	7410	1.3140
7410	7411	1.3268
7411	7412	1.3245
7412	7413	1.3358
7413	7414	1.3391
7414	7415	1.3460
7415	7416	1.3112
7416	7417	1.3380
7417	7418	1.3140
7418	7419	1.3278
7419	7420	1.3354
7420	7421	1.3305
7421	7422	1.3039
7422	7423	1.3007
7423	7424	1.3091
7424	7425	1.3370
7425	7426	1.3817
7426	7427	1.3750
7427	7428	1.3537
7428	7429	1.3268
7429	7430	1.3798
7430	7431	1.3437
7431	7432	1.3518
7432	7433	1.3577
7433	7434	1.3448
7434	7435	1.3721
7435	7436	1.4345
7436	7437	1.4489
7437	7438	1.4049
7438	7439	1.4135
7439	7440	1.3983
7440	7441	1.4270
7441	7442	1.3784
7442	7443	1.3952
7443	7444	1.4377
7444	7445	1.4035
7445	7446	1.4289
7446	7447	1.4668
7447	7448	1.4450
7448	7449	1.4309
7449	7450	1.4368
7450	7451	1.4373
7451	7452	1.4175
7452	7453	1.3669
7453	7454	1.3287
7454	7455	1.3810
7455	7456	1.3856
7456	7457	1.3826
7457	7458	1.3742
7458	7459	1.3729
7459	7460	1.3342
7460	7461	1.3373
7461	7462	1.2951
7462	7463	1.3322
7463	7464	1.3329
7464	7465	1.2809
7465	7466	1.3422
7466	7467	1.3537
7467	7468	1.3780
7468	7469	1.3705
7469	7470	1.4059
7470	7471	1.3908
7471	7472	1.3777
7472	7473	1.4147
7473	7474	1.4231
7474	7475	1.4132
7475	7476	1.4243
7476	7477	1.3804
7477	7478	1.3965
7478	7479	1.4527
7479	7480	1.4475
7480	7481	1.4868
7481	7482	1.4373
7482	7483	1.4690
7483	7484	1.4659
7484	7485	1.4575
7485	7486	1.4569
7486	7487	1.4784
7487	7488	1.4950
7488	7489	1.4640
7489	7490	1.4761
7490	7491	1.4863
7491	7492	1.4589
7492	7493	1.4180
7493	7494	1.4151
7494	7495	1.4237
7495	7496	1.4732
7496	7497	1.4648
7497	7498	1.4049
7498	7499	1.4463
7499	7500	1.4465
7500	7501	1.4630
7501	7502	1.4960
7502	7503	1.5020
7503	7504	1.4967
7504	7505	1.5172
7505	7506	1.5255
7506	7507	1.4923
7507	7508	1.4960
7508	7509	1.4918
7509	7510	1.4690
7510	7511	1.4500
7511	7512	1.4515
7512	7513	1.4941
7513	7514	1.4431
7514	7515	1.4403
7515	7516	1.4547
7516	7517	1.4824
7517	7518	1.5359
7518	7519	1.4598
7519	7520	1.4574
7520	7521	1.4769
7521	7522	1.4619
7522	7523	1.4450
7523	7524	1.4342
7524	7525	1.4256
7525	7526	1.4145
7526	7527	1.3684
7527	7528	1.4138
7528	7529	1.4234
7529	7530	1.4200
7530	7531	1.4898
7531	7532	1.4940
7532	7533	1.4799
7533	7534	1.4606
7534	7535	1.4923
7535	7536	1.5061
7536	7537	1.4736
7537	7538	1.5038
7538	7539	1.4831
7539	7540	1.4689
7540	7541	1.5074
7541	7542	1.5185
7542	7543	1.4809
7543	7544	1.4627
7544	7545	1.4711
7545	7546	1.4138
7546	7547	1.4543
7547	7548	1.4612
7548	7549	1.5204
7549	7550	1.5069
7550	7551	1.4965
7551	7552	1.5185
7552	7553	1.5452
7553	7554	1.4861
7554	7555	1.4963
7555	7556	1.5204
7556	7557	1.5332
7557	7558	1.5051
7558	7559	1.5157
7559	7560	1.4875
7560	7561	1.5154
7561	7562	1.4729
7562	7563	1.4890
7563	7564	1.5332
7564	7565	1.5613
7565	7566	1.5833
7566	7567	1.5725
7567	7568	1.5911
7568	7569	1.5229
7569	7570	1.5595
7570	7571	1.6028
7571	7572	1.6172
7572	7573	1.5792
7573	7574	1.5456
7574	7575	1.5774
7575	7576	1.5699
7576	7577	1.5633
7577	7578	1.5328
7578	7579	1.5031
7579	7580	1.5210
7580	7581	1.4798
7581	7582	1.4487
7582	7583	1.4073
7583	7584	1.4348
7584	7585	1.4827
7585	7586	1.5106
7586	7587	1.4732
7587	7588	1.4225
7588	7589	1.4428
7589	7590	1.4210
7590	7591	1.4150
7591	7592	1.4624
7592	7593	1.4155
7593	7594	1.4033
7594	7595	1.3840
7595	7596	1.3730
7596	7597	1.4152
7597	7598	1.4378
7598	7599	1.4485
7599	7600	1.4433
7600	7601	1.4960
7601	7602	1.4934
7602	7603	1.4758
7603	7604	1.4951
7604	7605	1.5563
7605	7606	1.5406
7606	7607	1.5178
7607	7608	1.5367
7608	7609	1.5402
7609	7610	1.5463
7610	7611	1.5273
7611	7612	1.4961
7612	7613	1.5118
7613	7614	1.4757
7614	7615	1.5286
7615	7616	1.5363
7616	7617	1.5228
7617	7618	1.4538
7618	7619	1.4397
7619	7620	1.5167
7620	7621	1.4721
7621	7622	1.4923
7622	7623	1.5670
7623	7624	1.5450
7624	7625	1.5389
7625	7626	1.5184
7626	7627	1.5529
7627	7628	1.5678
7628	7629	1.6116
7629	7630	1.6287
7630	7631	1.6510
7631	7632	1.5719
7632	7633	1.5167
7633	7634	1.5086
7634	7635	1.5475
7635	7636	1.5643
7636	7637	1.5562
7637	7638	1.6285
7638	7639	1.6321
7639	7640	1.6408
7640	7641	1.6139
7641	7642	1.5831
7642	7643	1.5909
7643	7644	1.5882
7644	7645	1.6161
7645	7646	1.6331
7646	7647	1.6116
7647	7648	1.5816
7648	7649	1.6495
7649	7650	1.6629
7650	7651	1.6278
7651	7652	1.6248
7652	7653	1.6092
7653	7654	1.6370
7654	7655	1.6202
7655	7656	1.5967
7656	7657	1.6067
7657	7658	1.6473
7658	7659	1.6036
7659	7660	1.5975
7660	7661	1.6289
7661	7662	1.6458
7662	7663	1.6369
7663	7664	1.6513
7664	7665	1.6741
7665	7666	1.6522
7666	7667	1.7070
7667	7668	1.7020
7668	7669	1.6999
7669	7670	1.6684
7670	7671	1.6270
7671	7672	1.6453
7672	7673	1.6215
7673	7674	1.6078
7674	7675	1.6438
7675	7676	1.6407
7676	7677	1.6521
7677	7678	1.6601
7678	7679	1.6825
7679	7680	1.6635
7680	7681	1.5907
7681	7682	1.5360
7682	7683	1.5120
7683	7684	1.5193
7684	7685	1.5540
7685	7686	1.5401
7686	7687	1.5419
7687	7688	1.5779
7688	7689	1.5622
7689	7690	1.5794
7690	7691	1.5351
7691	7692	1.5505
7692	7693	1.5632
7693	7694	1.5707
7694	7695	1.5553
7695	7696	1.5845
7696	7697	1.5700
7697	7698	1.5703
7698	7699	1.5135
7699	7700	1.5555
7700	7701	1.5282
7701	7702	1.5610
7702	7703	1.5624
7703	7704	1.5479
7704	7705	1.5404
7705	7706	1.5355
7706	7707	1.5429
7707	7708	1.5654
7708	7709	1.5360
7709	7710	1.5642
7710	7711	1.5911
7711	7712	1.5533
7712	7713	1.5700
7713	7714	1.5536
7714	7715	1.4792
7715	7716	1.5117
7716	7717	1.5030
7717	7718	1.4690
7718	7719	1.5023
7719	7720	1.4993
7720	7721	1.5112
7721	7722	1.5021
7722	7723	1.5179
7723	7724	1.4520
7724	7725	1.4499
7725	7726	1.3983
7726	7727	1.3979
7727	7728	1.3908
7728	7729	1.3745
7729	7730	1.3867
7730	7731	1.3866
7731	7732	1.3822
7732	7733	1.3549
7733	7734	1.3856
7734	7735	1.3851
7735	7736	1.3937
7736	7737	1.4114
7737	7738	1.4191
7738	7739	1.4047
7739	7740	1.3918
7740	7741	1.3849
7741	7742	1.3903
7742	7743	1.3776
7743	7744	1.3875
7744	7745	1.3726
7745	7746	1.4018
7746	7747	1.3326
7747	7748	1.3382
7748	7749	1.3677
7749	7750	1.3314
7750	7751	1.2952
7751	7752	1.2613
7752	7753	1.3228
7753	7754	1.3121
7754	7755	1.2630
7755	7756	1.2717
7756	7757	1.2551
7757	7758	1.2602
7758	7759	1.2539
7759	7760	1.2036
7760	7761	1.2465
7761	7762	1.2961
7762	7763	1.2568
7763	7764	1.2132
7764	7765	1.2801
7765	7766	1.3067
7766	7767	1.3309
7767	7768	1.2902
7768	7769	1.3485
7769	7770	1.2942
7770	7771	1.2681
7771	7772	1.3241
7772	7773	1.3121
7773	7774	1.2417
7774	7775	1.2684
7775	7776	1.2928
7776	7777	1.3013
7777	7778	1.3281
7778	7779	1.2829
7779	7780	1.2866
7780	7781	1.3063
7781	7782	1.3208
7782	7783	1.3380
7783	7784	1.3476
7784	7785	1.3342
7785	7786	1.3355
7786	7787	1.3121
7787	7788	1.2800
7788	7789	1.3081
7789	7790	1.2587
7790	7791	1.2783
7791	7792	1.3229
7792	7793	1.3675
7793	7794	1.4254
7794	7795	1.4060
7795	7796	1.4168
7796	7797	1.3979
7797	7798	1.3757
7798	7799	1.3899
7799	7800	1.3358
7800	7801	1.3769
7801	7802	1.3797
7802	7803	1.3660
7803	7804	1.3445
7804	7805	1.3308
7805	7806	1.3530
7806	7807	1.3261
7807	7808	1.3895
7808	7809	1.3402
7809	7810	1.3867
7810	7811	1.4455
7811	7812	1.4275
7812	7813	1.4535
7813	7814	1.5143
7814	7815	1.4884
7815	7816	1.4890
7816	7817	1.5110
7817	7818	1.4502
7818	7819	1.4103
7819	7820	1.4506
7820	7821	1.4548
7821	7822	1.4527
7822	7823	1.4653
7823	7824	1.4502
7824	7825	1.4365
7825	7826	1.4427
7826	7827	1.4215
7827	7828	1.4624
7828	7829	1.4187
7829	7830	1.4153
7830	7831	1.4013
7831	7832	1.3787
7832	7833	1.3953
7833	7834	1.3925
7834	7835	1.3534
7835	7836	1.3339
7836	7837	1.4085
7837	7838	1.4106
7838	7839	1.3969
7839	7840	1.4148
7840	7841	1.4056
7841	7842	1.4286
7842	7843	1.4023
7843	7844	1.3752
7844	7845	1.3833
7845	7846	1.4409
7846	7847	1.4436
7847	7848	1.4011
7848	7849	1.4194
7849	7850	1.4335
7850	7851	1.4215
7851	7852	1.3850
7852	7853	1.3605
7853	7854	1.3570
7854	7855	1.3828
7855	7856	1.3612
7856	7857	1.3497
7857	7858	1.3026
7858	7859	1.3277
7859	7860	1.2994
7860	7861	1.3235
7861	7862	1.3374
7862	7863	1.3989
7863	7864	1.3574
7864	7865	1.3494
7865	7866	1.3314
7866	7867	1.3251
7867	7868	1.3226
7868	7869	1.2741
7869	7870	1.3278
7870	7871	1.3772
7871	7872	1.3343
7872	7873	1.3384
7873	7874	1.3759
7874	7875	1.3571
7875	7876	1.3542
7876	7877	1.3720
7877	7878	1.3876
7878	7879	1.4128
7879	7880	1.4216
7880	7881	1.3777
7881	7882	1.4327
7882	7883	1.4523
7883	7884	1.4415
7884	7885	1.4422
7885	7886	1.3988
7886	7887	1.4314
7887	7888	1.3868
7888	7889	1.4428
7889	7890	1.4588
7890	7891	1.4648
7891	7892	1.4547
7892	7893	1.4878
7893	7894	1.4621
7894	7895	1.4617
7895	7896	1.4294
7896	7897	1.4559
7897	7898	1.4753
7898	7899	1.4982
7899	7900	1.4609
7900	7901	1.4149
7901	7902	1.4235
7902	7903	1.4224
7903	7904	1.4040
7904	7905	1.4545
7905	7906	1.4498
7906	7907	1.4029
7907	7908	1.3823
7908	7909	1.3703
7909	7910	1.4127
7910	7911	1.4089
7911	7912	1.4046
7912	7913	1.4206
7913	7914	1.3655
7914	7915	1.3533
7915	7916	1.3557
7916	7917	1.3426
7917	7918	1.3592
7918	7919	1.3804
7919	7920	1.3403
7920	7921	1.3031
7921	7922	1.3321
7922	7923	1.2803
7923	7924	1.3064
7924	7925	1.3829
7925	7926	1.3346
7926	7927	1.3347
7927	7928	1.3597
7928	7929	1.3229
7929	7930	1.2802
7930	7931	1.2974
7931	7932	1.2870
7932	7933	1.2512
7933	7934	1.2922
7934	7935	1.3337
7935	7936	1.2743
7936	7937	1.3099
7937	7938	1.3200
7938	7939	1.3088
7939	7940	1.2979
7940	7941	1.2988
7941	7942	1.3010
7942	7943	1.3337
7943	7944	1.3590
7944	7945	1.3963
7945	7946	1.4059
7946	7947	1.3239
7947	7948	1.2935
7948	7949	1.2798
7949	7950	1.3110
7950	7951	1.2924
7951	7952	1.2932
7952	7953	1.2882
7953	7954	1.2711
7954	7955	1.2524
7955	7956	1.2722
7956	7957	1.2578
7957	7958	1.2228
7958	7959	1.2834
7959	7960	1.3112
7960	7961	1.3093
7961	7962	1.2444
7962	7963	1.2775
7963	7964	1.3168
7964	7965	1.2777
7965	7966	1.2310
7966	7967	1.2337
7967	7968	1.2127
7968	7969	1.2754
7969	7970	1.2201
7970	7971	1.2484
7971	7972	1.2187
7972	7973	1.1949
7973	7974	1.1894
7974	7975	1.1983
7975	7976	1.2041
7976	7977	1.2100
7977	7978	1.1887
7978	7979	1.2209
7979	7980	1.2590
7980	7981	1.2331
7981	7982	1.2280
7982	7983	1.2228
7983	7984	1.1998
7984	7985	1.2546
7985	7986	1.2055
7986	7987	1.2010
7987	7988	1.1912
7988	7989	1.1808
7989	7990	1.1988
7990	7991	1.1989
7991	7992	1.2550
7992	7993	1.3001
7993	7994	1.2700
7994	7995	1.2860
7995	7996	1.2512
7996	7997	1.2696
7997	7998	1.3068
7998	7999	1.2488
7999	8000	1.2383
8000	8001	1.2573
8001	8002	1.2533
8002	8003	1.2173
8003	8004	1.2465
8004	8005	1.2398
8005	8006	1.2429
8006	8007	1.2244
8007	8008	1.2479
8008	8009	1.2675
8009	8010	1.2367
8010	8011	1.2526
8011	8012	1.2746
8012	8013	1.2851
8013	8014	1.2269
8014	8015	1.2493
8015	8016	1.2548
8016	8017	1.2485
8017	8018	1.2705
8018	8019	1.2833
8019	8020	1.2890
8020	8021	1.3255
8021	8022	1.2620
8022	8023	1.2597
8023	8024	1.3153
8024	8025	1.2726
8025	8026	1.3372
8026	8027	1.2559
8027	8028	1.2532
8028	8029	1.3114
8029	8030	1.2956
8030	8031	1.2727
8031	8032	1.2512
8032	8033	1.2837
8033	8034	1.3317
8034	8035	1.3071
8035	8036	1.3119
8036	8037	1.3344
8037	8038	1.3403
8038	8039	1.3071
8039	8040	1.3072
8040	8041	1.3106
8041	8042	1.3487
8042	8043	1.3576
8043	8044	1.3459
8044	8045	1.3562
8045	8046	1.3707
8046	8047	1.3284
8047	8048	1.3673
8048	8049	1.3718
8049	8050	1.3337
8050	8051	1.3368
8051	8052	1.3657
8052	8053	1.3468
8053	8054	1.3620
8054	8055	1.3937
8055	8056	1.3584
8056	8057	1.3556
8057	8058	1.3585
8058	8059	1.3848
8059	8060	1.3903
8060	8061	1.3816
8061	8062	1.3862
8062	8063	1.3553
8063	8064	1.3563
8064	8065	1.3513
8065	8066	1.3675
8066	8067	1.3604
8067	8068	1.3562
8068	8069	1.4324
8069	8070	1.4110
8070	8071	1.4362
8071	8072	1.4615
8072	8073	1.4424
8073	8074	1.4184
8074	8075	1.4459
8075	8076	1.4566
8076	8077	1.4166
8077	8078	1.4360
8078	8079	1.4584
8079	8080	1.4611
8080	8081	1.4390
8081	8082	1.4560
8082	8083	1.4178
8083	8084	1.4273
8084	8085	1.3831
8085	8086	1.4144
8086	8087	1.4433
8087	8088	1.4227
8088	8089	1.3680
8089	8090	1.3789
8090	8091	1.3744
8091	8092	1.3244
8092	8093	1.3382
8093	8094	1.3764
8094	8095	1.3706
8095	8096	1.4025
8096	8097	1.3698
8097	8098	1.3647
8098	8099	1.3771
8099	8100	1.3907
8100	8101	1.4259
8101	8102	1.3814
8102	8103	1.4115
8103	8104	1.3839
8104	8105	1.4309
8105	8106	1.4395
8106	8107	1.4195
8107	8108	1.4119
8108	8109	1.3924
8109	8110	1.4159
8110	8111	1.4233
8111	8112	1.4339
8112	8113	1.4183
8113	8114	1.3789
8114	8115	1.4100
8115	8116	1.3861
8116	8117	1.3280
8117	8118	1.3104
8118	8119	1.3655
8119	8120	1.2755
8120	8121	1.3095
8121	8122	1.3213
8122	8123	1.3225
8123	8124	1.3457
8124	8125	1.2858
8125	8126	1.2823
8126	8127	1.2912
8127	8128	1.2669
8128	8129	1.2788
8129	8130	1.2549
8130	8131	1.2437
8131	8132	1.2427
8132	8133	1.2094
8133	8134	1.2332
8134	8135	1.2397
8135	8136	1.2345
8136	8137	1.2058
8137	8138	1.1785
8138	8139	1.1948
8139	8140	1.2066
8140	8141	1.1703
8141	8142	1.1796
8142	8143	1.1801
8143	8144	1.1925
8144	8145	1.1732
8145	8146	1.1032
8146	8147	1.0818
8147	8148	1.1183
8148	8149	1.0674
8149	8150	1.0720
8150	8151	1.1206
8151	8152	1.0947
8152	8153	1.1367
8153	8154	1.1044
8154	8155	1.1084
8155	8156	1.1040
8156	8157	1.1443
8157	8158	1.1773
8158	8159	1.1402
8159	8160	1.1331
8160	8161	1.1393
8161	8162	1.1258
8162	8163	1.1780
8163	8164	1.1458
8164	8165	1.1712
8165	8166	1.1790
8166	8167	1.2224
8167	8168	1.2120
8168	8169	1.2060
8169	8170	1.2059
8170	8171	1.2573
8171	8172	1.2663
8172	8173	1.2393
8173	8174	1.1965
8174	8175	1.1825
8175	8176	1.1692
8176	8177	1.1878
8177	8178	1.2108
8178	8179	1.2188
8179	8180	1.2216
8180	8181	1.2187
8181	8182	1.2207
8182	8183	1.2007
8183	8184	1.2204
8184	8185	1.2038
8185	8186	1.1535
8186	8187	1.1731
8187	8188	1.1679
8188	8189	1.2109
8189	8190	1.1957
8190	8191	1.2093
8191	8192	1.2002
8192	8193	1.1691
8193	8194	1.2023
8194	8195	1.1601
8195	8196	1.1811
8196	8197	1.2006
8197	8198	1.2068
8198	8199	1.2158
8199	8200	1.2532
8200	8201	1.2216
8201	8202	1.2391
8202	8203	1.2513
8203	8204	1.1877
8204	8205	1.1698
8205	8206	1.1899
8206	8207	1.1868
8207	8208	1.2185
8208	8209	1.1903
8209	8210	1.1956
8210	8211	1.2213
8211	8212	1.1841
8212	8213	1.1923
8213	8214	1.2004
8214	8215	1.2046
8215	8216	1.2535
8216	8217	1.2055
8217	8218	1.2407
8218	8219	1.3031
8219	8220	1.2547
8220	8221	1.2684
8221	8222	1.2692
8222	8223	1.2612
8223	8224	1.3030
8224	8225	1.2399
8225	8226	1.2155
8226	8227	1.1660
8227	8228	1.1876
8228	8229	1.1677
8229	8230	1.2004
8230	8231	1.2407
8231	8232	1.2313
8232	8233	1.2123
8233	8234	1.2241
8234	8235	1.2237
8235	8236	1.1920
8236	8237	1.1875
8237	8238	1.2221
8238	8239	1.2170
8239	8240	1.2465
8240	8241	1.2278
8241	8242	1.2254
8242	8243	1.2240
8243	8244	1.2226
8244	8245	1.2137
8245	8246	1.2224
8246	8247	1.2562
8247	8248	1.2552
8248	8249	1.2473
8249	8250	1.2613
8250	8251	1.2928
8251	8252	1.3111
8252	8253	1.3087
8253	8254	1.3071
8254	8255	1.2825
8255	8256	1.2394
8256	8257	1.2806
8257	8258	1.3172
8258	8259	1.3417
8259	8260	1.3264
8260	8261	1.3003
8261	8262	1.3442
8262	8263	1.3246
8263	8264	1.3439
8264	8265	1.3124
8265	8266	1.2940
8266	8267	1.3098
8267	8268	1.2890
8268	8269	1.2732
8269	8270	1.2841
8270	8271	1.3086
8271	8272	1.3241
8272	8273	1.3288
8273	8274	1.3607
8274	8275	1.3314
8275	8276	1.3642
8276	8277	1.3924
8277	8278	1.3780
8278	8279	1.3900
8279	8280	1.3944
8280	8281	1.4102
8281	8282	1.4098
8282	8283	1.4119
8283	8284	1.4224
8284	8285	1.4038
8285	8286	1.3687
8286	8287	1.3534
8287	8288	1.3503
8288	8289	1.3622
8289	8290	1.3452
8290	8291	1.3788
8291	8292	1.4056
8292	8293	1.3834
8293	8294	1.3725
8294	8295	1.3576
8295	8296	1.3966
8296	8297	1.3541
8297	8298	1.3318
8298	8299	1.3487
8299	8300	1.3873
8300	8301	1.4344
8301	8302	1.4160
8302	8303	1.4343
8303	8304	1.4120
8304	8305	1.4387
8305	8306	1.4666
8306	8307	1.4597
8307	8308	1.4297
8308	8309	1.4517
8309	8310	1.4394
8310	8311	1.4266
8311	8312	1.4306
8312	8313	1.4132
8313	8314	1.4280
8314	8315	1.4476
8315	8316	1.4233
8316	8317	1.4322
8317	8318	1.4430
8318	8319	1.4524
8319	8320	1.4118
8320	8321	1.4360
8321	8322	1.4332
8322	8323	1.3977
8323	8324	1.3867
8324	8325	1.3806
8325	8326	1.3412
8326	8327	1.3766
8327	8328	1.3795
8328	8329	1.3476
8329	8330	1.3905
8330	8331	1.3987
8331	8332	1.3830
8332	8333	1.3695
8333	8334	1.3623
8334	8335	1.3706
8335	8336	1.4119
8336	8337	1.3800
8337	8338	1.4224
8338	8339	1.3787
8339	8340	1.3634
8340	8341	1.3554
8341	8342	1.3191
8342	8343	1.3148
8343	8344	1.2953
8344	8345	1.3326
8345	8346	1.3365
8346	8347	1.3498
8347	8348	1.3709
8348	8349	1.3539
8349	8350	1.3885
8350	8351	1.3873
8351	8352	1.4166
8352	8353	1.3793
8353	8354	1.2970
8354	8355	1.3116
8355	8356	1.3448
8356	8357	1.3615
8357	8358	1.3247
8358	8359	1.3521
8359	8360	1.4053
8360	8361	1.3617
8361	8362	1.3692
8362	8363	1.3905
8363	8364	1.3723
8364	8365	1.3820
8365	8366	1.4125
8366	8367	1.3713
8367	8368	1.3443
8368	8369	1.3771
8369	8370	1.3752
8370	8371	1.4179
8371	8372	1.3968
8372	8373	1.4003
8373	8374	1.3959
8374	8375	1.4208
8375	8376	1.4437
8376	8377	1.4655
8377	8378	1.4629
8378	8379	1.4643
8379	8380	1.3899
8380	8381	1.4299
8381	8382	1.3914
8382	8383	1.3732
8383	8384	1.3310
8384	8385	1.3342
8385	8386	1.4045
8386	8387	1.3848
8387	8388	1.3730
8388	8389	1.3806
8389	8390	1.3423
8390	8391	1.3384
8391	8392	1.2980
8392	8393	1.3210
8393	8394	1.3111
8394	8395	1.2879
8395	8396	1.3086
8396	8397	1.3190
8397	8398	1.3123
8398	8399	1.3392
8399	8400	1.3106
8400	8401	1.2958
8401	8402	1.3364
8402	8403	1.3174
8403	8404	1.3306
8404	8405	1.3408
8405	8406	1.3911
8406	8407	1.3703
8407	8408	1.2955
8408	8409	1.3248
8409	8410	1.3171
8410	8411	1.3140
8411	8412	1.3069
8412	8413	1.2932
8413	8414	1.2852
8414	8415	1.3128
8415	8416	1.3433
8416	8417	1.3590
8417	8418	1.3392
8418	8419	1.3088
8419	8420	1.3160
8420	8421	1.3223
8421	8422	1.3211
8422	8423	1.3098
8423	8424	1.2974
8424	8425	1.2872
8425	8426	1.2879
8426	8427	1.3098
8427	8428	1.2910
8428	8429	1.2472
8429	8430	1.2777
8430	8431	1.2814
8431	8432	1.3360
8432	8433	1.3149
8433	8434	1.2792
8434	8435	1.2851
8435	8436	1.2863
8436	8437	1.2936
8437	8438	1.3016
8438	8439	1.3356
8439	8440	1.3183
8440	8441	1.3409
8441	8442	1.3210
8442	8443	1.3484
8443	8444	1.3782
8444	8445	1.3788
8445	8446	1.3600
8446	8447	1.3324
8447	8448	1.3394
8448	8449	1.3619
8449	8450	1.3073
8450	8451	1.3455
8451	8452	1.3905
8452	8453	1.4097
8453	8454	1.4086
8454	8455	1.4159
8455	8456	1.4331
8456	8457	1.3689
8457	8458	1.3496
8458	8459	1.4155
8459	8460	1.3829
8460	8461	1.3878
8461	8462	1.4053
8462	8463	1.4139
8463	8464	1.3767
8464	8465	1.4359
8465	8466	1.4250
8466	8467	1.4310
8467	8468	1.4529
8468	8469	1.4944
8469	8470	1.4672
8470	8471	1.4486
8471	8472	1.3992
8472	8473	1.4045
8473	8474	1.3727
8474	8475	1.3614
8475	8476	1.3679
8476	8477	1.3723
8477	8478	1.4051
8478	8479	1.3797
8479	8480	1.3599
8480	8481	1.3793
8481	8482	1.3921
8482	8483	1.4125
8483	8484	1.3890
8484	8485	1.3589
8485	8486	1.3781
8486	8487	1.3518
8487	8488	1.3497
8488	8489	1.3850
8489	8490	1.3791
8490	8491	1.3634
8491	8492	1.3728
8492	8493	1.3390
8493	8494	1.3593
8494	8495	1.3803
8495	8496	1.3722
8496	8497	1.3022
8497	8498	1.3425
8498	8499	1.3259
8499	8500	1.3178
8500	8501	1.2830
8501	8502	1.2894
8502	8503	1.3059
8503	8504	1.3535
8504	8505	1.3063
8505	8506	1.3015
8506	8507	1.3278
8507	8508	1.3219
8508	8509	1.3039
8509	8510	1.3505
8510	8511	1.3117
8511	8512	1.3035
8512	8513	1.3816
8513	8514	1.3759
8514	8515	1.3452
8515	8516	1.4013
8516	8517	1.4246
8517	8518	1.3761
8518	8519	1.3554
8519	8520	1.3546
8520	8521	1.3737
8521	8522	1.3466
8522	8523	1.3516
8523	8524	1.3803
8524	8525	1.3658
8525	8526	1.3370
8526	8527	1.3701
8527	8528	1.4266
8528	8529	1.3970
8529	8530	1.3625
8530	8531	1.4342
8531	8532	1.4141
8532	8533	1.3742
8533	8534	1.3954
8534	8535	1.4076
8535	8536	1.3839
8536	8537	1.3536
8537	8538	1.3476
8538	8539	1.3533
8539	8540	1.3650
8540	8541	1.3825
8541	8542	1.4010
8542	8543	1.3945
8543	8544	1.3955
8544	8545	1.3484
8545	8546	1.3389
8546	8547	1.3825
8547	8548	1.4144
8548	8549	1.4278
8549	8550	1.3855
8550	8551	1.4006
8551	8552	1.3699
8552	8553	1.3618
8553	8554	1.3760
8554	8555	1.4265
8555	8556	1.3664
8556	8557	1.3450
8557	8558	1.4060
8558	8559	1.3694
8559	8560	1.4387
8560	8561	1.4047
8561	8562	1.3442
8562	8563	1.3458
8563	8564	1.3593
8564	8565	1.3662
8565	8566	1.3612
8566	8567	1.3693
8567	8568	1.3796
8568	8569	1.3519
8569	8570	1.3189
8570	8571	1.3647
8571	8572	1.3561
8572	8573	1.3130
8573	8574	1.3538
8574	8575	1.3986
8575	8576	1.4079
8576	8577	1.4523
8577	8578	1.4552
8578	8579	1.4401
8579	8580	1.4053
8580	8581	1.4026
8581	8582	1.4419
8582	8583	1.4389
8583	8584	1.4333
8584	8585	1.4172
8585	8586	1.4399
8586	8587	1.4416
8587	8588	1.4031
8588	8589	1.4126
8589	8590	1.4336
8590	8591	1.4114
8591	8592	1.3842
8592	8593	1.4486
8593	8594	1.4050
8594	8595	1.4364
8595	8596	1.4738
8596	8597	1.4987
8597	8598	1.4582
8598	8599	1.4540
8599	8600	1.4473
8600	8601	1.4244
8601	8602	1.4598
8602	8603	1.4675
8603	8604	1.4802
8604	8605	1.4994
8605	8606	1.4738
8606	8607	1.4737
8607	8608	1.5722
8608	8609	1.5258
8609	8610	1.5152
8610	8611	1.5315
8611	8612	1.5247
8612	8613	1.5260
8613	8614	1.5284
8614	8615	1.5024
8615	8616	1.4907
8616	8617	1.5373
8617	8618	1.5148
8618	8619	1.5019
8619	8620	1.5132
8620	8621	1.5124
8621	8622	1.5077
8622	8623	1.5208
8623	8624	1.4959
8624	8625	1.4653
8625	8626	1.5451
8626	8627	1.5021
8627	8628	1.4860
8628	8629	1.5290
8629	8630	1.5006
8630	8631	1.4658
8631	8632	1.4823
8632	8633	1.4802
8633	8634	1.4782
8634	8635	1.4478
8635	8636	1.4868
8636	8637	1.5072
8637	8638	1.4756
8638	8639	1.4686
8639	8640	1.4831
8640	8641	1.4801
8641	8642	1.5030
8642	8643	1.5304
8643	8644	1.5066
8644	8645	1.5393
8645	8646	1.4673
8646	8647	1.4863
8647	8648	1.5062
8648	8649	1.5544
8649	8650	1.5441
8650	8651	1.5720
8651	8652	1.5731
8652	8653	1.5681
8653	8654	1.5985
8654	8655	1.5848
8655	8656	1.5629
8656	8657	1.5845
8657	8658	1.5788
8658	8659	1.6358
8659	8660	1.6309
8660	8661	1.6396
8661	8662	1.6187
8662	8663	1.6618
8663	8664	1.6475
8664	8665	1.6570
8665	8666	1.6424
8666	8667	1.6571
8667	8668	1.5983
8668	8669	1.6455
8669	8670	1.5856
8670	8671	1.5770
8671	8672	1.5829
8672	8673	1.6435
8673	8674	1.6302
8674	8675	1.6313
8675	8676	1.5431
8676	8677	1.5923
8677	8678	1.5852
8678	8679	1.6366
8679	8680	1.6323
8680	8681	1.6354
8681	8682	1.6513
8682	8683	1.6418
8683	8684	1.6934
8684	8685	1.6835
8685	8686	1.6657
8686	8687	1.6336
8687	8688	1.5827
8688	8689	1.6251
8689	8690	1.5841
8690	8691	1.6131
8691	8692	1.6181
8692	8693	1.5711
8693	8694	1.5984
8694	8695	1.5089
8695	8696	1.5804
8696	8697	1.6217
8697	8698	1.6507
8698	8699	1.6439
8699	8700	1.5675
8700	8701	1.5638
8701	8702	1.5368
8702	8703	1.5748
8703	8704	1.5897
8704	8705	1.6077
8705	8706	1.5899
8706	8707	1.6093
8707	8708	1.5479
8708	8709	1.5490
8709	8710	1.5905
8710	8711	1.5737
8711	8712	1.5610
8712	8713	1.6183
8713	8714	1.6055
8714	8715	1.6017
8715	8716	1.6050
8716	8717	1.6018
8717	8718	1.5971
8718	8719	1.5862
8719	8720	1.5676
8720	8721	1.5933
8721	8722	1.6014
8722	8723	1.6021
8723	8724	1.5563
8724	8725	1.5524
8725	8726	1.5369
8726	8727	1.5418
8727	8728	1.5461
8728	8729	1.5486
8729	8730	1.5218
8730	8731	1.5632
8731	8732	1.5489
8732	8733	1.5413
8733	8734	1.5858
8734	8735	1.5606
8735	8736	1.6243
8736	8737	1.6609
8737	8738	1.6757
8738	8739	1.6267
8739	8740	1.6334
8740	8741	1.6171
8741	8742	1.6113
8742	8743	1.6113
8743	8744	1.5964
8744	8745	1.6007
8745	8746	1.6098
8746	8747	1.6300
8747	8748	1.6072
8748	8749	1.5986
8749	8750	1.6220
8750	8751	1.6004
8751	8752	1.6081
8752	8753	1.5857
8753	8754	1.5768
8754	8755	1.5364
8755	8756	1.5707
8756	8757	1.5638
8757	8758	1.5526
8758	8759	1.5371
8759	8760	1.4651
8760	8761	1.5188
8761	8762	1.5241
8762	8763	1.5369
8763	8764	1.5417
8764	8765	1.5941
8765	8766	1.5916
8766	8767	1.5576
8767	8768	1.5788
8768	8769	1.5849
8769	8770	1.5883
8770	8771	1.6185
8771	8772	1.6035
8772	8773	1.5825
8773	8774	1.5895
8774	8775	1.5953
8775	8776	1.5926
8776	8777	1.5789
8777	8778	1.5579
8778	8779	1.5899
8779	8780	1.5663
8780	8781	1.5490
8781	8782	1.5942
8782	8783	1.6004
8783	8784	1.5915
8784	8785	1.5509
8785	8786	1.5876
8786	8787	1.6209
8787	8788	1.5762
8788	8789	1.5433
8789	8790	1.5802
8790	8791	1.5801
8791	8792	1.5862
8792	8793	1.5772
8793	8794	1.5705
8794	8795	1.4926
8795	8796	1.4967
8796	8797	1.4769
8797	8798	1.5347
8798	8799	1.5031
8799	8800	1.4957
8800	8801	1.5209
8801	8802	1.4453
8802	8803	1.4799
8803	8804	1.5190
8804	8805	1.5330
8805	8806	1.5131
8806	8807	1.5109
8807	8808	1.5117
8808	8809	1.4923
8809	8810	1.5116
8810	8811	1.4913
8811	8812	1.5126
8812	8813	1.5072
8813	8814	1.5331
8814	8815	1.5296
8815	8816	1.5500
8816	8817	1.5443
8817	8818	1.5236
8818	8819	1.4626
8819	8820	1.4288
8820	8821	1.4725
8821	8822	1.4792
8822	8823	1.5200
8823	8824	1.5121
8824	8825	1.4735
8825	8826	1.4928
8826	8827	1.5173
8827	8828	1.5203
8828	8829	1.4789
8829	8830	1.4736
8830	8831	1.5118
8831	8832	1.5086
8832	8833	1.4971
8833	8834	1.4559
8834	8835	1.5069
8835	8836	1.5120
8836	8837	1.5102
8837	8838	1.5030
8838	8839	1.5012
8839	8840	1.5302
8840	8841	1.5183
8841	8842	1.5319
8842	8843	1.5206
8843	8844	1.4387
8844	8845	1.4278
8845	8846	1.3830
8846	8847	1.4560
8847	8848	1.4376
8848	8849	1.4809
8849	8850	1.4853
8850	8851	1.4478
8851	8852	1.4422
8852	8853	1.4419
8853	8854	1.4302
8854	8855	1.4706
8855	8856	1.4776
8856	8857	1.5418
8857	8858	1.4885
8858	8859	1.5198
8859	8860	1.4942
8860	8861	1.4795
8861	8862	1.5061
8862	8863	1.4481
8863	8864	1.4800
8864	8865	1.4612
8865	8866	1.4834
8866	8867	1.4832
8867	8868	1.4632
8868	8869	1.4449
8869	8870	1.4574
8870	8871	1.4293
8871	8872	1.4317
8872	8873	1.4605
8873	8874	1.4273
8874	8875	1.4663
8875	8876	1.5113
8876	8877	1.4627
8877	8878	1.4320
8878	8879	1.4510
8879	8880	1.4101
8880	8881	1.4118
8881	8882	1.4149
8882	8883	1.4068
8883	8884	1.4449
8884	8885	1.4484
8885	8886	1.4315
8886	8887	1.4402
8887	8888	1.4393
8888	8889	1.5220
8889	8890	1.5193
8890	8891	1.5212
8891	8892	1.4920
8892	8893	1.4953
8893	8894	1.4666
8894	8895	1.4693
8895	8896	1.4654
8896	8897	1.3879
8897	8898	1.3899
8898	8899	1.4071
8899	8900	1.3542
8900	8901	1.3749
8901	8902	1.4012
8902	8903	1.4260
8903	8904	1.3956
8904	8905	1.3767
8905	8906	1.4030
8906	8907	1.3863
8907	8908	1.3882
8908	8909	1.3905
8909	8910	1.3661
8910	8911	1.3495
8911	8912	1.3167
8912	8913	1.3689
8913	8914	1.3623
8914	8915	1.4108
8915	8916	1.4150
8916	8917	1.3726
8917	8918	1.3907
8918	8919	1.4019
8919	8920	1.3734
8920	8921	1.3532
8921	8922	1.3400
8922	8923	1.4126
8923	8924	1.4238
8924	8925	1.4513
8925	8926	1.4256
8926	8927	1.4210
8927	8928	1.4227
8928	8929	1.4534
8929	8930	1.4094
8930	8931	1.3553
8931	8932	1.3142
8932	8933	1.3469
8933	8934	1.3777
8934	8935	1.4128
8935	8936	1.4424
8936	8937	1.4846
8937	8938	1.5061
8938	8939	1.4812
8939	8940	1.4570
8940	8941	1.4422
8941	8942	1.4579
8942	8943	1.4529
8943	8944	1.4780
8944	8945	1.4739
8945	8946	1.3971
8946	8947	1.4063
8947	8948	1.4781
8948	8949	1.4293
8949	8950	1.4137
8950	8951	1.4061
8951	8952	1.4052
8952	8953	1.4055
8953	8954	1.4150
8954	8955	1.3923
8955	8956	1.4293
8956	8957	1.3764
8957	8958	1.3710
8958	8959	1.3947
8959	8960	1.3574
8960	8961	1.3684
8961	8962	1.3998
8962	8963	1.3689
8963	8964	1.4081
8964	8965	1.3832
8965	8966	1.3953
8966	8967	1.4078
8967	8968	1.4171
8968	8969	1.3973
8969	8970	1.4161
8970	8971	1.4177
8971	8972	1.3814
8972	8973	1.3861
8973	8974	1.3789
8974	8975	1.3404
8975	8976	1.4023
8976	8977	1.3896
8977	8978	1.3664
8978	8979	1.3579
8979	8980	1.3387
8980	8981	1.3213
8981	8982	1.3022
8982	8983	1.3592
8983	8984	1.3889
8984	8985	1.3868
8985	8986	1.4167
8986	8987	1.4034
8987	8988	1.4447
8988	8989	1.4425
8989	8990	1.3982
8990	8991	1.3743
8991	8992	1.3922
8992	8993	1.4215
8993	8994	1.4559
8994	8995	1.4546
8995	8996	1.4504
8996	8997	1.4482
8997	8998	1.4542
8998	8999	1.4295
8999	9000	1.4232
9000	9001	1.4119
9001	9002	1.3756
9002	9003	1.4711
9003	9004	1.4805
9004	9005	1.4563
9005	9006	1.4602
9006	9007	1.4449
9007	9008	1.4669
9008	9009	1.4044
9009	9010	1.4297
9010	9011	1.4269
9011	9012	1.4001
9012	9013	1.4212
9013	9014	1.4659
9014	9015	1.4855
9015	9016	1.5163
9016	9017	1.5290
9017	9018	1.4933
9018	9019	1.5587
9019	9020	1.5375
9020	9021	1.4663
9021	9022	1.4653
9022	9023	1.4513
9023	9024	1.4497
9024	9025	1.4755
9025	9026	1.4768
9026	9027	1.4305
9027	9028	1.4502
9028	9029	1.5067
9029	9030	1.4411
9030	9031	1.4689
9031	9032	1.4911
9032	9033	1.4056
9033	9034	1.4523
9034	9035	1.3943
9035	9036	1.4129
9036	9037	1.4286
9037	9038	1.4267
9038	9039	1.4367
9039	9040	1.4117
9040	9041	1.3759
9041	9042	1.4098
9042	9043	1.3959
9043	9044	1.3502
9044	9045	1.3645
9045	9046	1.4049
9046	9047	1.4049
9047	9048	1.4245
9048	9049	1.3310
9049	9050	1.3565
9050	9051	1.3688
9051	9052	1.4165
9052	9053	1.3969
9053	9054	1.3327
9054	9055	1.3224
9055	9056	1.3287
9056	9057	1.3318
9057	9058	1.3242
9058	9059	1.2765
9059	9060	1.2845
9060	9061	1.2722
9061	9062	1.3204
9062	9063	1.3718
9063	9064	1.3975
9064	9065	1.3533
9065	9066	1.3936
9066	9067	1.3413
9067	9068	1.3834
9068	9069	1.3988
9069	9070	1.4224
9070	9071	1.3985
9071	9072	1.3998
9072	9073	1.4357
9073	9074	1.4159
9074	9075	1.4442
9075	9076	1.3705
9076	9077	1.4460
9077	9078	1.4342
9078	9079	1.4227
9079	9080	1.4457
9080	9081	1.3690
9081	9082	1.3682
9082	9083	1.4114
9083	9084	1.3970
9084	9085	1.4196
9085	9086	1.4066
9086	9087	1.3777
9087	9088	1.4044
9088	9089	1.4064
9089	9090	1.4239
9090	9091	1.3706
9091	9092	1.3775
9092	9093	1.4049
9093	9094	1.4056
9094	9095	1.4332
9095	9096	1.4470
9096	9097	1.4348
9097	9098	1.4561
9098	9099	1.4446
9099	9100	1.4157
9100	9101	1.4251
9101	9102	1.4789
9102	9103	1.5042
9103	9104	1.5147
9104	9105	1.4854
9105	9106	1.4350
9106	9107	1.4963
9107	9108	1.5249
9108	9109	1.5132
9109	9110	1.5091
9110	9111	1.5271
9111	9112	1.5027
9112	9113	1.4944
9113	9114	1.4997
9114	9115	1.5015
9115	9116	1.4692
9116	9117	1.5459
9117	9118	1.5204
9118	9119	1.4666
9119	9120	1.4673
9120	9121	1.5181
9121	9122	1.5061
9122	9123	1.4360
9123	9124	1.4685
9124	9125	1.4246
9125	9126	1.4402
9126	9127	1.4415
9127	9128	1.4545
9128	9129	1.4901
9129	9130	1.4630
9130	9131	1.4798
9131	9132	1.5048
9132	9133	1.4524
9133	9134	1.4667
9134	9135	1.5085
9135	9136	1.5362
9136	9137	1.5522
9137	9138	1.5419
9138	9139	1.5564
9139	9140	1.5746
9140	9141	1.6035
9141	9142	1.5601
9142	9143	1.5287
9143	9144	1.5435
9144	9145	1.5085
9145	9146	1.5329
9146	9147	1.5713
9147	9148	1.5381
9148	9149	1.5156
9149	9150	1.4864
9150	9151	1.4533
9151	9152	1.4206
9152	9153	1.4420
9153	9154	1.4313
9154	9155	1.4135
9155	9156	1.4334
9156	9157	1.4047
9157	9158	1.4434
9158	9159	1.4589
9159	9160	1.4713
9160	9161	1.4638
9161	9162	1.4659
9162	9163	1.4361
9163	9164	1.4427
9164	9165	1.3963
9165	9166	1.3773
9166	9167	1.3882
9167	9168	1.3582
9168	9169	1.3769
9169	9170	1.3412
9170	9171	1.3920
9171	9172	1.4374
9172	9173	1.4271
9173	9174	1.4382
9174	9175	1.4429
9175	9176	1.3888
9176	9177	1.3981
9177	9178	1.4016
9178	9179	1.4287
9179	9180	1.4168
9180	9181	1.4318
9181	9182	1.3905
9182	9183	1.3813
9183	9184	1.4110
9184	9185	1.3666
9185	9186	1.3837
9186	9187	1.4236
9187	9188	1.3856
9188	9189	1.3897
9189	9190	1.3756
9190	9191	1.3932
9191	9192	1.4057
9192	9193	1.4097
9193	9194	1.3872
9194	9195	1.3808
9195	9196	1.3985
9196	9197	1.3902
9197	9198	1.4143
9198	9199	1.4280
9199	9200	1.4598
9200	9201	1.5081
9201	9202	1.4361
9202	9203	1.4256
9203	9204	1.3974
9204	9205	1.4196
9205	9206	1.3879
9206	9207	1.3826
9207	9208	1.4086
9208	9209	1.3934
9209	9210	1.3688
9210	9211	1.3985
9211	9212	1.4069
9212	9213	1.3947
9213	9214	1.4411
9214	9215	1.3903
9215	9216	1.3534
9216	9217	1.3485
9217	9218	1.3387
9218	9219	1.3443
9219	9220	1.3519
9220	9221	1.3191
9221	9222	1.2910
9222	9223	1.3046
9223	9224	1.3175
9224	9225	1.3368
9225	9226	1.3392
9226	9227	1.3315
9227	9228	1.3129
9228	9229	1.3125
9229	9230	1.3024
9230	9231	1.2977
9231	9232	1.3086
9232	9233	1.3380
9233	9234	1.3659
9234	9235	1.3754
9235	9236	1.3656
9236	9237	1.3134
9237	9238	1.3411
9238	9239	1.3224
9239	9240	1.3375
9240	9241	1.3395
9241	9242	1.3455
9242	9243	1.4003
9243	9244	1.3775
9244	9245	1.3210
9245	9246	1.3040
9246	9247	1.3651
9247	9248	1.3614
9248	9249	1.3413
9249	9250	1.3468
9250	9251	1.3073
9251	9252	1.2725
9252	9253	1.2771
9253	9254	1.2432
9254	9255	1.2713
9255	9256	1.2490
9256	9257	1.2183
9257	9258	1.2426
9258	9259	1.2655
9259	9260	1.2609
9260	9261	1.2423
9261	9262	1.2724
9262	9263	1.2582
9263	9264	1.2287
9264	9265	1.1871
9265	9266	1.2279
9266	9267	1.2185
9267	9268	1.2072
9268	9269	1.2187
9269	9270	1.2081
9270	9271	1.1980
9271	9272	1.2021
9272	9273	1.1965
9273	9274	1.2324
9274	9275	1.2728
9275	9276	1.2113
9276	9277	1.1628
9277	9278	1.1523
9278	9279	1.1894
9279	9280	1.2105
9280	9281	1.2710
9281	9282	1.2462
9282	9283	1.2129
9283	9284	1.2239
9284	9285	1.2534
9285	9286	1.2601
9286	9287	1.2253
9287	9288	1.2616
9288	9289	1.2769
9289	9290	1.2857
9290	9291	1.2877
9291	9292	1.3159
9292	9293	1.2919
9293	9294	1.2688
9294	9295	1.2744
9295	9296	1.2634
9296	9297	1.2535
9297	9298	1.2777
9298	9299	1.2377
9299	9300	1.2418
9300	9301	1.2674
9301	9302	1.2279
9302	9303	1.1714
9303	9304	1.2306
9304	9305	1.1832
9305	9306	1.2268
9306	9307	1.2314
9307	9308	1.2426
9308	9309	1.2490
9309	9310	1.2375
9310	9311	1.2873
9311	9312	1.3111
9312	9313	1.2912
9313	9314	1.3122
9314	9315	1.2857
9315	9316	1.2702
9316	9317	1.2846
9317	9318	1.3001
9318	9319	1.2934
9319	9320	1.3071
9320	9321	1.3139
9321	9322	1.2890
9322	9323	1.2464
9323	9324	1.2108
9324	9325	1.2198
9325	9326	1.2375
9326	9327	1.2717
9327	9328	1.3006
9328	9329	1.2552
9329	9330	1.2840
9330	9331	1.2854
9331	9332	1.3310
9332	9333	1.3626
9333	9334	1.3922
9334	9335	1.3765
9335	9336	1.3570
9336	9337	1.3376
9337	9338	1.3019
9338	9339	1.2701
9339	9340	1.3118
9340	9341	1.3172
9341	9342	1.3464
9342	9343	1.3334
9343	9344	1.3160
9344	9345	1.2962
9345	9346	1.2364
9346	9347	1.2593
9347	9348	1.2928
9348	9349	1.2507
9349	9350	1.2571
9350	9351	1.2395
9351	9352	1.2667
9352	9353	1.3070
9353	9354	1.2717
9354	9355	1.2574
9355	9356	1.2876
9356	9357	1.2533
9357	9358	1.3111
9358	9359	1.3418
9359	9360	1.3470
9360	9361	1.3481
9361	9362	1.3056
9362	9363	1.3814
9363	9364	1.3306
9364	9365	1.3281
9365	9366	1.3291
9366	9367	1.3158
9367	9368	1.3230
9368	9369	1.3263
9369	9370	1.3657
9370	9371	1.3522
9371	9372	1.3645
9372	9373	1.3154
9373	9374	1.3007
9374	9375	1.3485
9375	9376	1.3360
9376	9377	1.3710
9377	9378	1.3633
9378	9379	1.3373
9379	9380	1.3348
9380	9381	1.3634
9381	9382	1.3481
9382	9383	1.3648
9383	9384	1.3541
9384	9385	1.3714
9385	9386	1.3589
9386	9387	1.3973
9387	9388	1.3844
9388	9389	1.3329
9389	9390	1.3252
9390	9391	1.3433
9391	9392	1.3482
9392	9393	1.3559
9393	9394	1.3060
9394	9395	1.2731
9395	9396	1.2686
9396	9397	1.2425
9397	9398	1.2654
9398	9399	1.2939
9399	9400	1.2697
9400	9401	1.2481
9401	9402	1.2770
9402	9403	1.2255
9403	9404	1.2376
9404	9405	1.2511
9405	9406	1.2556
9406	9407	1.2634
9407	9408	1.2477
9408	9409	1.2604
9409	9410	1.2617
9410	9411	1.2543
9411	9412	1.2799
9412	9413	1.3034
9413	9414	1.3034
9414	9415	1.3045
9415	9416	1.2870
9416	9417	1.2984
9417	9418	1.2825
9418	9419	1.2977
9419	9420	1.2574
9420	9421	1.2463
9421	9422	1.2504
9422	9423	1.3059
9423	9424	1.2983
9424	9425	1.3190
9425	9426	1.2435
9426	9427	1.2256
9427	9428	1.2618
9428	9429	1.2799
9429	9430	1.2894
9430	9431	1.2992
9431	9432	1.3079
9432	9433	1.3053
9433	9434	1.2693
9434	9435	1.3214
9435	9436	1.2699
9436	9437	1.2628
9437	9438	1.2480
9438	9439	1.3001
9439	9440	1.3620
9440	9441	1.3583
9441	9442	1.3447
9442	9443	1.3544
9443	9444	1.3483
9444	9445	1.3454
9445	9446	1.3671
9446	9447	1.3373
9447	9448	1.3309
9448	9449	1.3896
9449	9450	1.3768
9450	9451	1.4106
9451	9452	1.3587
9452	9453	1.3713
9453	9454	1.4034
9454	9455	1.3980
9455	9456	1.3652
9456	9457	1.3828
9457	9458	1.3656
9458	9459	1.3985
9459	9460	1.3889
9460	9461	1.3966
9461	9462	1.3870
9462	9463	1.3727
9463	9464	1.4016
9464	9465	1.4419
9465	9466	1.4933
9466	9467	1.4722
9467	9468	1.5158
9468	9469	1.4807
9469	9470	1.4336
9470	9471	1.4651
9471	9472	1.4595
9472	9473	1.4146
9473	9474	1.4344
9474	9475	1.3934
9475	9476	1.4385
9476	9477	1.4637
9477	9478	1.4665
9478	9479	1.4372
9479	9480	1.4217
9480	9481	1.4564
9481	9482	1.4329
9482	9483	1.4990
9483	9484	1.4999
9484	9485	1.5155
9485	9486	1.4764
9486	9487	1.4703
9487	9488	1.4782
9488	9489	1.4709
9489	9490	1.4579
9490	9491	1.4027
9491	9492	1.4182
9492	9493	1.4207
9493	9494	1.4732
9494	9495	1.4874
9495	9496	1.4471
9496	9497	1.4708
9497	9498	1.5227
9498	9499	1.4845
9499	9500	1.4563
9500	9501	1.4331
9501	9502	1.4649
9502	9503	1.4386
9503	9504	1.4304
9504	9505	1.3674
9505	9506	1.3400
9506	9507	1.3740
9507	9508	1.3308
9508	9509	1.3508
9509	9510	1.3056
9510	9511	1.2696
9511	9512	1.3150
9512	9513	1.3197
9513	9514	1.2509
9514	9515	1.2561
9515	9516	1.2876
9516	9517	1.2883
9517	9518	1.2902
9518	9519	1.3056
9519	9520	1.3076
9520	9521	1.3195
9521	9522	1.3184
9522	9523	1.3502
9523	9524	1.3230
9524	9525	1.3209
9525	9526	1.2639
9526	9527	1.3187
9527	9528	1.3263
9528	9529	1.3354
9529	9530	1.3203
9530	9531	1.3249
9531	9532	1.3055
9532	9533	1.2983
9533	9534	1.3030
9534	9535	1.3209
9535	9536	1.3479
9536	9537	1.3271
9537	9538	1.2910
9538	9539	1.3372
9539	9540	1.3149
9540	9541	1.3339
9541	9542	1.3414
9542	9543	1.3310
9543	9544	1.3208
9544	9545	1.2854
9545	9546	1.3037
9546	9547	1.2873
9547	9548	1.3602
9548	9549	1.4159
9549	9550	1.3997
9550	9551	1.4169
9551	9552	1.4266
9552	9553	1.4395
9553	9554	1.4435
9554	9555	1.4335
9555	9556	1.4164
9556	9557	1.4234
9557	9558	1.4104
9558	9559	1.4617
9559	9560	1.4090
9560	9561	1.4177
9561	9562	1.3889
9562	9563	1.3781
9563	9564	1.3858
9564	9565	1.4169
9565	9566	1.4590
9566	9567	1.4693
9567	9568	1.4875
9568	9569	1.4537
9569	9570	1.3756
9570	9571	1.3495
9571	9572	1.3414
9572	9573	1.3071
9573	9574	1.3237
9574	9575	1.3665
9575	9576	1.3672
9576	9577	1.3638
9577	9578	1.3387
9578	9579	1.3015
9579	9580	1.3227
9580	9581	1.2851
9581	9582	1.2829
9582	9583	1.2342
9583	9584	1.2593
9584	9585	1.2275
9585	9586	1.2597
9586	9587	1.2737
9587	9588	1.2645
9588	9589	1.2863
9589	9590	1.2790
9590	9591	1.3111
9591	9592	1.2597
9592	9593	1.2973
9593	9594	1.2940
9594	9595	1.3168
9595	9596	1.3223
9596	9597	1.3182
9597	9598	1.3094
9598	9599	1.3219
9599	9600	1.3077
9600	9601	1.2612
9601	9602	1.2620
9602	9603	1.3319
9603	9604	1.3424
9604	9605	1.3329
9605	9606	1.3067
9606	9607	1.3100
9607	9608	1.3393
9608	9609	1.3777
9609	9610	1.3446
9610	9611	1.3552
9611	9612	1.3383
9612	9613	1.3440
9613	9614	1.3234
9614	9615	1.3285
9615	9616	1.2834
9616	9617	1.2772
9617	9618	1.2908
9618	9619	1.2940
9619	9620	1.3461
9620	9621	1.3785
9621	9622	1.3169
9622	9623	1.3175
9623	9624	1.3172
9624	9625	1.3328
9625	9626	1.2716
9626	9627	1.2994
9627	9628	1.2792
9628	9629	1.2838
9629	9630	1.2538
9630	9631	1.2621
9631	9632	1.2777
9632	9633	1.2543
9633	9634	1.2368
9634	9635	1.1827
9635	9636	1.2462
9636	9637	1.2159
9637	9638	1.2903
9638	9639	1.2716
9639	9640	1.2654
9640	9641	1.3048
9641	9642	1.2908
9642	9643	1.2907
9643	9644	1.2857
9644	9645	1.2167
9645	9646	1.2105
9646	9647	1.2324
9647	9648	1.2642
9648	9649	1.2081
9649	9650	1.2169
9650	9651	1.2743
9651	9652	1.2776
9652	9653	1.2621
9653	9654	1.2741
9654	9655	1.2737
9655	9656	1.2843
9656	9657	1.2602
9657	9658	1.2468
9658	9659	1.2602
9659	9660	1.2113
9660	9661	1.2130
9661	9662	1.1868
9662	9663	1.2330
9663	9664	1.2656
9664	9665	1.2560
9665	9666	1.2651
9666	9667	1.2828
9667	9668	1.2514
9668	9669	1.3016
9669	9670	1.2867
9670	9671	1.3134
9671	9672	1.3482
9672	9673	1.3282
9673	9674	1.3758
9674	9675	1.3384
9675	9676	1.3802
9676	9677	1.3251
9677	9678	1.3093
9678	9679	1.3104
9679	9680	1.3126
9680	9681	1.2829
9681	9682	1.2792
9682	9683	1.2575
9683	9684	1.2220
9684	9685	1.2293
9685	9686	1.2165
9686	9687	1.1973
9687	9688	1.2386
9688	9689	1.2560
9689	9690	1.2407
9690	9691	1.2509
9691	9692	1.2677
9692	9693	1.2451
9693	9694	1.2431
9694	9695	1.2002
9695	9696	1.2121
9696	9697	1.2289
9697	9698	1.2418
9698	9699	1.2586
9699	9700	1.2867
9700	9701	1.2836
9701	9702	1.2729
9702	9703	1.2210
9703	9704	1.2730
9704	9705	1.2342
9705	9706	1.2154
9706	9707	1.1780
9707	9708	1.1521
9708	9709	1.1979
9709	9710	1.2066
9710	9711	1.1615
9711	9712	1.2127
9712	9713	1.1888
9713	9714	1.2214
9714	9715	1.2427
9715	9716	1.1976
9716	9717	1.1978
9717	9718	1.1866
9718	9719	1.1392
9719	9720	1.1758
9720	9721	1.1659
9721	9722	1.2282
9722	9723	1.2054
9723	9724	1.2123
9724	9725	1.2183
9725	9726	1.1798
9726	9727	1.1791
9727	9728	1.1812
9728	9729	1.2272
9729	9730	1.2016
9730	9731	1.2017
9731	9732	1.1938
9732	9733	1.2145
9733	9734	1.1511
9734	9735	1.1614
9735	9736	1.1649
9736	9737	1.1728
9737	9738	1.0838
9738	9739	1.0997
9739	9740	1.1140
9740	9741	1.1138
9741	9742	1.0837
9742	9743	1.1337
9743	9744	1.1005
9744	9745	1.1244
9745	9746	1.1913
9746	9747	1.1754
9747	9748	1.1635
9748	9749	1.1882
9749	9750	1.1527
9750	9751	1.2022
9751	9752	1.2020
9752	9753	1.2164
9753	9754	1.1911
9754	9755	1.2028
9755	9756	1.1585
9756	9757	1.1913
9757	9758	1.2394
9758	9759	1.1879
9759	9760	1.1726
9760	9761	1.1893
9761	9762	1.1834
9762	9763	1.1916
9763	9764	1.1735
9764	9765	1.1591
9765	9766	1.1513
9766	9767	1.1807
9767	9768	1.1627
9768	9769	1.1649
9769	9770	1.1899
9770	9771	1.1492
9771	9772	1.1949
9772	9773	1.1947
9773	9774	1.1854
9774	9775	1.1927
9775	9776	1.1765
9776	9777	1.2157
9777	9778	1.2623
9778	9779	1.2455
9779	9780	1.2507
9780	9781	1.2116
9781	9782	1.1964
9782	9783	1.2257
9783	9784	1.1627
9784	9785	1.2012
9785	9786	1.2045
9786	9787	1.1664
9787	9788	1.1694
9788	9789	1.1650
9789	9790	1.1981
9790	9791	1.1929
9791	9792	1.2177
9792	9793	1.2205
9793	9794	1.1889
9794	9795	1.1773
9795	9796	1.2288
9796	9797	1.1733
9797	9798	1.1940
9798	9799	1.2693
9799	9800	1.2758
9800	9801	1.2511
9801	9802	1.2629
9802	9803	1.2960
9803	9804	1.3247
9804	9805	1.2878
9805	9806	1.3069
9806	9807	1.2952
9807	9808	1.3040
9808	9809	1.2449
9809	9810	1.2788
9810	9811	1.3102
9811	9812	1.2698
9812	9813	1.2672
9813	9814	1.3452
9814	9815	1.3216
9815	9816	1.3331
9816	9817	1.2991
9817	9818	1.2747
9818	9819	1.2783
9819	9820	1.2955
9820	9821	1.2725
9821	9822	1.2194
9822	9823	1.2528
9823	9824	1.2184
9824	9825	1.2287
9825	9826	1.2515
9826	9827	1.2874
9827	9828	1.2542
9828	9829	1.2850
9829	9830	1.3159
9830	9831	1.3203
9831	9832	1.3035
9832	9833	1.3115
9833	9834	1.3047
9834	9835	1.3161
9835	9836	1.3421
9836	9837	1.2802
9837	9838	1.3043
9838	9839	1.3275
9839	9840	1.3051
9840	9841	1.2951
9841	9842	1.2895
9842	9843	1.2620
9843	9844	1.2746
9844	9845	1.2763
9845	9846	1.2666
9846	9847	1.2384
9847	9848	1.2446
9848	9849	1.2616
9849	9850	1.2376
9850	9851	1.2632
9851	9852	1.2455
9852	9853	1.2268
9853	9854	1.3077
9854	9855	1.2410
9855	9856	1.2174
9856	9857	1.1918
9857	9858	1.1634
9858	9859	1.1605
9859	9860	1.1333
9860	9861	1.1301
9861	9862	1.1345
9862	9863	1.1560
9863	9864	1.1545
9864	9865	1.1212
9865	9866	1.1794
9866	9867	1.1501
9867	9868	1.1805
9868	9869	1.1807
9869	9870	1.1740
9870	9871	1.1414
9871	9872	1.0994
9872	9873	1.1718
9873	9874	1.2011
9874	9875	1.1612
9875	9876	1.1810
9876	9877	1.1452
9877	9878	1.1577
9878	9879	1.1951
9879	9880	1.1936
9880	9881	1.2288
9881	9882	1.2367
9882	9883	1.1953
9883	9884	1.2721
9884	9885	1.1917
9885	9886	1.2109
9886	9887	1.1858
9887	9888	1.2031
9888	9889	1.2139
9889	9890	1.2236
9890	9891	1.1908
9891	9892	1.2457
9892	9893	1.2499
9893	9894	1.2796
9894	9895	1.2904
9895	9896	1.2618
9896	9897	1.2307
9897	9898	1.2300
9898	9899	1.2209
9899	9900	1.2627
9900	9901	1.2837
9901	9902	1.3152
9902	9903	1.2869
9903	9904	1.3080
9904	9905	1.3009
9905	9906	1.2844
9906	9907	1.2992
9907	9908	1.2949
9908	9909	1.2784
9909	9910	1.2806
9910	9911	1.2736
9911	9912	1.2715
9912	9913	1.3258
9913	9914	1.3189
9914	9915	1.2759
9915	9916	1.2915
9916	9917	1.3302
9917	9918	1.2631
9918	9919	1.2428
9919	9920	1.3055
9920	9921	1.2863
9921	9922	1.2671
9922	9923	1.2623
9923	9924	1.2811
9924	9925	1.2727
9925	9926	1.2819
9926	9927	1.2784
9927	9928	1.2888
9928	9929	1.2667
9929	9930	1.2341
9930	9931	1.2614
9931	9932	1.2329
9932	9933	1.2219
9933	9934	1.2242
9934	9935	1.2520
9935	9936	1.2899
9936	9937	1.2534
9937	9938	1.2843
9938	9939	1.2851
9939	9940	1.2805
9940	9941	1.2825
9941	9942	1.2656
9942	9943	1.3058
9943	9944	1.2683
9944	9945	1.2603
9945	9946	1.2241
9946	9947	1.2181
9947	9948	1.2506
9948	9949	1.2559
9949	9950	1.2520
9950	9951	1.2912
9951	9952	1.2675
9952	9953	1.2551
9953	9954	1.2410
9954	9955	1.2684
9955	9956	1.2860
9956	9957	1.2381
9957	9958	1.2748
9958	9959	1.2601
9959	9960	1.2568
9960	9961	1.2968
9961	9962	1.2676
9962	9963	1.2830
9963	9964	1.2600
9964	9965	1.2656
9965	9966	1.2762
9966	9967	1.2285
9967	9968	1.2242
9968	9969	1.2157
9969	9970	1.2659
9970	9971	1.2940
9971	9972	1.2420
9972	9973	1.2673
9973	9974	1.2832
9974	9975	1.2893
9975	9976	1.2715
9976	9977	1.3001
9977	9978	1.3102
9978	9979	1.3138
9979	9980	1.3234
9980	9981	1.3240
9981	9982	1.3189
9982	9983	1.3217
9983	9984	1.2669
9984	9985	1.3059
9985	9986	1.2979
9986	9987	1.3472
9987	9988	1.3451
9988	9989	1.3041
9989	9990	1.3289
9990	9991	1.2989
9991	9992	1.2893
9992	9993	1.2953
9993	9994	1.2431
9994	9995	1.2448
9995	9996	1.2813
9996	9997	1.2571
9997	9998	1.2764
9998	9999	1.2732
9999	10000	1.2901
10000	10001	1.2748
10001	10002	1.2531
10002	10003	1.2943
10003	10004	1.2660
10004	10005	1.2838
10005	10006	1.2776
10006	10007	1.2719
10007	10008	1.2921
10008	10009	1.2550
10009	10010	1.2938
10010	10011	1.2603
10011	10012	1.2317
10012	10013	1.2077
10013	10014	1.1762
10014	10015	1.1855
10015	10016	1.1825
10016	10017	1.1684
10017	10018	1.1999
10018	10019	1.1873
10019	10020	1.1621
10020	10021	1.1374
10021	10022	1.1219
10022	10023	1.1593
10023	10024	1.1756
10024	10025	1.1496
10025	10026	1.1374
10026	10027	1.1860
10027	10028	1.1779
10028	10029	1.1809
10029	10030	1.1715
10030	10031	1.1989
10031	10032	1.1644
10032	10033	1.1611
10033	10034	1.2143
10034	10035	1.2217
10035	10036	1.2034
10036	10037	1.1675
10037	10038	1.1980
10038	10039	1.1975
10039	10040	1.2219
10040	10041	1.2378
10041	10042	1.2402
10042	10043	1.2097
10043	10044	1.2438
10044	10045	1.2622
10045	10046	1.2790
10046	10047	1.2762
10047	10048	1.2537
10048	10049	1.2847
10049	10050	1.2383
10050	10051	1.2779
10051	10052	1.2941
10052	10053	1.2431
10053	10054	1.2416
10054	10055	1.2043
10055	10056	1.2250
10056	10057	1.2642
10057	10058	1.2931
10058	10059	1.2468
10059	10060	1.2974
10060	10061	1.3094
10061	10062	1.2614
10062	10063	1.2739
10063	10064	1.2859
10064	10065	1.3086
10065	10066	1.3060
10066	10067	1.2785
10067	10068	1.2592
10068	10069	1.2624
10069	10070	1.2748
10070	10071	1.3258
10071	10072	1.2900
10072	10073	1.3428
10073	10074	1.3361
10074	10075	1.3149
10075	10076	1.3033
10076	10077	1.2909
10077	10078	1.3053
10078	10079	1.3059
10079	10080	1.3610
10080	10081	1.3254
10081	10082	1.3052
10082	10083	1.2508
10083	10084	1.2556
10084	10085	1.2423
10085	10086	1.2749
10086	10087	1.2577
10087	10088	1.2354
10088	10089	1.2104
10089	10090	1.2131
10090	10091	1.1697
10091	10092	1.2347
10092	10093	1.2714
10093	10094	1.2504
10094	10095	1.2404
10095	10096	1.2528
10096	10097	1.2813
10097	10098	1.2601
10098	10099	1.3089
10099	10100	1.2617
10100	10101	1.2397
10101	10102	1.2675
10102	10103	1.2360
10103	10104	1.2468
10104	10105	1.2653
10105	10106	1.3064
10106	10107	1.2870
10107	10108	1.2719
10108	10109	1.2165
10109	10110	1.2433
10110	10111	1.2503
10111	10112	1.2969
10112	10113	1.2282
10113	10114	1.2043
10114	10115	1.2549
10115	10116	1.2774
10116	10117	1.2964
10117	10118	1.2797
10118	10119	1.2365
10119	10120	1.2190
10120	10121	1.2172
10121	10122	1.2034
10122	10123	1.2019
10123	10124	1.1983
10124	10125	1.2547
10125	10126	1.2308
10126	10127	1.2849
10127	10128	1.2310
10128	10129	1.2421
10129	10130	1.2848
10130	10131	1.3100
10131	10132	1.3330
10132	10133	1.3421
10133	10134	1.3091
10134	10135	1.2877
10135	10136	1.2949
10136	10137	1.3203
10137	10138	1.2982
10138	10139	1.3065
10139	10140	1.2784
10140	10141	1.3048
10141	10142	1.3187
10142	10143	1.3337
10143	10144	1.3333
10144	10145	1.2729
10145	10146	1.2687
10146	10147	1.2791
10147	10148	1.2486
10148	10149	1.2482
10149	10150	1.2851
10150	10151	1.2605
10151	10152	1.2655
10152	10153	1.2823
10153	10154	1.2861
10154	10155	1.3028
10155	10156	1.2959
10156	10157	1.3192
10157	10158	1.3114
10158	10159	1.2868
10159	10160	1.3099
10160	10161	1.2181
10161	10162	1.2796
10162	10163	1.2638
10163	10164	1.2542
10164	10165	1.2221
10165	10166	1.2220
10166	10167	1.2480
10167	10168	1.2624
10168	10169	1.2709
10169	10170	1.2611
10170	10171	1.2275
10171	10172	1.2202
10172	10173	1.2276
10173	10174	1.2678
10174	10175	1.2755
10175	10176	1.3034
10176	10177	1.2844
10177	10178	1.2641
10178	10179	1.2724
10179	10180	1.2927
10180	10181	1.2857
10181	10182	1.3048
10182	10183	1.3222
10183	10184	1.3082
10184	10185	1.3123
10185	10186	1.2855
10186	10187	1.2822
10187	10188	1.3137
10188	10189	1.3173
10189	10190	1.2780
10190	10191	1.2521
10191	10192	1.2625
10192	10193	1.2989
10193	10194	1.3381
10194	10195	1.3600
10195	10196	1.3508
10196	10197	1.3436
10197	10198	1.2944
10198	10199	1.2632
10199	10200	1.2677
10200	10201	1.2145
10201	10202	1.1942
10202	10203	1.1880
10203	10204	1.2172
10204	10205	1.2266
10205	10206	1.2053
10206	10207	1.2403
10207	10208	1.2353
10208	10209	1.2743
10209	10210	1.2493
10210	10211	1.2802
10211	10212	1.2645
10212	10213	1.3101
10213	10214	1.3030
10214	10215	1.3025
10215	10216	1.2407
10216	10217	1.2223
10217	10218	1.2476
10218	10219	1.2282
10219	10220	1.2523
10220	10221	1.2557
10221	10222	1.2821
10222	10223	1.2663
10223	10224	1.2383
10224	10225	1.3029
10225	10226	1.2709
10226	10227	1.2007
10227	10228	1.2082
10228	10229	1.1689
10229	10230	1.1859
10230	10231	1.1673
10231	10232	1.2131
10232	10233	1.2224
10233	10234	1.2414
10234	10235	1.2284
10235	10236	1.2596
10236	10237	1.2521
10237	10238	1.2115
10238	10239	1.2066
10239	10240	1.2413
10240	10241	1.2276
10241	10242	1.2188
10242	10243	1.1738
10243	10244	1.1639
10244	10245	1.1700
10245	10246	1.1889
10246	10247	1.2005
10247	10248	1.2048
10248	10249	1.1429
10249	10250	1.1688
10250	10251	1.1703
10251	10252	1.1686
10252	10253	1.1637
10253	10254	1.1595
10254	10255	1.1642
10255	10256	1.1758
10256	10257	1.1538
10257	10258	1.1311
10258	10259	1.1122
10259	10260	1.1223
10260	10261	1.0837
10261	10262	1.1002
10262	10263	1.1153
10263	10264	1.0666
10264	10265	1.0967
10265	10266	1.1189
10266	10267	1.1018
10267	10268	1.1024
10268	10269	1.0981
10269	10270	1.0686
10270	10271	1.0653
10271	10272	1.1179
10272	10273	1.0909
10273	10274	1.0957
10274	10275	1.1043
10275	10276	1.1059
10276	10277	1.0917
10277	10278	1.0701
10278	10279	1.0908
10279	10280	1.0688
10280	10281	1.0681
10281	10282	1.0551
10282	10283	1.1046
10283	10284	1.1017
10284	10285	1.1114
10285	10286	1.1396
10286	10287	1.1213
10287	10288	1.1204
10288	10289	1.1047
10289	10290	1.1449
10290	10291	1.1511
10291	10292	1.1595
10292	10293	1.1591
10293	10294	1.1263
10294	10295	1.1375
10295	10296	1.1409
10296	10297	1.1654
10297	10298	1.2000
10298	10299	1.1938
10299	10300	1.1809
10300	10301	1.2001
10301	10302	1.1987
10302	10303	1.1976
10303	10304	1.1680
10304	10305	1.2421
10305	10306	1.2261
10306	10307	1.1625
10307	10308	1.1316
10308	10309	1.1930
10309	10310	1.1584
10310	10311	1.1503
10311	10312	1.1657
10312	10313	1.1476
10313	10314	1.1442
10314	10315	1.1628
10315	10316	1.1612
10316	10317	1.1924
10317	10318	1.1980
10318	10319	1.1819
10319	10320	1.1545
10320	10321	1.2067
10321	10322	1.1808
10322	10323	1.1720
10323	10324	1.1470
10324	10325	1.1758
10325	10326	1.1913
10326	10327	1.2131
10327	10328	1.2134
10328	10329	1.2339
10329	10330	1.2144
10330	10331	1.2211
10331	10332	1.1953
10332	10333	1.1851
10333	10334	1.2365
10334	10335	1.1974
10335	10336	1.2019
10336	10337	1.1764
10337	10338	1.1969
10338	10339	1.2325
10339	10340	1.2063
10340	10341	1.2198
10341	10342	1.2108
10342	10343	1.1976
10343	10344	1.1747
10344	10345	1.1721
10345	10346	1.2120
10346	10347	1.2100
10347	10348	1.1855
10348	10349	1.2379
10349	10350	1.2538
10350	10351	1.2324
10351	10352	1.2627
10352	10353	1.2161
10353	10354	1.2071
10354	10355	1.2198
10355	10356	1.2560
10356	10357	1.2409
10357	10358	1.2512
10358	10359	1.2313
10359	10360	1.2065
10360	10361	1.2400
10361	10362	1.2556
10362	10363	1.2946
10363	10364	1.3287
10364	10365	1.2905
10365	10366	1.2505
10366	10367	1.2693
10367	10368	1.2448
10368	10369	1.2577
10369	10370	1.2428
10370	10371	1.2336
10371	10372	1.2551
10372	10373	1.2061
10373	10374	1.1924
10374	10375	1.2097
10375	10376	1.2337
10376	10377	1.2411
10377	10378	1.2459
10378	10379	1.2386
10379	10380	1.2448
10380	10381	1.2127
10381	10382	1.2500
10382	10383	1.2507
10383	10384	1.2539
10384	10385	1.2587
10385	10386	1.2530
10386	10387	1.2433
10387	10388	1.1940
10388	10389	1.2216
10389	10390	1.2773
10390	10391	1.2259
10391	10392	1.1787
10392	10393	1.2345
10393	10394	1.2395
10394	10395	1.2340
10395	10396	1.2101
10396	10397	1.2420
10397	10398	1.1933
10398	10399	1.2047
10399	10400	1.2187
10400	10401	1.2093
10401	10402	1.1869
10402	10403	1.2489
10403	10404	1.2254
10404	10405	1.2164
10405	10406	1.2079
10406	10407	1.2397
10407	10408	1.2749
10408	10409	1.2270
10409	10410	1.2242
10410	10411	1.2184
10411	10412	1.1885
10412	10413	1.1633
10413	10414	1.2121
10414	10415	1.1985
10415	10416	1.2136
10416	10417	1.2348
10417	10418	1.2413
10418	10419	1.2234
10419	10420	1.1959
10420	10421	1.2406
10421	10422	1.2542
10422	10423	1.2345
10423	10424	1.2562
10424	10425	1.2803
10425	10426	1.2698
10426	10427	1.2543
10427	10428	1.2232
10428	10429	1.2395
10429	10430	1.2040
10430	10431	1.1962
10431	10432	1.2186
10432	10433	1.1974
10433	10434	1.1849
10434	10435	1.1786
10435	10436	1.1787
10436	10437	1.1656
10437	10438	1.2230
10438	10439	1.2425
10439	10440	1.2356
10440	10441	1.2058
10441	10442	1.1416
10442	10443	1.1230
10443	10444	1.1318
10444	10445	1.1260
10445	10446	1.1261
10446	10447	1.1736
10447	10448	1.1368
10448	10449	1.1283
10449	10450	1.1180
10450	10451	1.1412
10451	10452	1.1112
10452	10453	1.1186
10453	10454	1.1288
10454	10455	1.1081
10455	10456	1.1126
10456	10457	1.1043
10457	10458	1.0850
10458	10459	1.0873
10459	10460	1.0747
10460	10461	1.1162
10461	10462	1.0408
10462	10463	1.0827
10463	10464	1.1044
10464	10465	1.1008
10465	10466	1.1044
10466	10467	1.0901
10467	10468	1.0946
10468	10469	1.1082
10469	10470	1.1302
10470	10471	1.1238
10471	10472	1.1104
10472	10473	1.0865
10473	10474	1.1504
10474	10475	1.1387
10475	10476	1.1631
10476	10477	1.1319
10477	10478	1.1255
10478	10479	1.0953
10479	10480	1.0843
10480	10481	1.0913
10481	10482	1.1048
10482	10483	1.1165
10483	10484	1.1656
10484	10485	1.1237
10485	10486	1.1007
10486	10487	1.0921
10487	10488	1.1123
10488	10489	1.0860
10489	10490	1.1208
10490	10491	1.1514
10491	10492	1.1537
10492	10493	1.1757
10493	10494	1.1282
10494	10495	1.1350
10495	10496	1.1599
10496	10497	1.1840
10497	10498	1.1681
10498	10499	1.1735
10499	10500	1.1373
10500	10501	1.1199
10501	10502	1.1249
10502	10503	1.1376
10503	10504	1.1282
10504	10505	1.1324
10505	10506	1.0873
10506	10507	1.1043
10507	10508	1.1199
10508	10509	1.1237
10509	10510	1.1184
10510	10511	1.1206
10511	10512	1.1038
10512	10513	1.1207
10513	10514	1.0915
10514	10515	1.0958
10515	10516	1.0984
10516	10517	1.0904
10517	10518	1.0841
10518	10519	1.0870
10519	10520	1.1057
10520	10521	1.0773
10521	10522	1.1366
10522	10523	1.1181
10523	10524	1.1727
10524	10525	1.1968
10525	10526	1.2028
10526	10527	1.2217
10527	10528	1.2251
10528	10529	1.1539
10529	10530	1.1357
10530	10531	1.1763
10531	10532	1.2391
10532	10533	1.1759
10533	10534	1.2187
10534	10535	1.2390
10535	10536	1.2296
10536	10537	1.2392
10537	10538	1.2308
10538	10539	1.2028
10539	10540	1.1871
10540	10541	1.2007
10541	10542	1.1739
10542	10543	1.1777
10543	10544	1.1587
10544	10545	1.1247
10545	10546	1.1107
10546	10547	1.1410
10547	10548	1.0691
10548	10549	1.0942
10549	10550	1.0746
10550	10551	1.1210
10551	10552	1.0701
10552	10553	1.1319
10553	10554	1.1124
10554	10555	1.1272
10555	10556	1.1263
10556	10557	1.1012
10557	10558	1.1017
10558	10559	1.1330
10559	10560	1.1069
10560	10561	1.1009
10561	10562	1.0903
10562	10563	1.0709
10563	10564	1.1029
10564	10565	1.1156
10565	10566	1.1318
10566	10567	1.1572
10567	10568	1.1517
10568	10569	1.1977
10569	10570	1.1746
10570	10571	1.2069
10571	10572	1.1774
10572	10573	1.1799
10573	10574	1.2095
10574	10575	1.2082
10575	10576	1.1749
10576	10577	1.1519
10577	10578	1.1187
10578	10579	1.1416
10579	10580	1.1406
10580	10581	1.1283
10581	10582	1.1345
10582	10583	1.0814
10583	10584	1.0628
10584	10585	1.0522
10585	10586	1.0822
10586	10587	1.0743
10587	10588	1.0881
10588	10589	1.0777
10589	10590	1.0728
10590	10591	1.1522
10591	10592	1.1280
10592	10593	1.1958
10593	10594	1.2599
10594	10595	1.2501
10595	10596	1.2699
10596	10597	1.2129
10597	10598	1.1841
10598	10599	1.1559
10599	10600	1.1523
10600	10601	1.1277
10601	10602	1.1256
10602	10603	1.1027
10603	10604	1.1575
10604	10605	1.1754
10605	10606	1.1935
10606	10607	1.1765
10607	10608	1.1543
10608	10609	1.1268
10609	10610	1.1540
10610	10611	1.0902
10611	10612	1.1240
10612	10613	1.1689
10613	10614	1.1461
10614	10615	1.1427
10615	10616	1.1511
10616	10617	1.1264
10617	10618	1.1598
10618	10619	1.1664
10619	10620	1.1536
10620	10621	1.1360
10621	10622	1.1202
10622	10623	1.1089
10623	10624	1.1164
10624	10625	1.1177
10625	10626	1.0683
10626	10627	1.1077
10627	10628	1.0669
10628	10629	1.0833
10629	10630	1.0397
10630	10631	1.0786
10631	10632	1.1008
10632	10633	1.0483
10633	10634	1.0887
10634	10635	1.1150
10635	10636	1.1581
10636	10637	1.1421
10637	10638	1.1012
10638	10639	1.1027
10639	10640	1.1520
10640	10641	1.1632
10641	10642	1.1141
10642	10643	1.1280
10643	10644	1.1632
10644	10645	1.0610
10645	10646	1.0680
10646	10647	1.0473
10647	10648	1.0576
10648	10649	0.9916
10649	10650	1.0482
10650	10651	1.0693
10651	10652	1.0410
10652	10653	1.0768
10653	10654	1.0716
10654	10655	1.1217
10655	10656	1.0923
10656	10657	1.0943
10657	10658	1.0892
10658	10659	1.1176
10659	10660	1.1221
10660	10661	1.0679
10661	10662	1.0764
10662	10663	1.0773
10663	10664	1.1068
10664	10665	1.1204
10665	10666	1.1004
10666	10667	1.0619
10667	10668	1.0697
10668	10669	1.0734
10669	10670	1.0667
10670	10671	1.0973
10671	10672	1.1398
10672	10673	1.1122
10673	10674	1.1397
10674	10675	1.1307
10675	10676	1.1749
10676	10677	1.1237
10677	10678	1.1744
10678	10679	1.1802
10679	10680	1.1363
10680	10681	1.1332
10681	10682	1.0733
10682	10683	1.1173
10683	10684	1.0740
10684	10685	1.0370
10685	10686	1.0213
10686	10687	1.0700
10687	10688	1.0616
10688	10689	1.0773
10689	10690	1.0555
10690	10691	1.0421
10691	10692	1.0833
10692	10693	1.0437
10693	10694	1.0556
10694	10695	1.0267
10695	10696	1.0261
10696	10697	1.0674
10697	10698	1.0843
10698	10699	1.0680
10699	10700	1.0404
10700	10701	1.0554
10701	10702	1.0688
10702	10703	1.0544
10703	10704	1.0636
10704	10705	1.0836
10705	10706	1.0633
10706	10707	1.1044
10707	10708	1.1155
10708	10709	1.0935
10709	10710	1.0623
10710	10711	1.0170
10711	10712	1.0519
10712	10713	1.0567
10713	10714	0.9952
10714	10715	1.0316
10715	10716	1.0533
10716	10717	1.0253
10717	10718	1.0704
10718	10719	1.0661
10719	10720	1.0678
10720	10721	1.0258
10721	10722	1.0671
10722	10723	1.0703
10723	10724	1.0281
10724	10725	1.1019
10725	10726	1.0925
10726	10727	1.1121
10727	10728	1.1291
10728	10729	1.1330
10729	10730	1.1190
10730	10731	1.1086
10731	10732	1.0986
10732	10733	1.0674
10733	10734	1.0454
10734	10735	1.0464
10735	10736	1.0312
10736	10737	1.0625
10737	10738	1.1056
10738	10739	1.0458
10739	10740	1.0571
10740	10741	1.0640
10741	10742	1.0578
10742	10743	1.0663
10743	10744	1.0234
10744	10745	1.0149
10745	10746	1.0129
10746	10747	1.0425
10747	10748	1.0672
10748	10749	1.0410
10749	10750	1.0520
10750	10751	1.0633
10751	10752	1.0302
10752	10753	1.0232
10753	10754	1.0264
10754	10755	1.0359
10755	10756	1.0197
10756	10757	1.0887
10757	10758	1.0727
10758	10759	1.0523
10759	10760	1.0801
10760	10761	1.0771
10761	10762	1.0606
10762	10763	1.1118
10763	10764	1.1088
10764	10765	1.1296
10765	10766	1.1305
10766	10767	1.1044
10767	10768	1.1095
10768	10769	1.1287
10769	10770	1.1042
10770	10771	1.1189
10771	10772	1.1098
10772	10773	1.0930
10773	10774	1.0895
10774	10775	1.1578
10775	10776	1.0950
10776	10777	1.1051
10777	10778	1.0942
10778	10779	1.1211
10779	10780	1.1587
10780	10781	1.1603
10781	10782	1.1599
10782	10783	1.1861
10783	10784	1.2053
10784	10785	1.1782
10785	10786	1.1705
10786	10787	1.1785
10787	10788	1.2032
10788	10789	1.1914
10789	10790	1.2129
10790	10791	1.2152
10791	10792	1.2372
10792	10793	1.2280
10793	10794	1.2178
10794	10795	1.1847
10795	10796	1.1644
10796	10797	1.1248
10797	10798	1.1317
10798	10799	1.1560
10799	10800	1.1284
10800	10801	1.1342
10801	10802	1.1526
10802	10803	1.1376
10803	10804	1.1415
10804	10805	1.1280
10805	10806	1.1254
10806	10807	1.1219
10807	10808	1.1808
10808	10809	1.1095
10809	10810	1.1078
10810	10811	1.0988
10811	10812	1.0750
10812	10813	1.0799
10813	10814	1.0939
10814	10815	1.1428
10815	10816	1.0652
10816	10817	1.1091
10817	10818	1.0660
10818	10819	1.0650
10819	10820	1.0434
10820	10821	1.0306
10821	10822	1.0502
10822	10823	1.0363
10823	10824	1.0296
10824	10825	1.0465
10825	10826	1.0705
10826	10827	1.1159
10827	10828	1.0780
10828	10829	1.0822
10829	10830	1.0318
10830	10831	1.0475
10831	10832	1.0787
10832	10833	1.0900
10833	10834	1.0834
10834	10835	1.1099
10835	10836	1.0797
10836	10837	1.0701
10837	10838	1.0830
10838	10839	1.0995
10839	10840	1.0602
10840	10841	1.1029
10841	10842	1.0945
10842	10843	1.0177
10843	10844	1.0486
10844	10845	1.0277
10845	10846	1.0469
10846	10847	1.0617
10847	10848	1.0161
10848	10849	1.0354
10849	10850	1.0495
10850	10851	1.0223
10851	10852	1.0521
10852	10853	1.0412
10853	10854	1.0788
10854	10855	1.0450
10855	10856	0.9943
10856	10857	0.9925
10857	10858	1.0115
10858	10859	1.0353
10859	10860	1.0477
10860	10861	1.0570
10861	10862	1.0555
10862	10863	1.0726
10863	10864	1.1034
10864	10865	1.0877
10865	10866	1.0560
10866	10867	1.0210
10867	10868	1.0693
10868	10869	1.0206
10869	10870	1.0396
10870	10871	1.0643
10871	10872	1.0365
10872	10873	0.9773
10873	10874	1.0079
10874	10875	1.0104
10875	10876	1.0154
10876	10877	0.9767
10877	10878	1.0547
10878	10879	1.0088
10879	10880	0.9389
10880	10881	0.9252
10881	10882	0.9644
10882	10883	0.9720
10883	10884	0.9707
10884	10885	0.9768
10885	10886	0.9879
10886	10887	0.9888
10887	10888	1.0118
10888	10889	1.0045
10889	10890	1.0507
10890	10891	0.9790
10891	10892	0.9809
10892	10893	0.9774
10893	10894	1.0426
10894	10895	1.0438
10895	10896	1.0166
10896	10897	0.9884
10897	10898	0.9780
10898	10899	0.9713
10899	10900	0.9843
10900	10901	0.9895
10901	10902	1.0347
10902	10903	1.0146
10903	10904	1.0523
10904	10905	1.0372
10905	10906	1.0295
10906	10907	1.0431
10907	10908	1.0450
10908	10909	1.0660
10909	10910	1.0593
10910	10911	1.0498
10911	10912	1.0348
10912	10913	1.0298
10913	10914	1.0055
10914	10915	1.0361
10915	10916	1.0972
10916	10917	1.1002
10917	10918	1.1147
10918	10919	1.0884
10919	10920	1.1094
10920	10921	1.1126
10921	10922	1.0622
10922	10923	1.0645
10923	10924	1.0560
10924	10925	1.0466
10925	10926	1.0437
10926	10927	1.0424
10927	10928	1.0690
10928	10929	1.0660
10929	10930	1.0814
10930	10931	1.1235
10931	10932	1.0903
10932	10933	1.0960
10933	10934	1.1027
10934	10935	1.1145
10935	10936	1.1212
10936	10937	1.1077
10937	10938	1.0880
10938	10939	1.0840
10939	10940	1.0793
10940	10941	1.0506
10941	10942	1.0509
10942	10943	1.0550
10943	10944	1.0557
10944	10945	1.0343
10945	10946	1.0417
10946	10947	1.0750
10947	10948	1.0908
10948	10949	1.1526
10949	10950	1.0873
10950	10951	1.0857
10951	10952	1.0751
10952	10953	1.0467
10953	10954	1.0621
10954	10955	1.0680
10955	10956	1.0877
10956	10957	1.1046
10957	10958	1.0782
10958	10959	1.0744
10959	10960	1.0902
10960	10961	1.0860
10961	10962	1.0655
10962	10963	1.0492
10963	10964	1.0533
10964	10965	1.0805
10965	10966	1.1023
10966	10967	1.0891
10967	10968	1.1006
10968	10969	1.1016
10969	10970	1.1260
10970	10971	1.0954
10971	10972	1.0792
10972	10973	1.0904
10973	10974	1.1458
10974	10975	1.1268
10975	10976	1.1186
10976	10977	1.1248
10977	10978	1.0626
10978	10979	1.0964
10979	10980	1.0869
10980	10981	1.0944
10981	10982	1.0731
10982	10983	1.0837
10983	10984	1.0493
10984	10985	1.0493
10985	10986	1.0830
10986	10987	1.0490
10987	10988	1.0923
10988	10989	1.0444
10989	10990	1.0178
10990	10991	1.0114
10991	10992	1.0307
10992	10993	1.0647
10993	10994	1.0826
10994	10995	1.0436
10995	10996	1.0923
10996	10997	1.1073
10997	10998	1.0982
10998	10999	1.0873
10999	11000	1.0263
11000	11001	1.0088
11001	11002	0.9892
11002	11003	1.0302
11003	11004	1.0326
11004	11005	0.9812
11005	11006	1.0406
11006	11007	1.0414
11007	11008	1.0597
11008	11009	1.0571
11009	11010	1.1009
11010	11011	1.0662
11011	11012	1.0974
11012	11013	1.0611
11013	11014	1.0881
11014	11015	1.0997
11015	11016	1.1112
11016	11017	1.1306
11017	11018	1.1217
11018	11019	1.1009
11019	11020	1.1127
11020	11021	1.0824
11021	11022	1.0831
11022	11023	1.0562
11023	11024	1.0175
11024	11025	1.0440
11025	11026	1.0058
11026	11027	0.9999
11027	11028	0.9836
11028	11029	0.9759
11029	11030	0.9616
11030	11031	0.9794
11031	11032	1.0430
11032	11033	1.0133
11033	11034	1.0148
11034	11035	1.0415
11035	11036	1.0390
11036	11037	1.0070
11037	11038	1.0698
11038	11039	1.0569
11039	11040	1.0441
11040	11041	1.0556
11041	11042	1.0623
11042	11043	1.0071
11043	11044	1.0177
11044	11045	1.0368
11045	11046	0.9937
11046	11047	1.0274
11047	11048	1.0538
11048	11049	1.0197
11049	11050	1.0095
11050	11051	1.0628
11051	11052	1.0266
11052	11053	1.0800
11053	11054	1.0529
11054	11055	1.0236
11055	11056	1.0192
11056	11057	1.0297
11057	11058	1.0430
11058	11059	1.0432
11059	11060	1.0556
11060	11061	1.0044
11061	11062	1.0299
11062	11063	1.0291
11063	11064	1.0510
11064	11065	1.0710
11065	11066	1.0911
11066	11067	1.0846
11067	11068	1.1009
11068	11069	1.0262
11069	11070	1.0376
11070	11071	1.0189
11071	11072	1.0259
11072	11073	1.0808
11073	11074	1.0379
11074	11075	1.0809
11075	11076	1.0709
11076	11077	1.1064
11077	11078	1.1152
11078	11079	1.1505
11079	11080	1.1406
11080	11081	1.1263
11081	11082	1.1324
11082	11083	1.0985
11083	11084	1.0913
11084	11085	1.0697
11085	11086	1.0794
11086	11087	1.1147
11087	11088	1.0890
11088	11089	1.0581
11089	11090	1.0620
11090	11091	1.1096
11091	11092	1.1020
11092	11093	1.1287
11093	11094	1.1212
11094	11095	1.1218
11095	11096	1.1224
11096	11097	1.1470
11097	11098	1.0905
11098	11099	1.0984
11099	11100	1.1067
11100	11101	1.1047
11101	11102	1.0960
11102	11103	1.1194
11103	11104	1.1608
11104	11105	1.1365
11105	11106	1.1296
11106	11107	1.0861
11107	11108	1.1226
11108	11109	1.0867
11109	11110	1.1230
11110	11111	1.0956
11111	11112	1.0708
11112	11113	1.0639
11113	11114	1.0585
11114	11115	1.0792
11115	11116	1.0404
11116	11117	1.0576
11117	11118	1.0487
11118	11119	1.0417
11119	11120	1.0564
11120	11121	1.0311
11121	11122	0.9999
11122	11123	1.0388
11123	11124	1.0512
11124	11125	1.0741
11125	11126	1.0452
11126	11127	1.0246
11127	11128	1.0503
11128	11129	1.0306
11129	11130	1.0011
11130	11131	0.9881
11131	11132	1.0033
11132	11133	0.9880
11133	11134	1.0014
11134	11135	1.0091
11135	11136	1.0139
11136	11137	1.0097
11137	11138	1.0539
11138	11139	1.0303
11139	11140	1.0376
11140	11141	1.0484
11141	11142	1.0241
11142	11143	1.0168
11143	11144	1.0025
11144	11145	1.0322
11145	11146	1.0182
11146	11147	1.0377
11147	11148	0.9967
11148	11149	1.0236
11149	11150	0.9835
11150	11151	0.9915
11151	11152	1.0053
11152	11153	0.9899
11153	11154	1.0320
11154	11155	1.0021
11155	11156	1.0364
11156	11157	1.0420
11157	11158	1.0364
11158	11159	1.0009
11159	11160	0.9925
11160	11161	0.9941
11161	11162	1.0297
11162	11163	1.0222
11163	11164	1.0393
11164	11165	1.0422
11165	11166	1.0351
11166	11167	1.0238
11167	11168	1.0221
11168	11169	1.0184
11169	11170	1.0022
11170	11171	1.0363
11171	11172	1.0164
11172	11173	1.0144
11173	11174	1.0345
11174	11175	1.0083
11175	11176	0.9937
11176	11177	1.0083
11177	11178	0.9996
11178	11179	0.9977
11179	11180	0.9992
11180	11181	1.0236
11181	11182	1.0243
11182	11183	1.0494
11183	11184	1.0298
11184	11185	1.0210
11185	11186	1.0582
11186	11187	0.9981
11187	11188	1.0274
11188	11189	1.0426
11189	11190	1.0786
11190	11191	1.0193
11191	11192	1.0045
11192	11193	1.0146
11193	11194	1.0310
11194	11195	1.0410
11195	11196	1.0449
11196	11197	1.0721
11197	11198	1.0685
11198	11199	1.0900
11199	11200	1.0190
11200	11201	1.0691
11201	11202	1.1143
11202	11203	1.0938
11203	11204	1.0701
11204	11205	1.0713
11205	11206	1.0320
11206	11207	1.0470
11207	11208	1.0636
11208	11209	1.0413
11209	11210	0.9881
11210	11211	0.9793
11211	11212	0.9894
11212	11213	0.9411
11213	11214	0.9730
11214	11215	0.9540
11215	11216	0.9765
11216	11217	0.9642
11217	11218	0.9599
11218	11219	0.9843
11219	11220	0.9963
11220	11221	0.9927
11221	11222	0.9895
11222	11223	0.9716
11223	11224	0.9378
11224	11225	0.9556
11225	11226	0.9647
11226	11227	0.9344
11227	11228	0.9715
11228	11229	1.0085
11229	11230	0.9623
11230	11231	1.0155
11231	11232	0.9718
11232	11233	0.9713
11233	11234	0.9904
11234	11235	1.0014
11235	11236	1.0120
11236	11237	1.0289
11237	11238	1.0026
11238	11239	0.9648
11239	11240	1.0089
11240	11241	1.0207
11241	11242	1.0571
11242	11243	1.0193
11243	11244	1.0153
11244	11245	1.0105
11245	11246	1.0138
11246	11247	1.0052
11247	11248	1.0114
11248	11249	1.0383
11249	11250	1.0781
11250	11251	1.0749
11251	11252	1.0726
11252	11253	1.0603
11253	11254	1.0355
11254	11255	1.0565
11255	11256	1.0539
11256	11257	1.1092
11257	11258	1.0998
11258	11259	1.0701
11259	11260	1.0886
11260	11261	1.0628
11261	11262	1.0183
11262	11263	1.0391
11263	11264	1.0368
11264	11265	1.0580
11265	11266	1.0317
11266	11267	1.0006
11267	11268	1.0482
11268	11269	1.0364
11269	11270	1.0839
11270	11271	1.0574
11271	11272	1.0446
11272	11273	1.0285
11273	11274	1.0762
11274	11275	1.0747
11275	11276	1.0162
11276	11277	1.0728
11277	11278	1.0698
11278	11279	1.0257
11279	11280	1.0458
11280	11281	1.0360
11281	11282	1.0397
11282	11283	1.0925
11283	11284	1.0977
11284	11285	1.0935
11285	11286	1.0929
11286	11287	1.1208
11287	11288	1.1222
11288	11289	1.1154
11289	11290	1.1006
11290	11291	1.0625
11291	11292	1.0854
11292	11293	1.0571
11293	11294	1.0501
11294	11295	1.0741
11295	11296	1.0841
11296	11297	1.0721
11297	11298	1.0602
11298	11299	1.0225
11299	11300	1.0250
11300	11301	1.0369
11301	11302	1.0377
11302	11303	1.0495
11303	11304	1.0435
11304	11305	1.0368
11305	11306	1.0335
11306	11307	1.0299
11307	11308	1.0344
11308	11309	1.0556
11309	11310	1.0471
11310	11311	1.0869
11311	11312	1.0887
11312	11313	1.0507
11313	11314	1.0503
11314	11315	1.0377
11315	11316	1.0084
11316	11317	1.0305
11317	11318	1.0156
11318	11319	1.0457
11319	11320	1.0137
11320	11321	1.0234
11321	11322	1.0524
11322	11323	1.0588
11323	11324	1.0624
11324	11325	1.0688
11325	11326	1.0272
11326	11327	1.0700
11327	11328	1.0952
11328	11329	1.0901
11329	11330	1.1016
11330	11331	1.1301
11331	11332	1.0836
11332	11333	1.1408
11333	11334	1.0818
11334	11335	1.1377
11335	11336	1.1082
11336	11337	1.1502
11337	11338	1.1255
11338	11339	1.0990
11339	11340	1.0590
11340	11341	1.0701
11341	11342	1.0354
11342	11343	1.0627
11343	11344	1.0709
11344	11345	1.0712
11345	11346	1.0756
11346	11347	1.0665
11347	11348	1.0596
11348	11349	1.1096
11349	11350	1.1180
11350	11351	1.1069
11351	11352	1.1665
11352	11353	1.1320
11353	11354	1.1258
11354	11355	1.1576
11355	11356	1.1882
11356	11357	1.1962
11357	11358	1.1632
11358	11359	1.1840
11359	11360	1.1404
11360	11361	1.1714
11361	11362	1.1629
11362	11363	1.1375
11363	11364	1.1604
11364	11365	1.2138
11365	11366	1.1748
11366	11367	1.2212
11367	11368	1.2066
11368	11369	1.2425
11369	11370	1.1967
11370	11371	1.1674
11371	11372	1.1539
11372	11373	1.1415
11373	11374	1.1491
11374	11375	1.1732
11375	11376	1.1752
11376	11377	1.1951
11377	11378	1.1948
11378	11379	1.2315
11379	11380	1.2037
11380	11381	1.2130
11381	11382	1.1855
11382	11383	1.1523
11383	11384	1.1696
11384	11385	1.2106
11385	11386	1.2020
11386	11387	1.1938
11387	11388	1.1776
11388	11389	1.1531
11389	11390	1.1632
11390	11391	1.1393
11391	11392	1.1318
11392	11393	1.1444
11393	11394	1.1099
11394	11395	1.1406
11395	11396	1.1223
11396	11397	1.1057
11397	11398	1.0903
11398	11399	1.0887
11399	11400	1.0823
11400	11401	1.1591
11401	11402	1.0960
11402	11403	1.0448
11403	11404	1.0766
11404	11405	1.0996
11405	11406	1.1087
11406	11407	1.1588
11407	11408	1.2019
11408	11409	1.1682
11409	11410	1.1276
11410	11411	1.1487
11411	11412	1.1079
11412	11413	1.1085
11413	11414	1.0838
11414	11415	1.1221
11415	11416	1.1765
11416	11417	1.1592
11417	11418	1.1455
11418	11419	1.1354
11419	11420	1.1263
11420	11421	1.1062
11421	11422	1.1406
11422	11423	1.1502
11423	11424	1.1477
11424	11425	1.1778
11425	11426	1.1946
11426	11427	1.1838
11427	11428	1.1693
11428	11429	1.1025
11429	11430	1.1136
11430	11431	1.1581
11431	11432	1.1480
11432	11433	1.1878
11433	11434	1.1464
11434	11435	1.1948
11435	11436	1.2097
11436	11437	1.1902
11437	11438	1.2071
11438	11439	1.1592
11439	11440	1.1865
11440	11441	1.2236
11441	11442	1.2192
11442	11443	1.2028
11443	11444	1.1947
11444	11445	1.1903
11445	11446	1.2165
11446	11447	1.2261
11447	11448	1.2160
11448	11449	1.1949
11449	11450	1.2661
11450	11451	1.2571
11451	11452	1.2600
11452	11453	1.2400
11453	11454	1.2117
11454	11455	1.2218
11455	11456	1.1977
11456	11457	1.2420
11457	11458	1.2101
11458	11459	1.1694
11459	11460	1.1804
11460	11461	1.1652
11461	11462	1.1233
11462	11463	1.0983
11463	11464	1.1215
11464	11465	1.0861
11465	11466	1.0609
11466	11467	1.0703
11467	11468	1.1134
11468	11469	1.1136
11469	11470	1.1523
11470	11471	1.1682
11471	11472	1.1116
11472	11473	1.1152
11473	11474	1.1370
11474	11475	1.1576
11475	11476	1.1370
11476	11477	1.1443
11477	11478	1.1392
11478	11479	1.1818
11479	11480	1.1281
11480	11481	1.1447
11481	11482	1.1177
11482	11483	1.1161
11483	11484	1.1224
11484	11485	1.1393
11485	11486	1.1121
11486	11487	1.1572
11487	11488	1.1470
11488	11489	1.1456
11489	11490	1.1686
11490	11491	1.1655
11491	11492	1.1449
11492	11493	1.0846
11493	11494	1.1234
11494	11495	1.1345
11495	11496	1.1768
11496	11497	1.1850
11497	11498	1.2105
11498	11499	1.2551
11499	11500	1.2585
11500	11501	1.1971
11501	11502	1.2253
11502	11503	1.2011
11503	11504	1.1882
11504	11505	1.1480
11505	11506	1.1121
11506	11507	1.1346
11507	11508	1.1838
11508	11509	1.1766
11509	11510	1.1707
11510	11511	1.1492
11511	11512	1.2138
11512	11513	1.2195
11513	11514	1.2198
11514	11515	1.2029
11515	11516	1.2193
11516	11517	1.2084
11517	11518	1.2075
11518	11519	1.2026
11519	11520	1.2038
11520	11521	1.1568
11521	11522	1.1638
11522	11523	1.1415
11523	11524	1.1325
11524	11525	1.1599
11525	11526	1.0970
11526	11527	1.1322
11527	11528	1.1398
11528	11529	1.1455
11529	11530	1.1921
11530	11531	1.1271
11531	11532	1.1091
11532	11533	1.1213
11533	11534	1.1144
11534	11535	1.1202
11535	11536	1.1765
11536	11537	1.1636
11537	11538	1.1456
11538	11539	1.1860
11539	11540	1.1792
11540	11541	1.1322
11541	11542	1.1175
11542	11543	1.1041
11543	11544	1.1342
11544	11545	1.1023
11545	11546	1.0875
11546	11547	1.0796
11547	11548	1.1150
11548	11549	1.1090
11549	11550	1.1119
11550	11551	1.0962
11551	11552	1.1200
11552	11553	1.1081
11553	11554	1.0827
11554	11555	1.1131
11555	11556	1.1265
11556	11557	1.1166
11557	11558	1.0900
11558	11559	1.0791
11559	11560	1.0787
11560	11561	1.0853
11561	11562	1.1058
11562	11563	1.0953
11563	11564	1.0788
11564	11565	1.0995
11565	11566	1.1475
11566	11567	1.0901
11567	11568	1.1382
11568	11569	1.1409
11569	11570	1.1447
11570	11571	1.1009
11571	11572	1.1032
11572	11573	1.0494
11573	11574	1.0033
11574	11575	1.0572
11575	11576	1.0432
11576	11577	1.0931
11577	11578	1.0574
11578	11579	1.0628
11579	11580	1.0703
11580	11581	1.0903
11581	11582	1.1100
11582	11583	1.1397
11583	11584	1.1138
11584	11585	1.1397
11585	11586	1.1317
11586	11587	1.0822
11587	11588	1.0637
11588	11589	1.0821
11589	11590	1.0703
11590	11591	1.0857
11591	11592	1.0781
11592	11593	1.0643
11593	11594	1.1023
11594	11595	1.1173
11595	11596	1.1059
11596	11597	1.1252
11597	11598	1.1178
11598	11599	1.0965
11599	11600	1.1828
11600	11601	1.0875
11601	11602	1.1148
11602	11603	1.0647
11603	11604	1.0771
11604	11605	1.0615
11605	11606	1.0938
11606	11607	1.0865
11607	11608	1.0885
11608	11609	1.0947
11609	11610	1.0850
11610	11611	1.0953
11611	11612	1.1039
11612	11613	1.0406
11613	11614	1.0381
11614	11615	1.0632
11615	11616	1.0228
11616	11617	1.0503
11617	11618	1.0913
11618	11619	1.0835
11619	11620	1.0755
11620	11621	1.0535
11621	11622	1.0852
11622	11623	1.0932
11623	11624	1.1196
11624	11625	1.1393
11625	11626	1.1200
11626	11627	1.0975
11627	11628	1.0726
11628	11629	1.1486
11629	11630	1.1237
11630	11631	1.1243
11631	11632	1.1000
11632	11633	1.1459
11633	11634	1.1391
11634	11635	1.0869
11635	11636	1.1147
11636	11637	1.1285
11637	11638	1.1377
11638	11639	1.1171
11639	11640	1.1236
11640	11641	1.1333
11641	11642	1.1094
11642	11643	1.0859
11643	11644	1.0828
11644	11645	1.0615
11645	11646	1.0758
11646	11647	1.0484
11647	11648	1.0281
11648	11649	1.0624
11649	11650	1.0950
11650	11651	1.0544
11651	11652	1.0558
11652	11653	1.0842
11653	11654	1.0271
11654	11655	1.0397
11655	11656	1.0403
11656	11657	1.0705
11657	11658	1.0901
11658	11659	1.0721
11659	11660	1.0890
11660	11661	1.0966
11661	11662	1.0915
11662	11663	1.0993
11663	11664	1.1105
11664	11665	1.1370
11665	11666	1.1394
11666	11667	1.1107
11667	11668	1.1106
11668	11669	1.1035
11669	11670	1.0768
11670	11671	1.1208
11671	11672	1.1182
11672	11673	1.1350
11673	11674	1.1145
11674	11675	1.1322
11675	11676	1.0831
11676	11677	1.1125
11677	11678	1.1190
11678	11679	1.0792
11679	11680	1.0653
11680	11681	1.0414
11681	11682	1.0334
11682	11683	1.0605
11683	11684	1.0726
11684	11685	1.0617
11685	11686	1.0862
11686	11687	1.0943
11687	11688	1.0243
11688	11689	1.0431
11689	11690	1.0406
11690	11691	1.0600
11691	11692	1.0919
11692	11693	1.1097
11693	11694	1.0827
11694	11695	1.0848
11695	11696	1.1079
11696	11697	1.1059
11697	11698	1.1015
11698	11699	1.1027
11699	11700	1.1222
11700	11701	1.1250
11701	11702	1.0932
11702	11703	1.0805
11703	11704	1.1035
11704	11705	1.0891
11705	11706	1.1235
11706	11707	1.0925
11707	11708	1.0992
11708	11709	1.1348
11709	11710	1.1299
11710	11711	1.1411
11711	11712	1.1119
11712	11713	1.1274
11713	11714	1.1074
11714	11715	1.0764
11715	11716	1.0664
11716	11717	1.0377
11717	11718	1.0777
11718	11719	1.0696
11719	11720	1.1079
11720	11721	1.1155
11721	11722	1.0945
11722	11723	1.1106
11723	11724	1.1036
11724	11725	1.1421
11725	11726	1.1300
11726	11727	1.1189
11727	11728	1.1277
11728	11729	1.1133
11729	11730	1.1579
11730	11731	1.1066
11731	11732	1.1233
11732	11733	1.1023
11733	11734	1.0950
11734	11735	1.0862
11735	11736	1.0534
11736	11737	1.0818
11737	11738	1.0870
11738	11739	1.0666
11739	11740	1.0926
11740	11741	1.0875
11741	11742	1.0796
11742	11743	1.0562
11743	11744	1.0927
11744	11745	1.0835
11745	11746	1.1244
11746	11747	1.1217
11747	11748	1.1325
11748	11749	1.0864
11749	11750	1.0831
11750	11751	1.1143
11751	11752	1.1255
11752	11753	1.1064
11753	11754	1.1714
11754	11755	1.1121
11755	11756	1.1313
11756	11757	1.1247
11757	11758	1.1640
11758	11759	1.1099
11759	11760	1.1086
11760	11761	1.1404
11761	11762	1.0784
11762	11763	1.0660
11763	11764	1.0722
11764	11765	1.1264
11765	11766	1.1231
11766	11767	1.1581
11767	11768	1.1553
11768	11769	1.1719
11769	11770	1.1719
11770	11771	1.1691
11771	11772	1.1361
11772	11773	1.1044
11773	11774	1.1480
11774	11775	1.1231
11775	11776	1.1620
11776	11777	1.1314
11777	11778	1.1497
11778	11779	1.1736
11779	11780	1.1982
11780	11781	1.2291
11781	11782	1.2003
11782	11783	1.1869
11783	11784	1.2085
11784	11785	1.2087
11785	11786	1.2232
11786	11787	1.2109
11787	11788	1.2009
11788	11789	1.1730
11789	11790	1.1290
11790	11791	1.1159
11791	11792	1.1225
11792	11793	1.1222
11793	11794	1.1337
11794	11795	1.1398
11795	11796	1.1345
11796	11797	1.1443
11797	11798	1.1630
11798	11799	1.1637
11799	11800	1.1390
11800	11801	1.1793
11801	11802	1.1684
11802	11803	1.1759
11803	11804	1.1478
11804	11805	1.1360
11805	11806	1.1423
11806	11807	1.1385
11807	11808	1.1501
11808	11809	1.0924
11809	11810	1.1337
11810	11811	1.1419
11811	11812	1.1628
11812	11813	1.1656
11813	11814	1.1309
11814	11815	1.1185
11815	11816	1.1468
11816	11817	1.1762
11817	11818	1.1668
11818	11819	1.1876
11819	11820	1.2063
11820	11821	1.1808
11821	11822	1.1928
11822	11823	1.2355
11823	11824	1.2323
11824	11825	1.1911
11825	11826	1.2204
11826	11827	1.1846
11827	11828	1.2040
11828	11829	1.1858
11829	11830	1.1966
11830	11831	1.2040
11831	11832	1.1700
11832	11833	1.1418
11833	11834	1.2012
11834	11835	1.1702
11835	11836	1.1828
11836	11837	1.2237
11837	11838	1.2130
11838	11839	1.2442
11839	11840	1.2366
11840	11841	1.2394
11841	11842	1.2616
11842	11843	1.2207
11843	11844	1.2134
11844	11845	1.1925
11845	11846	1.1924
11846	11847	1.2019
11847	11848	1.2405
11848	11849	1.2123
11849	11850	1.2176
11850	11851	1.1606
11851	11852	1.1214
11852	11853	1.1889
11853	11854	1.1475
11854	11855	1.1615
11855	11856	1.1814
11856	11857	1.2090
11857	11858	1.1767
11858	11859	1.1982
11859	11860	1.1776
11860	11861	1.1455
11861	11862	1.1478
11862	11863	1.1470
11863	11864	1.1669
11864	11865	1.1368
11865	11866	1.1524
11866	11867	1.1356
11867	11868	1.1281
11868	11869	1.1203
11869	11870	1.1441
11870	11871	1.1036
11871	11872	1.1257
11872	11873	1.1755
11873	11874	1.1449
11874	11875	1.1523
11875	11876	1.1299
11876	11877	1.1439
11877	11878	1.1651
11878	11879	1.1823
11879	11880	1.0969
11880	11881	1.1360
11881	11882	1.1641
11882	11883	1.1368
11883	11884	1.1149
11884	11885	1.1120
11885	11886	1.1435
11886	11887	1.1446
11887	11888	1.0906
11888	11889	1.0409
11889	11890	1.0845
11890	11891	1.0440
11891	11892	1.0523
11892	11893	1.0420
11893	11894	1.0131
11894	11895	0.9917
11895	11896	1.0252
11896	11897	1.0817
11897	11898	1.0385
11898	11899	1.0757
11899	11900	1.0864
11900	11901	1.0739
11901	11902	1.0921
11902	11903	1.0877
11903	11904	1.0895
11904	11905	1.1107
11905	11906	1.1111
11906	11907	1.0817
11907	11908	1.0645
11908	11909	1.0447
11909	11910	1.0018
11910	11911	1.0554
11911	11912	1.0748
11912	11913	1.0403
11913	11914	1.0618
11914	11915	1.0824
11915	11916	1.0506
11916	11917	1.0751
11917	11918	1.0961
11918	11919	1.0801
11919	11920	1.0420
11920	11921	1.0545
11921	11922	1.0739
11922	11923	1.0588
11923	11924	1.0410
11924	11925	1.0183
11925	11926	1.0414
11926	11927	1.0461
11927	11928	1.0241
11928	11929	0.9966
11929	11930	1.0296
11930	11931	1.0756
11931	11932	1.0774
11932	11933	1.0707
11933	11934	1.0901
11934	11935	1.0333
11935	11936	1.1149
11936	11937	1.1309
11937	11938	1.1291
11938	11939	1.0898
11939	11940	1.1339
11940	11941	1.1389
11941	11942	1.1283
11942	11943	1.1372
11943	11944	1.1637
11944	11945	1.1764
11945	11946	1.1742
11946	11947	1.1555
11947	11948	1.1682
11948	11949	1.1789
11949	11950	1.1814
11950	11951	1.1796
11951	11952	1.1843
11952	11953	1.1939
11953	11954	1.2314
11954	11955	1.2289
11955	11956	1.2310
11956	11957	1.2223
11957	11958	1.1775
11958	11959	1.2016
11959	11960	1.2052
11960	11961	1.2323
11961	11962	1.1881
11962	11963	1.1867
11963	11964	1.1826
11964	11965	1.1918
11965	11966	1.1671
11966	11967	1.1912
11967	11968	1.1843
11968	11969	1.2169
11969	11970	1.2457
11970	11971	1.1859
11971	11972	1.1956
11972	11973	1.1839
11973	11974	1.1435
11974	11975	1.1214
11975	11976	1.1460
11976	11977	1.1420
11977	11978	1.1688
11978	11979	1.1545
11979	11980	1.1681
11980	11981	1.1398
11981	11982	1.1394
11982	11983	1.1902
11983	11984	1.1912
11984	11985	1.1634
11985	11986	1.1544
11986	11987	1.1468
11987	11988	1.1384
11988	11989	1.1628
11989	11990	1.1582
11990	11991	1.1736
11991	11992	1.1848
11992	11993	1.1396
11993	11994	1.1667
11994	11995	1.1446
11995	11996	1.1059
11996	11997	1.1011
11997	11998	1.1160
11998	11999	1.1098
11999	12000	1.0638
12000	12001	1.0370
12001	12002	1.0693
12002	12003	1.0751
12003	12004	1.1205
12004	12005	1.0879
12005	12006	1.1136
12006	12007	1.1014
12007	12008	1.0958
12008	12009	1.1088
12009	12010	1.1191
12010	12011	1.1236
12011	12012	1.1044
12012	12013	1.1134
12013	12014	1.1422
12014	12015	1.0844
12015	12016	1.1182
12016	12017	1.1049
12017	12018	1.1290
12018	12019	1.1116
12019	12020	1.1643
12020	12021	1.1625
12021	12022	1.1640
12022	12023	1.1471
12023	12024	1.1674
12024	12025	1.1687
12025	12026	1.1518
12026	12027	1.1792
12027	12028	1.1775
12028	12029	1.1862
12029	12030	1.2107
12030	12031	1.1479
12031	12032	1.2153
12032	12033	1.1988
12033	12034	1.1779
12034	12035	1.1575
12035	12036	1.1565
12036	12037	1.1173
12037	12038	1.1351
12038	12039	1.1516
12039	12040	1.1420
12040	12041	1.1197
12041	12042	1.1511
12042	12043	1.0868
12043	12044	1.0628
12044	12045	1.0869
12045	12046	1.0577
12046	12047	1.0793
12047	12048	1.0925
12048	12049	1.0974
12049	12050	1.0598
12050	12051	1.0688
12051	12052	1.0108
12052	12053	1.0006
12053	12054	1.0053
12054	12055	1.0224
12055	12056	0.9948
12056	12057	1.0287
12057	12058	0.9651
12058	12059	0.9927
12059	12060	0.9989
12060	12061	1.0097
12061	12062	1.0254
12062	12063	1.0427
12063	12064	1.0371
12064	12065	1.0690
12065	12066	1.0215
12066	12067	1.0489
12067	12068	1.0444
12068	12069	1.0271
12069	12070	1.1018
12070	12071	1.0541
12071	12072	1.0574
12072	12073	1.0731
12073	12074	1.0396
12074	12075	1.0511
12075	12076	1.0820
12076	12077	1.0830
12077	12078	1.0897
12078	12079	1.1055
12079	12080	1.0717
12080	12081	1.0993
12081	12082	1.0698
12082	12083	1.0367
12083	12084	1.0144
12084	12085	0.9828
12085	12086	0.9866
12086	12087	0.9955
12087	12088	1.0355
12088	12089	1.0317
12089	12090	1.0563
12090	12091	1.0877
12091	12092	1.0702
12092	12093	1.0611
12093	12094	1.0405
12094	12095	1.0662
12095	12096	1.0410
12096	12097	1.0379
12097	12098	1.0363
12098	12099	1.0425
12099	12100	1.0596
12100	12101	1.0373
12101	12102	1.0506
12102	12103	1.0348
12103	12104	1.0277
12104	12105	1.0609
12105	12106	1.1163
12106	12107	1.0986
12107	12108	1.0698
12108	12109	1.0618
12109	12110	1.0465
12110	12111	1.0679
12111	12112	1.0441
12112	12113	1.0371
12113	12114	1.0361
12114	12115	1.0234
12115	12116	1.0514
12116	12117	1.0433
12117	12118	1.0502
12118	12119	1.0606
12119	12120	1.0847
12120	12121	1.0398
12121	12122	1.0259
12122	12123	1.0977
12123	12124	1.0426
12124	12125	1.0286
12125	12126	1.0531
12126	12127	1.1054
12127	12128	1.0902
12128	12129	1.0866
12129	12130	1.0962
12130	12131	1.0984
12131	12132	1.1248
12132	12133	1.1329
12133	12134	1.1093
12134	12135	1.1053
12135	12136	1.1002
12136	12137	1.1568
12137	12138	1.1471
12138	12139	1.1747
12139	12140	1.0917
12140	12141	1.1207
12141	12142	1.1321
12142	12143	1.0994
12143	12144	1.0893
12144	12145	1.1430
12145	12146	1.0998
12146	12147	1.0853
12147	12148	1.0924
12148	12149	1.1231
12149	12150	1.1021
12150	12151	1.0845
12151	12152	1.0828
12152	12153	1.0799
12153	12154	1.0981
12154	12155	1.0847
12155	12156	1.0688
12156	12157	1.0481
12157	12158	1.0452
12158	12159	1.0745
12159	12160	1.0871
12160	12161	1.0855
12161	12162	1.0518
12162	12163	1.0256
12163	12164	1.0383
12164	12165	1.0042
12165	12166	1.0279
12166	12167	1.0596
12167	12168	0.9999
12168	12169	1.0300
12169	12170	1.0192
12170	12171	1.0463
12171	12172	1.0329
12172	12173	1.0724
12173	12174	1.0445
12174	12175	1.0410
12175	12176	1.0636
12176	12177	1.0610
12177	12178	1.0617
12178	12179	1.0903
12179	12180	1.0783
12180	12181	1.1082
12181	12182	1.0664
12182	12183	1.0939
12183	12184	1.0902
12184	12185	1.0391
12185	12186	1.0389
12186	12187	0.9896
12187	12188	1.0227
12188	12189	1.0244
12189	12190	1.0648
12190	12191	1.0330
12191	12192	1.0393
12192	12193	1.1150
12193	12194	1.1001
12194	12195	1.0877
12195	12196	1.0886
12196	12197	1.0568
12197	12198	1.0999
12198	12199	1.0983
12199	12200	1.1104
12200	12201	1.0931
12201	12202	1.0821
12202	12203	1.0937
12203	12204	1.0780
12204	12205	1.0904
12205	12206	1.0806
12206	12207	1.0638
12207	12208	1.1031
12208	12209	1.0946
12209	12210	1.1235
12210	12211	1.0847
12211	12212	1.1006
12212	12213	1.0670
12213	12214	1.1063
12214	12215	1.0408
12215	12216	1.0501
12216	12217	1.0701
12217	12218	1.0829
12218	12219	1.1165
12219	12220	1.0791
12220	12221	1.0931
12221	12222	1.0767
12222	12223	1.1049
12223	12224	1.1000
12224	12225	1.0875
12225	12226	1.1011
12226	12227	1.0708
12227	12228	1.0381
12228	12229	1.0494
12229	12230	1.0603
12230	12231	1.0401
12231	12232	1.0759
12232	12233	1.1244
12233	12234	1.1082
12234	12235	1.0759
12235	12236	1.0504
12236	12237	1.0614
12237	12238	1.0676
12238	12239	1.0629
12239	12240	1.0663
12240	12241	1.0804
12241	12242	1.1631
12242	12243	1.1393
12243	12244	1.1701
12244	12245	1.1464
12245	12246	1.1558
12246	12247	1.1577
12247	12248	1.1489
12248	12249	1.1324
12249	12250	1.0818
12250	12251	1.0866
12251	12252	1.0908
12252	12253	1.1204
12253	12254	1.1038
12254	12255	1.1001
12255	12256	1.0450
12256	12257	1.1113
12257	12258	1.0886
12258	12259	1.1020
12259	12260	1.1046
12260	12261	1.0980
12261	12262	1.0984
12262	12263	1.0779
12263	12264	1.1133
12264	12265	1.1234
12265	12266	1.1515
12266	12267	1.1537
12267	12268	1.1362
12268	12269	1.1368
12269	12270	1.0915
12270	12271	1.0950
12271	12272	1.1295
12272	12273	1.1588
12273	12274	1.1731
12274	12275	1.1390
12275	12276	1.1375
12276	12277	1.1330
12277	12278	1.1356
12278	12279	1.1361
12279	12280	1.1994
12280	12281	1.2156
12281	12282	1.2340
12282	12283	1.1941
12283	12284	1.2215
12284	12285	1.2092
12285	12286	1.2254
12286	12287	1.1849
12287	12288	1.1328
12288	12289	1.1583
12289	12290	1.1928
12290	12291	1.1753
12291	12292	1.1821
12292	12293	1.1466
12293	12294	1.1603
12294	12295	1.1082
12295	12296	1.1599
12296	12297	1.1426
12297	12298	1.1302
12298	12299	1.0837
12299	12300	1.0963
12300	12301	1.0987
12301	12302	1.0564
12302	12303	1.1015
12303	12304	1.0675
12304	12305	1.0568
12305	12306	1.0536
12306	12307	1.0597
12307	12308	1.1065
12308	12309	1.0769
12309	12310	1.0909
12310	12311	1.1427
12311	12312	1.0621
12312	12313	1.0105
12313	12314	1.0285
12314	12315	1.0201
12315	12316	1.0136
12316	12317	1.0018
12317	12318	1.0340
12318	12319	1.0027
12319	12320	0.9975
12320	12321	1.0249
12321	12322	1.0207
12322	12323	1.0200
12323	12324	1.0317
12324	12325	1.0456
12325	12326	1.0510
12326	12327	1.0387
12327	12328	1.0536
12328	12329	1.0621
12329	12330	1.0082
12330	12331	1.0166
12331	12332	1.0186
12332	12333	1.0475
12333	12334	1.0309
12334	12335	1.0954
12335	12336	1.0835
12336	12337	1.0763
12337	12338	1.0660
12338	12339	1.1048
12339	12340	1.1041
12340	12341	1.0705
12341	12342	1.0600
12342	12343	1.0400
12343	12344	1.0787
12344	12345	1.0602
12345	12346	1.0673
12346	12347	1.0827
12347	12348	1.0593
12348	12349	1.0913
12349	12350	1.0855
12350	12351	1.0994
12351	12352	1.0778
12352	12353	1.1334
12353	12354	1.0758
12354	12355	1.0777
12355	12356	1.0872
12356	12357	1.0340
12357	12358	1.0588
12358	12359	1.0800
12359	12360	1.1003
12360	12361	1.1331
12361	12362	1.1221
12362	12363	1.0892
12363	12364	1.0740
12364	12365	1.0672
12365	12366	1.1028
12366	12367	1.0910
12367	12368	1.0662
12368	12369	1.0551
12369	12370	1.0504
12370	12371	1.0635
12371	12372	1.0745
12372	12373	1.0644
12373	12374	1.0767
12374	12375	1.1141
12375	12376	1.1049
12376	12377	1.0929
12377	12378	1.0841
12378	12379	1.0917
12379	12380	1.0985
12380	12381	1.1093
12381	12382	1.0950
12382	12383	1.0716
12383	12384	1.1215
12384	12385	1.1215
12385	12386	1.1258
12386	12387	1.1076
12387	12388	1.1343
12388	12389	1.0959
12389	12390	1.0833
12390	12391	1.0544
12391	12392	1.0851
12392	12393	1.0917
12393	12394	1.1033
12394	12395	1.0694
12395	12396	1.0634
12396	12397	1.0090
12397	12398	1.0063
12398	12399	1.0101
12399	12400	1.0716
12400	12401	1.0507
12401	12402	1.0562
12402	12403	1.0587
12403	12404	1.0748
12404	12405	1.0770
12405	12406	1.0635
12406	12407	1.1060
12407	12408	1.0666
12408	12409	1.1001
12409	12410	1.1009
12410	12411	1.1270
12411	12412	1.1203
12412	12413	1.0719
12413	12414	1.0844
12414	12415	1.1137
12415	12416	1.1110
12416	12417	1.1175
12417	12418	1.1399
12418	12419	1.1087
12419	12420	1.0975
12420	12421	1.0659
12421	12422	1.0767
12422	12423	1.0767
12423	12424	1.1049
12424	12425	1.1352
12425	12426	1.1410
12426	12427	1.1289
12427	12428	1.1329
12428	12429	1.1234
12429	12430	1.1398
12430	12431	1.1064
12431	12432	1.1032
12432	12433	1.0998
12433	12434	1.0845
12434	12435	1.0778
12435	12436	1.0890
12436	12437	1.1021
12437	12438	1.1118
12438	12439	1.1244
12439	12440	1.1054
12440	12441	1.1126
12441	12442	1.0713
12442	12443	1.0794
12443	12444	1.0668
12444	12445	1.0521
12445	12446	1.0542
12446	12447	1.1010
12447	12448	1.1174
12448	12449	1.0865
12449	12450	1.1639
12450	12451	1.1543
12451	12452	1.1475
12452	12453	1.2164
12453	12454	1.1561
12454	12455	1.1380
12455	12456	1.1894
12456	12457	1.1143
12457	12458	1.1424
12458	12459	1.1192
12459	12460	1.1436
12460	12461	1.1606
12461	12462	1.1093
12462	12463	1.0610
12463	12464	1.0509
12464	12465	1.0657
12465	12466	1.0491
12466	12467	1.0595
12467	12468	1.0457
12468	12469	1.0419
12469	12470	1.0432
12470	12471	1.0197
12471	12472	1.0354
12472	12473	1.0334
12473	12474	0.9934
12474	12475	1.0077
12475	12476	1.0080
12476	12477	1.0324
12477	12478	1.0015
12478	12479	1.0282
12479	12480	1.0690
12480	12481	1.0230
12481	12482	1.0558
12482	12483	1.0391
12483	12484	1.0542
12484	12485	1.0544
12485	12486	1.0608
12486	12487	1.0772
12487	12488	1.0077
12488	12489	1.0246
12489	12490	1.0712
12490	12491	1.0304
12491	12492	1.0281
12492	12493	1.0439
12493	12494	1.0401
12494	12495	1.0353
12495	12496	1.0184
12496	12497	1.0120
12497	12498	1.0032
12498	12499	1.0350
12499	12500	1.0193
12500	12501	1.0123
12501	12502	1.0359
12502	12503	1.0454
12503	12504	1.0416
12504	12505	1.0433
12505	12506	1.0184
12506	12507	1.0400
12507	12508	1.0315
12508	12509	0.9954
12509	12510	1.0171
12510	12511	0.9739
12511	12512	1.0188
12512	12513	0.9947
12513	12514	0.9990
12514	12515	1.0074
12515	12516	1.0015
12516	12517	1.0244
12517	12518	0.9972
12518	12519	1.0445
12519	12520	1.0874
12520	12521	1.0356
12521	12522	1.0360
12522	12523	0.9741
12523	12524	1.0007
12524	12525	1.0060
12525	12526	0.9707
12526	12527	1.0003
12527	12528	1.0462
12528	12529	1.0359
12529	12530	1.0448
12530	12531	1.1042
12531	12532	1.1727
12532	12533	1.1698
12533	12534	1.1451
12534	12535	1.0984
12535	12536	1.1519
12536	12537	1.0723
12537	12538	1.0690
12538	12539	1.0659
12539	12540	1.0772
12540	12541	1.0975
12541	12542	1.1225
12542	12543	1.0891
12543	12544	1.0729
12544	12545	1.0455
12545	12546	1.0064
12546	12547	1.0028
12547	12548	1.0148
12548	12549	1.0235
12549	12550	1.0461
12550	12551	1.0498
12551	12552	1.0332
12552	12553	1.0326
12553	12554	1.0280
12554	12555	0.9891
12555	12556	1.0147
12556	12557	1.0955
12557	12558	1.0706
12558	12559	1.0918
12559	12560	1.0151
12560	12561	1.0139
12561	12562	1.0094
12562	12563	1.0125
12563	12564	1.0138
12564	12565	1.0471
12565	12566	1.0307
12566	12567	1.0493
12567	12568	1.0603
12568	12569	1.0533
12569	12570	1.0540
12570	12571	1.0540
12571	12572	1.0484
12572	12573	1.0409
12573	12574	1.0217
12574	12575	0.9853
12575	12576	0.9979
12576	12577	1.0287
12577	12578	1.0354
12578	12579	1.0221
12579	12580	1.0340
12580	12581	1.0051
12581	12582	1.0353
12582	12583	1.0128
12583	12584	1.0182
12584	12585	1.0039
12585	12586	1.0441
12586	12587	1.0021
12587	12588	0.9763
12588	12589	0.9723
12589	12590	0.9435
12590	12591	0.9608
12591	12592	0.9737
12592	12593	0.9804
12593	12594	0.9829
12594	12595	0.9660
12595	12596	0.9947
12596	12597	0.9686
12597	12598	0.9780
12598	12599	0.9761
12599	12600	0.9557
12600	12601	0.9876
12601	12602	0.9847
12602	12603	0.9776
12603	12604	0.9660
12604	12605	0.9854
12605	12606	0.9713
12606	12607	1.0020
12607	12608	0.9675
12608	12609	0.9763
12609	12610	0.9538
12610	12611	0.9786
12611	12612	0.9788
12612	12613	0.9547
12613	12614	0.9814
12614	12615	0.9700
12615	12616	0.9665
12616	12617	1.0049
12617	12618	0.9716
12618	12619	0.9546
12619	12620	0.9363
12620	12621	0.9463
12621	12622	0.9823
12622	12623	1.0035
12623	12624	0.9825
12624	12625	0.9579
12625	12626	0.9634
12626	12627	0.9962
12627	12628	1.0269
12628	12629	1.0390
12629	12630	0.9891
12630	12631	0.9992
12631	12632	0.9881
12632	12633	0.9889
12633	12634	1.0131
12634	12635	1.0041
12635	12636	0.9963
12636	12637	1.0064
12637	12638	0.9857
12638	12639	0.9991
12639	12640	1.0078
12640	12641	0.9998
12641	12642	0.9918
12642	12643	0.9975
12643	12644	1.0212
12644	12645	1.0165
12645	12646	0.9797
12646	12647	0.9880
12647	12648	1.0235
12648	12649	1.0394
12649	12650	1.0285
12650	12651	1.0082
12651	12652	1.0169
12652	12653	1.0277
12653	12654	0.9983
12654	12655	1.0052
12655	12656	0.9498
12656	12657	0.9591
12657	12658	0.9563
12658	12659	0.9677
12659	12660	0.9698
12660	12661	1.0109
12661	12662	0.9750
12662	12663	0.9454
12663	12664	0.9239
12664	12665	0.9132
12665	12666	0.9260
12666	12667	0.9048
12667	12668	0.9165
12668	12669	0.9339
12669	12670	0.9541
12670	12671	0.9685
12671	12672	0.9975
12672	12673	1.0260
12673	12674	1.0091
12674	12675	0.9931
12675	12676	0.9982
12676	12677	0.9359
12677	12678	0.9344
12678	12679	0.9803
12679	12680	0.9535
12680	12681	0.9855
12681	12682	0.9706
12682	12683	0.9830
12683	12684	0.9691
12684	12685	1.0019
12685	12686	1.0196
12686	12687	1.0285
12687	12688	1.0299
12688	12689	1.0452
12689	12690	1.0231
12690	12691	0.9956
12691	12692	1.0300
12692	12693	1.0317
12693	12694	1.0131
12694	12695	1.0475
12695	12696	1.0523
12696	12697	1.0450
12697	12698	1.0012
12698	12699	0.9627
12699	12700	0.9944
12700	12701	1.0171
12701	12702	1.0023
12702	12703	0.9831
12703	12704	1.0193
12704	12705	0.9902
12705	12706	1.0102
12706	12707	1.0293
12707	12708	0.9701
12708	12709	0.9848
12709	12710	0.9376
12710	12711	0.9615
12711	12712	0.9876
12712	12713	0.9896
12713	12714	1.0109
12714	12715	1.0462
12715	12716	1.0212
12716	12717	0.9950
12717	12718	1.0288
12718	12719	1.0385
12719	12720	1.0305
12720	12721	0.9950
12721	12722	0.9549
12722	12723	1.0057
12723	12724	0.9642
12724	12725	0.9906
12725	12726	0.9404
12726	12727	0.9940
12727	12728	0.9862
12728	12729	1.0274
12729	12730	1.0335
12730	12731	1.0467
12731	12732	1.0323
12732	12733	1.0417
12733	12734	1.0773
12734	12735	1.0616
12735	12736	1.0445
12736	12737	1.0809
12737	12738	1.0312
12738	12739	1.0623
12739	12740	1.0665
12740	12741	1.0816
12741	12742	1.0984
12742	12743	1.0548
12743	12744	1.0715
12744	12745	1.0757
12745	12746	1.0619
12746	12747	1.0084
12747	12748	1.0576
12748	12749	1.0575
12749	12750	1.0571
12750	12751	1.0904
12751	12752	1.1106
12752	12753	1.0675
12753	12754	1.0464
12754	12755	1.0541
12755	12756	1.0320
12756	12757	1.0527
12757	12758	1.0614
12758	12759	1.0618
12759	12760	1.1065
12760	12761	1.0701
12761	12762	1.0656
12762	12763	1.0828
12763	12764	1.0815
12764	12765	1.0477
12765	12766	1.0322
12766	12767	1.0534
12767	12768	1.0347
12768	12769	1.0553
12769	12770	1.0540
12770	12771	1.0345
12771	12772	1.1195
12772	12773	1.0778
12773	12774	1.0425
12774	12775	1.0159
12775	12776	1.0834
12776	12777	1.0610
12777	12778	1.0394
12778	12779	1.0185
12779	12780	1.0288
12780	12781	1.0673
12781	12782	1.0787
12782	12783	1.0419
12783	12784	1.0289
12784	12785	1.0415
12785	12786	1.0214
12786	12787	1.0092
12787	12788	1.0079
12788	12789	1.0271
12789	12790	1.0527
12790	12791	1.0326
12791	12792	1.0377
12792	12793	1.0146
12793	12794	1.0297
12794	12795	1.0122
12795	12796	1.0440
12796	12797	1.0310
12797	12798	1.0468
12798	12799	1.0351
12799	12800	1.0380
12800	12801	1.0609
12801	12802	1.0295
12802	12803	1.0264
12803	12804	1.0336
12804	12805	1.0409
12805	12806	1.0135
12806	12807	1.0168
12807	12808	1.0065
12808	12809	0.9814
12809	12810	0.9741
12810	12811	1.0276
12811	12812	1.0184
12812	12813	1.0140
12813	12814	1.0368
12814	12815	1.0562
12815	12816	1.0772
12816	12817	1.0252
12817	12818	1.0376
12818	12819	1.0594
12819	12820	1.0698
12820	12821	1.0626
12821	12822	1.0821
12822	12823	1.0556
12823	12824	1.0196
12824	12825	1.0380
12825	12826	1.0572
12826	12827	1.0530
12827	12828	1.0192
12828	12829	1.0481
12829	12830	1.0676
12830	12831	1.0627
12831	12832	1.0631
12832	12833	1.0335
12833	12834	1.0571
12834	12835	1.0735
12835	12836	1.0592
12836	12837	1.0584
12837	12838	1.0586
12838	12839	1.0870
12839	12840	1.0605
12840	12841	1.0220
12841	12842	1.0783
12842	12843	1.0695
12843	12844	1.0471
12844	12845	1.0599
12845	12846	1.0145
12846	12847	1.0890
12847	12848	1.0789
12848	12849	1.0290
12849	12850	1.0224
12850	12851	1.0226
12851	12852	1.0557
12852	12853	1.0679
12853	12854	1.0579
12854	12855	1.0582
12855	12856	1.0685
12856	12857	1.0456
12857	12858	1.0574
12858	12859	1.0723
12859	12860	1.0861
12860	12861	1.0790
12861	12862	1.0983
12862	12863	1.0599
12863	12864	1.1011
12864	12865	1.1057
12865	12866	1.0986
12866	12867	1.0932
12867	12868	1.1345
12868	12869	1.1625
12869	12870	1.1745
12870	12871	1.1541
12871	12872	1.1038
12872	12873	1.1124
12873	12874	1.1130
12874	12875	1.0759
12875	12876	1.0370
12876	12877	1.0569
12877	12878	1.0528
12878	12879	1.0909
12879	12880	1.0530
12880	12881	1.0702
12881	12882	1.0594
12882	12883	1.0759
12883	12884	1.0982
12884	12885	1.0702
12885	12886	1.1007
12886	12887	1.0897
12887	12888	1.1037
12888	12889	1.1231
12889	12890	1.0899
12890	12891	1.1018
12891	12892	1.1300
12892	12893	1.1273
12893	12894	1.1166
12894	12895	1.1724
12895	12896	1.1448
12896	12897	1.1042
12897	12898	1.0789
12898	12899	1.1173
12899	12900	1.1572
12900	12901	1.1266
12901	12902	1.1066
12902	12903	1.1937
12903	12904	1.1650
12904	12905	1.1038
12905	12906	1.1147
12906	12907	1.1685
12907	12908	1.1769
12908	12909	1.1867
12909	12910	1.2110
12910	12911	1.2317
12911	12912	1.2133
12912	12913	1.1672
12913	12914	1.2208
12914	12915	1.1951
12915	12916	1.2044
12916	12917	1.1978
12917	12918	1.2069
12918	12919	1.2376
12919	12920	1.2429
12920	12921	1.2342
12921	12922	1.2358
12922	12923	1.2066
12923	12924	1.2109
12924	12925	1.2137
12925	12926	1.2317
12926	12927	1.2422
12927	12928	1.2782
12928	12929	1.2435
12929	12930	1.2145
12930	12931	1.2334
12931	12932	1.2264
12932	12933	1.2192
12933	12934	1.2204
12934	12935	1.2355
12935	12936	1.2483
12936	12937	1.2376
12937	12938	1.2357
12938	12939	1.2418
12939	12940	1.2110
12940	12941	1.1586
12941	12942	1.1812
12942	12943	1.2182
12943	12944	1.2242
12944	12945	1.2463
12945	12946	1.2351
12946	12947	1.2121
12947	12948	1.2030
12948	12949	1.2146
12949	12950	1.2039
12950	12951	1.1963
12951	12952	1.1633
12952	12953	1.1608
12953	12954	1.1617
12954	12955	1.1822
12955	12956	1.1868
12956	12957	1.1897
12957	12958	1.2100
12958	12959	1.1640
12959	12960	1.1910
12960	12961	1.1641
12961	12962	1.1867
12962	12963	1.1933
12963	12964	1.1501
12964	12965	1.1347
12965	12966	1.2167
12966	12967	1.2256
12967	12968	1.1896
12968	12969	1.1763
12969	12970	1.1697
12970	12971	1.1760
12971	12972	1.1679
12972	12973	1.2322
12973	12974	1.1741
12974	12975	1.1563
12975	12976	1.1394
12976	12977	1.1934
12977	12978	1.1594
12978	12979	1.2226
12979	12980	1.1790
12980	12981	1.1560
12981	12982	1.1485
12982	12983	1.1109
12983	12984	1.1174
12984	12985	1.1381
12985	12986	1.1499
12986	12987	1.1102
12987	12988	1.1120
12988	12989	1.0877
12989	12990	1.0487
12990	12991	1.0942
12991	12992	1.0801
12992	12993	1.0991
12993	12994	1.0924
12994	12995	1.1172
12995	12996	1.1345
12996	12997	1.1063
12997	12998	1.1134
12998	12999	1.0913
12999	13000	1.1257
13000	13001	1.1219
13001	13002	1.1628
13002	13003	1.1412
13003	13004	1.0913
13004	13005	1.1369
13005	13006	1.1320
13006	13007	1.1656
13007	13008	1.1533
13008	13009	1.1268
13009	13010	1.1338
13010	13011	1.1303
13011	13012	1.1427
13012	13013	1.1326
13013	13014	1.1468
13014	13015	1.1270
13015	13016	1.1057
13016	13017	1.1229
13017	13018	1.1541
13018	13019	1.1646
13019	13020	1.1463
13020	13021	1.1564
13021	13022	1.1024
13022	13023	1.1240
13023	13024	1.1766
13024	13025	1.1646
13025	13026	1.1905
13026	13027	1.1666
13027	13028	1.1807
13028	13029	1.1473
13029	13030	1.1446
13030	13031	1.1075
13031	13032	1.1225
13032	13033	1.1058
13033	13034	1.1296
13034	13035	1.1002
13035	13036	1.1371
13036	13037	1.1462
13037	13038	1.1571
13038	13039	1.1749
13039	13040	1.1343
13040	13041	1.1280
13041	13042	1.1616
13042	13043	1.1413
13043	13044	1.1164
13044	13045	1.1702
13045	13046	1.1766
13046	13047	1.1335
13047	13048	1.1439
13048	13049	1.1358
13049	13050	1.1832
13050	13051	1.1738
13051	13052	1.2086
13052	13053	1.1961
13053	13054	1.2330
13054	13055	1.2047
13055	13056	1.1778
13056	13057	1.1844
13057	13058	1.2034
13058	13059	1.1876
13059	13060	1.2077
13060	13061	1.1779
13061	13062	1.1418
13062	13063	1.1714
13063	13064	1.1452
13064	13065	1.1541
13065	13066	1.1583
13066	13067	1.1593
13067	13068	1.1605
13068	13069	1.1767
13069	13070	1.1662
13070	13071	1.1065
13071	13072	1.1314
13072	13073	1.1592
13073	13074	1.1742
13074	13075	1.1289
13075	13076	1.1386
13076	13077	1.1151
13077	13078	1.1719
13078	13079	1.1159
13079	13080	1.1270
13080	13081	1.1361
13081	13082	1.1295
13082	13083	1.1254
13083	13084	1.1375
13084	13085	1.1197
13085	13086	1.1053
13086	13087	1.1045
13087	13088	1.1227
13088	13089	1.1049
13089	13090	1.1172
13090	13091	1.0671
13091	13092	1.0677
13092	13093	1.0857
13093	13094	1.0744
13094	13095	1.1311
13095	13096	1.0817
13096	13097	1.0559
13097	13098	1.1038
13098	13099	1.1268
13099	13100	1.1385
13100	13101	1.1099
13101	13102	1.1177
13102	13103	1.0801
13103	13104	1.1240
13104	13105	1.1282
13105	13106	1.1445
13106	13107	1.1799
13107	13108	1.1322
13108	13109	1.1084
13109	13110	1.0994
13110	13111	1.0591
13111	13112	1.0377
13112	13113	1.0972
13113	13114	1.0925
13114	13115	1.1066
13115	13116	1.1205
13116	13117	1.1132
13117	13118	1.1172
13118	13119	1.1136
13119	13120	1.0764
13120	13121	1.1018
13121	13122	1.1258
13122	13123	1.1071
13123	13124	1.1118
13124	13125	1.1519
13125	13126	1.1470
13126	13127	1.1381
13127	13128	1.1102
13128	13129	1.1217
13129	13130	1.0807
13130	13131	1.0760
13131	13132	1.0820
13132	13133	1.1176
13133	13134	1.1249
13134	13135	1.0663
13135	13136	1.1094
13136	13137	1.1426
13137	13138	1.1167
13138	13139	1.1354
13139	13140	1.1415
13140	13141	1.1520
13141	13142	1.1603
13142	13143	1.1564
13143	13144	1.1353
13144	13145	1.1381
13145	13146	1.1519
13146	13147	1.2017
13147	13148	1.1931
13148	13149	1.2066
13149	13150	1.1795
13150	13151	1.2203
13151	13152	1.2533
13152	13153	1.1830
13153	13154	1.1362
13154	13155	1.1965
13155	13156	1.1575
13156	13157	1.1815
13157	13158	1.1622
13158	13159	1.1383
13159	13160	1.1579
13160	13161	1.1585
13161	13162	1.1360
13162	13163	1.1067
13163	13164	1.1145
13164	13165	1.1061
13165	13166	1.1015
13166	13167	1.1304
13167	13168	1.0855
13168	13169	1.1184
13169	13170	1.0781
13170	13171	1.1269
13171	13172	1.1710
13172	13173	1.2002
13173	13174	1.1572
13174	13175	1.1653
13175	13176	1.1454
13176	13177	1.1630
13177	13178	1.1173
13178	13179	1.0943
13179	13180	1.1013
13180	13181	1.0918
13181	13182	1.1115
13182	13183	1.0961
13183	13184	1.1402
13184	13185	1.1492
13185	13186	1.1481
13186	13187	1.1302
13187	13188	1.1342
13188	13189	1.1295
13189	13190	1.1530
13190	13191	1.0984
13191	13192	1.1178
13192	13193	1.1210
13193	13194	1.1642
13194	13195	1.1769
13195	13196	1.1500
13196	13197	1.1758
13197	13198	1.1884
13198	13199	1.1943
13199	13200	1.1703
13200	13201	1.1922
13201	13202	1.1737
13202	13203	1.1804
13203	13204	1.1627
13204	13205	1.1683
13205	13206	1.1578
13206	13207	1.1396
13207	13208	1.1754
13208	13209	1.2010
13209	13210	1.1616
13210	13211	1.1813
13211	13212	1.2309
13212	13213	1.2353
13213	13214	1.2570
13214	13215	1.2622
13215	13216	1.2772
13216	13217	1.2329
13217	13218	1.2257
13218	13219	1.1991
13219	13220	1.1895
13220	13221	1.1922
13221	13222	1.1881
13222	13223	1.1994
13223	13224	1.1625
13224	13225	1.1583
13225	13226	1.0931
13226	13227	1.1247
13227	13228	1.1598
13228	13229	1.1453
13229	13230	1.1367
13230	13231	1.1099
13231	13232	1.0969
13232	13233	1.1279
13233	13234	1.1251
13234	13235	1.1331
13235	13236	1.1506
13236	13237	1.1386
13237	13238	1.1187
13238	13239	1.1370
13239	13240	1.1584
13240	13241	1.1827
13241	13242	1.1315
13242	13243	1.1671
13243	13244	1.1604
13244	13245	1.1625
13245	13246	1.1953
13246	13247	1.2349
13247	13248	1.2145
13248	13249	1.1773
13249	13250	1.2029
13250	13251	1.2030
13251	13252	1.1485
13252	13253	1.1660
13253	13254	1.1933
13254	13255	1.2054
13255	13256	1.2109
13256	13257	1.2260
13257	13258	1.2349
13258	13259	1.2180
13259	13260	1.1799
13260	13261	1.2057
13261	13262	1.1901
13262	13263	1.1653
13263	13264	1.1542
13264	13265	1.1848
13265	13266	1.1668
13266	13267	1.1778
13267	13268	1.2373
13268	13269	1.1927
13269	13270	1.1571
13270	13271	1.1518
13271	13272	1.1473
13272	13273	1.1385
13273	13274	1.1364
13274	13275	1.0981
13275	13276	1.1523
13276	13277	1.1565
13277	13278	1.1569
13278	13279	1.1085
13279	13280	1.1435
13280	13281	1.1478
13281	13282	1.1778
13282	13283	1.1524
13283	13284	1.1266
13284	13285	1.1631
13285	13286	1.1811
13286	13287	1.1720
13287	13288	1.1816
13288	13289	1.1887
13289	13290	1.1339
13290	13291	1.1491
13291	13292	1.1549
13292	13293	1.1478
13293	13294	1.1568
13294	13295	1.1551
13295	13296	1.1749
13296	13297	1.1268
13297	13298	1.1469
13298	13299	1.0932
13299	13300	1.1079
13300	13301	1.1169
13301	13302	1.1173
13302	13303	1.1345
13303	13304	1.1244
13304	13305	1.1720
13305	13306	1.1994
13306	13307	1.1648
13307	13308	1.1659
13308	13309	1.1154
13309	13310	1.1929
13310	13311	1.2075
13311	13312	1.2019
13312	13313	1.2234
13313	13314	1.2372
13314	13315	1.2216
13315	13316	1.2131
13316	13317	1.2145
13317	13318	1.1890
13318	13319	1.2388
13319	13320	1.2408
13320	13321	1.2524
13321	13322	1.2382
13322	13323	1.2931
13323	13324	1.2783
13324	13325	1.2564
13325	13326	1.2276
13326	13327	1.1867
13327	13328	1.1619
13328	13329	1.1750
13329	13330	1.1706
13330	13331	1.1640
13331	13332	1.1781
13332	13333	1.1798
13333	13334	1.1842
13334	13335	1.1988
13335	13336	1.2141
13336	13337	1.1473
13337	13338	1.1728
13338	13339	1.1873
13339	13340	1.2010
13340	13341	1.1803
13341	13342	1.1845
13342	13343	1.1700
13343	13344	1.1595
13344	13345	1.1631
13345	13346	1.1146
13346	13347	1.1243
13347	13348	1.0850
13348	13349	1.1034
13349	13350	1.0945
13350	13351	1.0494
13351	13352	1.0628
13352	13353	1.1075
13353	13354	1.1062
13354	13355	1.1253
13355	13356	1.1206
13356	13357	1.1064
13357	13358	1.0746
13358	13359	1.0551
13359	13360	1.0534
13360	13361	1.0513
13361	13362	1.0266
13362	13363	1.0572
13363	13364	1.0570
13364	13365	1.0596
13365	13366	1.0831
13366	13367	1.1125
13367	13368	1.0951
13368	13369	1.0758
13369	13370	1.0838
13370	13371	1.0930
13371	13372	1.1060
13372	13373	1.1072
13373	13374	1.1259
13374	13375	1.1568
13375	13376	1.1628
13376	13377	1.1814
13377	13378	1.2126
13378	13379	1.1668
13379	13380	1.1494
13380	13381	1.1768
13381	13382	1.1839
13382	13383	1.2077
13383	13384	1.2105
13384	13385	1.1764
13385	13386	1.1649
13386	13387	1.1888
13387	13388	1.1373
13388	13389	1.1727
13389	13390	1.1782
13390	13391	1.1609
13391	13392	1.1989
13392	13393	1.2263
13393	13394	1.1741
13394	13395	1.1577
13395	13396	1.1858
13396	13397	1.1932
13397	13398	1.1968
13398	13399	1.2001
13399	13400	1.2303
13400	13401	1.2098
13401	13402	1.2323
13402	13403	1.2154
13403	13404	1.1999
13404	13405	1.1644
13405	13406	1.2119
13406	13407	1.1878
13407	13408	1.1585
13408	13409	1.1587
13409	13410	1.1407
13410	13411	1.1656
13411	13412	1.1340
13412	13413	1.1356
13413	13414	1.1219
13414	13415	1.1588
13415	13416	1.1978
13416	13417	1.1582
13417	13418	1.1899
13418	13419	1.1847
13419	13420	1.1725
13420	13421	1.1833
13421	13422	1.1742
13422	13423	1.1611
13423	13424	1.1914
13424	13425	1.1603
13425	13426	1.1673
13426	13427	1.1914
13427	13428	1.1945
13428	13429	1.1657
13429	13430	1.1589
13430	13431	1.1469
13431	13432	1.1520
13432	13433	1.2253
13433	13434	1.1978
13434	13435	1.1397
13435	13436	1.1480
13436	13437	1.1665
13437	13438	1.1754
13438	13439	1.1578
13439	13440	1.1433
13440	13441	1.1654
13441	13442	1.1775
13442	13443	1.1539
13443	13444	1.1510
13444	13445	1.1514
13445	13446	1.1191
13446	13447	1.0998
13447	13448	1.1000
13448	13449	1.1538
13449	13450	1.1129
13450	13451	1.1210
13451	13452	1.1512
13452	13453	1.1390
13453	13454	1.1493
13454	13455	1.1214
13455	13456	1.1719
13456	13457	1.1806
13457	13458	1.2286
13458	13459	1.1835
13459	13460	1.2002
13460	13461	1.1960
13461	13462	1.2162
13462	13463	1.2179
13463	13464	1.2072
13464	13465	1.1624
13465	13466	1.1559
13466	13467	1.1688
13467	13468	1.1473
13468	13469	1.0689
13469	13470	1.1128
13470	13471	1.1375
13471	13472	1.0971
13472	13473	1.1191
13473	13474	1.0981
13474	13475	1.1180
13475	13476	1.1361
13476	13477	1.1365
13477	13478	1.2210
13478	13479	1.1953
13479	13480	1.1989
13480	13481	1.2008
13481	13482	1.1682
13482	13483	1.2045
13483	13484	1.1566
13484	13485	1.1729
13485	13486	1.2109
13486	13487	1.2148
13487	13488	1.1701
13488	13489	1.1668
13489	13490	1.1864
13490	13491	1.2137
13491	13492	1.2162
13492	13493	1.1702
13493	13494	1.2251
13494	13495	1.2106
13495	13496	1.1744
13496	13497	1.1981
13497	13498	1.2483
13498	13499	1.2425
13499	13500	1.2613
13500	13501	1.2461
13501	13502	1.2232
13502	13503	1.2397
13503	13504	1.2459
13504	13505	1.2535
13505	13506	1.2123
13506	13507	1.1927
13507	13508	1.1708
13508	13509	1.1967
13509	13510	1.1876
13510	13511	1.2102
13511	13512	1.1919
13512	13513	1.2219
13513	13514	1.2736
13514	13515	1.2421
13515	13516	1.2719
13516	13517	1.2620
13517	13518	1.2452
13518	13519	1.2582
13519	13520	1.2388
13520	13521	1.2333
13521	13522	1.2586
13522	13523	1.2527
13523	13524	1.2455
13524	13525	1.2183
13525	13526	1.2099
13526	13527	1.1791
13527	13528	1.1721
13528	13529	1.1762
13529	13530	1.2496
13530	13531	1.2434
13531	13532	1.2070
13532	13533	1.1792
13533	13534	1.2147
13534	13535	1.2229
13535	13536	1.1930
13536	13537	1.2122
13537	13538	1.2580
13538	13539	1.2594
13539	13540	1.2440
13540	13541	1.2434
13541	13542	1.2394
13542	13543	1.2153
13543	13544	1.2273
13544	13545	1.2022
13545	13546	1.2260
13546	13547	1.2169
13547	13548	1.2425
13548	13549	1.2735
13549	13550	1.2459
13550	13551	1.2710
13551	13552	1.2560
13552	13553	1.2548
13553	13554	1.2399
13554	13555	1.2370
13555	13556	1.3012
13556	13557	1.2865
13557	13558	1.2590
13558	13559	1.3091
13559	13560	1.3136
13560	13561	1.3056
13561	13562	1.2890
13562	13563	1.2414
13563	13564	1.2317
13564	13565	1.2408
13565	13566	1.3150
13566	13567	1.3103
13567	13568	1.3354
13568	13569	1.3014
13569	13570	1.2636
13570	13571	1.2362
13571	13572	1.2605
13572	13573	1.2821
13573	13574	1.2423
13574	13575	1.2576
13575	13576	1.3000
13576	13577	1.3282
13577	13578	1.2986
13578	13579	1.2890
13579	13580	1.2862
13580	13581	1.3009
13581	13582	1.3136
13582	13583	1.3021
13583	13584	1.2920
13584	13585	1.2700
13585	13586	1.2638
13586	13587	1.2708
13587	13588	1.2695
13588	13589	1.2596
13589	13590	1.2384
13590	13591	1.1967
13591	13592	1.1999
13592	13593	1.1827
13593	13594	1.1486
13594	13595	1.1812
13595	13596	1.1740
13596	13597	1.1959
13597	13598	1.1664
13598	13599	1.1747
13599	13600	1.1827
13600	13601	1.1752
13601	13602	1.1800
13602	13603	1.1648
13603	13604	1.1343
13604	13605	1.1955
13605	13606	1.1758
13606	13607	1.1507
13607	13608	1.1576
13608	13609	1.1584
13609	13610	1.1679
13610	13611	1.1868
13611	13612	1.2003
13612	13613	1.1857
13613	13614	1.1937
13614	13615	1.1847
13615	13616	1.2041
13616	13617	1.2091
13617	13618	1.1907
13618	13619	1.2134
13619	13620	1.2230
13620	13621	1.1892
13621	13622	1.2045
13622	13623	1.2269
13623	13624	1.2422
13624	13625	1.2450
13625	13626	1.2025
13626	13627	1.1907
13627	13628	1.2049
13628	13629	1.1964
13629	13630	1.1626
13630	13631	1.2032
13631	13632	1.1885
13632	13633	1.2182
13633	13634	1.2585
13634	13635	1.2478
13635	13636	1.1913
13636	13637	1.1914
13637	13638	1.1741
13638	13639	1.2086
13639	13640	1.1729
13640	13641	1.1629
13641	13642	1.1690
13642	13643	1.1766
13643	13644	1.1974
13644	13645	1.2520
13645	13646	1.2292
13646	13647	1.2094
13647	13648	1.1826
13648	13649	1.1898
13649	13650	1.1753
13650	13651	1.1418
13651	13652	1.1902
13652	13653	1.2448
13653	13654	1.1872
13654	13655	1.2114
13655	13656	1.1462
13656	13657	1.1511
13657	13658	1.1746
13658	13659	1.1793
13659	13660	1.1827
13660	13661	1.1484
13661	13662	1.1596
13662	13663	1.1186
13663	13664	1.1391
13664	13665	1.1547
13665	13666	1.1197
13666	13667	1.1096
13667	13668	1.1316
13668	13669	1.1621
13669	13670	1.1486
13670	13671	1.1922
13671	13672	1.2209
13672	13673	1.2386
13673	13674	1.1957
13674	13675	1.2195
13675	13676	1.2319
13676	13677	1.2219
13677	13678	1.1987
13678	13679	1.2217
13679	13680	1.2098
13680	13681	1.2010
13681	13682	1.1894
13682	13683	1.1735
13683	13684	1.1829
13684	13685	1.2027
13685	13686	1.1601
13686	13687	1.1559
13687	13688	1.1213
13688	13689	1.0949
13689	13690	1.1428
13690	13691	1.1321
13691	13692	1.1573
13692	13693	1.1684
13693	13694	1.1167
13694	13695	1.1323
13695	13696	1.1621
13696	13697	1.1639
13697	13698	1.1081
13698	13699	1.1406
13699	13700	1.1158
13700	13701	1.1285
13701	13702	1.1390
13702	13703	1.1463
13703	13704	1.1261
13704	13705	1.1390
13705	13706	1.1418
13706	13707	1.1340
13707	13708	1.1061
13708	13709	1.1089
13709	13710	1.1549
13710	13711	1.1393
13711	13712	1.1321
13712	13713	1.1256
13713	13714	1.0888
13714	13715	1.1155
13715	13716	1.1186
13716	13717	1.1391
13717	13718	1.1487
13718	13719	1.1480
13719	13720	1.1403
13720	13721	1.1586
13721	13722	1.1854
13722	13723	1.1796
13723	13724	1.1628
13724	13725	1.1700
13725	13726	1.1860
13726	13727	1.1725
13727	13728	1.1440
13728	13729	1.1312
13729	13730	1.1269
13730	13731	1.1946
13731	13732	1.2254
13732	13733	1.2026
13733	13734	1.2107
13734	13735	1.1836
13735	13736	1.2055
13736	13737	1.2484
13737	13738	1.2377
13738	13739	1.2151
13739	13740	1.2048
13740	13741	1.2155
13741	13742	1.1952
13742	13743	1.1559
13743	13744	1.1175
13744	13745	1.0865
13745	13746	1.0768
13746	13747	1.1684
13747	13748	1.2158
13748	13749	1.2051
13749	13750	1.2379
13750	13751	1.2363
13751	13752	1.2471
13752	13753	1.1862
13753	13754	1.1503
13754	13755	1.1353
13755	13756	1.2148
13756	13757	1.1973
13757	13758	1.1887
13758	13759	1.1764
13759	13760	1.1526
13760	13761	1.1556
13761	13762	1.1728
13762	13763	1.1908
13763	13764	1.1643
13764	13765	1.1898
13765	13766	1.1897
13766	13767	1.2091
13767	13768	1.2005
13768	13769	1.2352
13769	13770	1.2331
13770	13771	1.2284
13771	13772	1.2302
13772	13773	1.2448
13773	13774	1.2439
13774	13775	1.2270
13775	13776	1.2604
13776	13777	1.1973
13777	13778	1.1980
13778	13779	1.2301
13779	13780	1.2219
13780	13781	1.2450
13781	13782	1.2505
13782	13783	1.2556
13783	13784	1.2116
13784	13785	1.2337
13785	13786	1.2799
13786	13787	1.2511
13787	13788	1.2781
13788	13789	1.3154
13789	13790	1.2410
13790	13791	1.2089
13791	13792	1.1909
13792	13793	1.1906
13793	13794	1.2042
13794	13795	1.2101
13795	13796	1.1979
13796	13797	1.2075
13797	13798	1.1754
13798	13799	1.1514
13799	13800	1.1513
13800	13801	1.1723
13801	13802	1.1857
13802	13803	1.1899
13803	13804	1.1558
13804	13805	1.1729
13805	13806	1.1824
13806	13807	1.2049
13807	13808	1.2361
13808	13809	1.2351
13809	13810	1.2535
13810	13811	1.2263
13811	13812	1.2180
13812	13813	1.2308
13813	13814	1.2165
13814	13815	1.2049
13815	13816	1.1956
13816	13817	1.2102
13817	13818	1.1869
13818	13819	1.1955
13819	13820	1.1969
13820	13821	1.2025
13821	13822	1.2399
13822	13823	1.1968
13823	13824	1.2097
13824	13825	1.2504
13825	13826	1.1907
13826	13827	1.1992
13827	13828	1.2348
13828	13829	1.2441
13829	13830	1.2267
13830	13831	1.2023
13831	13832	1.2167
13832	13833	1.2419
13833	13834	1.2028
13834	13835	1.2245
13835	13836	1.2300
13836	13837	1.2153
13837	13838	1.2327
13838	13839	1.1754
13839	13840	1.2262
13840	13841	1.2464
13841	13842	1.2279
13842	13843	1.2663
13843	13844	1.2622
13844	13845	1.2408
13845	13846	1.2305
13846	13847	1.2711
13847	13848	1.2497
13848	13849	1.2155
13849	13850	1.2186
13850	13851	1.2524
13851	13852	1.2904
13852	13853	1.2450
13853	13854	1.2675
13854	13855	1.2691
13855	13856	1.2886
13856	13857	1.2864
13857	13858	1.2502
13858	13859	1.2525
13859	13860	1.2486
13860	13861	1.2925
13861	13862	1.2643
13862	13863	1.2254
13863	13864	1.1828
13864	13865	1.2087
13865	13866	1.2188
13866	13867	1.2163
13867	13868	1.2331
13868	13869	1.2487
13869	13870	1.2712
13870	13871	1.2914
13871	13872	1.3018
13872	13873	1.2807
13873	13874	1.3212
13874	13875	1.2904
13875	13876	1.2932
13876	13877	1.2909
13877	13878	1.3251
13878	13879	1.3446
13879	13880	1.2951
13880	13881	1.2943
13881	13882	1.2945
13882	13883	1.3159
13883	13884	1.3327
13884	13885	1.3147
13885	13886	1.3257
13886	13887	1.3575
13887	13888	1.3147
13888	13889	1.3005
13889	13890	1.2939
13890	13891	1.3033
13891	13892	1.2883
13892	13893	1.2696
13893	13894	1.3056
13894	13895	1.3130
13895	13896	1.3242
13896	13897	1.3011
13897	13898	1.2968
13898	13899	1.3053
13899	13900	1.3038
13900	13901	1.2876
13901	13902	1.2990
13902	13903	1.3138
13903	13904	1.3078
13904	13905	1.2800
13905	13906	1.2373
13906	13907	1.2547
13907	13908	1.2066
13908	13909	1.2404
13909	13910	1.2326
13910	13911	1.2521
13911	13912	1.2862
13912	13913	1.2749
13913	13914	1.2632
13914	13915	1.2383
13915	13916	1.2181
13916	13917	1.2285
13917	13918	1.2704
13918	13919	1.2981
13919	13920	1.2190
13920	13921	1.2358
13921	13922	1.2955
13922	13923	1.2926
13923	13924	1.2847
13924	13925	1.3121
13925	13926	1.2911
13926	13927	1.2921
13927	13928	1.2852
13928	13929	1.3232
13929	13930	1.3340
13930	13931	1.3727
13931	13932	1.3044
13932	13933	1.2841
13933	13934	1.2806
13934	13935	1.2249
13935	13936	1.2514
13936	13937	1.2949
13937	13938	1.2216
13938	13939	1.2252
13939	13940	1.2612
13940	13941	1.2967
13941	13942	1.2557
13942	13943	1.2002
13943	13944	1.2162
13944	13945	1.2269
13945	13946	1.1909
13946	13947	1.2138
13947	13948	1.2242
13948	13949	1.2288
13949	13950	1.2033
13950	13951	1.1851
13951	13952	1.2094
13952	13953	1.1943
13953	13954	1.2339
13954	13955	1.2002
13955	13956	1.1957
13956	13957	1.1602
13957	13958	1.1721
13958	13959	1.1907
13959	13960	1.1677
13960	13961	1.2156
13961	13962	1.1665
13962	13963	1.2034
13963	13964	1.2493
13964	13965	1.2431
13965	13966	1.2112
13966	13967	1.1668
13967	13968	1.1718
13968	13969	1.1577
13969	13970	1.1611
13970	13971	1.1540
13971	13972	1.1422
13972	13973	1.1532
13973	13974	1.1711
13974	13975	1.1550
13975	13976	1.1729
13976	13977	1.1819
13977	13978	1.1575
13978	13979	1.1094
13979	13980	1.1231
13980	13981	1.1461
13981	13982	1.1355
13982	13983	1.1204
13983	13984	1.1246
13984	13985	1.1260
13985	13986	1.1469
13986	13987	1.1211
13987	13988	1.1261
13988	13989	1.1305
13989	13990	1.1754
13990	13991	1.1551
13991	13992	1.1414
13992	13993	1.1651
13993	13994	1.2018
13994	13995	1.1827
13995	13996	1.1812
13996	13997	1.1674
13997	13998	1.1739
13998	13999	1.1699
13999	14000	1.1748
14000	14001	1.1547
14001	14002	1.1916
14002	14003	1.1797
14003	14004	1.1547
14004	14005	1.1535
14005	14006	1.1516
14006	14007	1.1259
14007	14008	1.0726
14008	14009	1.0960
14009	14010	1.0892
14010	14011	1.0941
14011	14012	1.1046
14012	14013	1.0962
14013	14014	1.0867
14014	14015	1.0831
14015	14016	1.1200
14016	14017	1.1320
14017	14018	1.1315
14018	14019	1.1525
14019	14020	1.1202
14020	14021	1.1038
14021	14022	1.0994
14022	14023	1.1287
14023	14024	1.1110
14024	14025	1.1720
14025	14026	1.1616
14026	14027	1.1752
14027	14028	1.2294
14028	14029	1.2085
14029	14030	1.1793
14030	14031	1.1618
14031	14032	1.1420
14032	14033	1.1441
14033	14034	1.1829
14034	14035	1.1725
14035	14036	1.1886
14036	14037	1.2022
14037	14038	1.2122
14038	14039	1.1822
14039	14040	1.1109
14040	14041	1.1352
14041	14042	1.1555
14042	14043	1.1237
14043	14044	1.1210
14044	14045	1.1359
14045	14046	1.1775
14046	14047	1.1741
14047	14048	1.1452
14048	14049	1.1483
14049	14050	1.1014
14050	14051	1.1290
14051	14052	1.1145
14052	14053	1.1941
14053	14054	1.2138
14054	14055	1.2387
14055	14056	1.2430
14056	14057	1.2262
14057	14058	1.2434
14058	14059	1.1943
14059	14060	1.2551
14060	14061	1.2852
14061	14062	1.3140
14062	14063	1.2663
14063	14064	1.2176
14064	14065	1.2458
14065	14066	1.2545
14066	14067	1.2657
14067	14068	1.2552
14068	14069	1.2403
14069	14070	1.2773
14070	14071	1.2511
14071	14072	1.2450
14072	14073	1.2404
14073	14074	1.2233
14074	14075	1.2490
14075	14076	1.2757
14076	14077	1.2812
14077	14078	1.2741
14078	14079	1.2797
14079	14080	1.2769
14080	14081	1.2995
14081	14082	1.3011
14082	14083	1.2475
14083	14084	1.2424
14084	14085	1.2688
14085	14086	1.2616
14086	14087	1.2703
14087	14088	1.2429
14088	14089	1.2603
14089	14090	1.2944
14090	14091	1.2589
14091	14092	1.2531
14092	14093	1.2274
14093	14094	1.2450
14094	14095	1.2497
14095	14096	1.2264
14096	14097	1.2005
14097	14098	1.2331
14098	14099	1.2170
14099	14100	1.2160
14100	14101	1.2079
14101	14102	1.1604
14102	14103	1.1398
14103	14104	1.1446
14104	14105	1.1214
14105	14106	1.0944
14106	14107	1.0846
14107	14108	1.0797
14108	14109	1.0745
14109	14110	1.0806
14110	14111	1.0873
14111	14112	1.0777
14112	14113	1.1230
14113	14114	1.1004
14114	14115	1.1255
14115	14116	1.1037
14116	14117	1.1240
14117	14118	1.1016
14118	14119	1.1163
14119	14120	1.1130
14120	14121	1.0968
14121	14122	1.0921
14122	14123	1.1261
14123	14124	1.1215
14124	14125	1.1511
14125	14126	1.1583
14126	14127	1.1625
14127	14128	1.1722
14128	14129	1.1243
14129	14130	1.1534
14130	14131	1.1198
14131	14132	1.1177
14132	14133	1.1210
14133	14134	1.1668
14134	14135	1.1779
14135	14136	1.1944
14136	14137	1.1977
14137	14138	1.2311
14138	14139	1.1711
14139	14140	1.2177
14140	14141	1.2842
14141	14142	1.2721
14142	14143	1.2250
14143	14144	1.2491
14144	14145	1.2657
14145	14146	1.2148
14146	14147	1.2810
14147	14148	1.2980
14148	14149	1.2278
14149	14150	1.2366
14150	14151	1.2281
14151	14152	1.2094
14152	14153	1.2424
14153	14154	1.1653
14154	14155	1.2321
14155	14156	1.1969
14156	14157	1.2584
14157	14158	1.2285
14158	14159	1.2712
14159	14160	1.2764
14160	14161	1.2504
14161	14162	1.2372
14162	14163	1.1943
14163	14164	1.2076
14164	14165	1.2475
14165	14166	1.2456
14166	14167	1.2716
14167	14168	1.2742
14168	14169	1.2528
14169	14170	1.2743
14170	14171	1.2741
14171	14172	1.2817
14172	14173	1.2654
14173	14174	1.2780
14174	14175	1.2625
14175	14176	1.2351
14176	14177	1.2260
14177	14178	1.2748
14178	14179	1.2429
14179	14180	1.2093
14180	14181	1.2085
14181	14182	1.2505
14182	14183	1.2664
14183	14184	1.2359
14184	14185	1.2552
14185	14186	1.2228
14186	14187	1.1984
14187	14188	1.1733
14188	14189	1.1979
14189	14190	1.2492
14190	14191	1.1854
14191	14192	1.2110
14192	14193	1.2204
14193	14194	1.2252
14194	14195	1.2212
14195	14196	1.2442
14196	14197	1.2489
14197	14198	1.2091
14198	14199	1.2089
14199	14200	1.2017
14200	14201	1.1840
14201	14202	1.2102
14202	14203	1.1991
14203	14204	1.1882
14204	14205	1.2162
14205	14206	1.2352
14206	14207	1.2496
14207	14208	1.2417
14208	14209	1.2779
14209	14210	1.2538
14210	14211	1.2152
14211	14212	1.1621
14212	14213	1.1438
14213	14214	1.1436
14214	14215	1.2027
14215	14216	1.1884
14216	14217	1.2214
14217	14218	1.2226
14218	14219	1.2848
14219	14220	1.2698
14220	14221	1.2645
14221	14222	1.2414
14222	14223	1.2330
14223	14224	1.2584
14224	14225	1.2707
14225	14226	1.2859
14226	14227	1.2671
14227	14228	1.2972
14228	14229	1.2982
14229	14230	1.2679
14230	14231	1.2676
14231	14232	1.2766
14232	14233	1.2643
14233	14234	1.3211
14234	14235	1.3432
14235	14236	1.2973
14236	14237	1.2766
14237	14238	1.2930
14238	14239	1.2731
14239	14240	1.2691
14240	14241	1.2240
14241	14242	1.2117
14242	14243	1.2598
14243	14244	1.2594
14244	14245	1.2153
14245	14246	1.2028
14246	14247	1.2316
14247	14248	1.2513
14248	14249	1.2311
14249	14250	1.2094
14250	14251	1.2079
14251	14252	1.2197
14252	14253	1.1995
14253	14254	1.1731
14254	14255	1.1878
14255	14256	1.1890
14256	14257	1.2215
14257	14258	1.1891
14258	14259	1.1792
14259	14260	1.1768
14260	14261	1.1746
14261	14262	1.2030
14262	14263	1.2011
14263	14264	1.1934
14264	14265	1.1582
14265	14266	1.1844
14266	14267	1.2211
14267	14268	1.2895
14268	14269	1.2622
14269	14270	1.2102
14270	14271	1.2417
14271	14272	1.2003
14272	14273	1.2274
14273	14274	1.2027
14274	14275	1.2236
14275	14276	1.1999
14276	14277	1.1938
14277	14278	1.1899
14278	14279	1.1852
14279	14280	1.1515
14280	14281	1.1532
14281	14282	1.1559
14282	14283	1.0972
14283	14284	1.0907
14284	14285	1.0538
14285	14286	1.0550
14286	14287	1.0760
14287	14288	1.0742
14288	14289	1.1079
14289	14290	1.0700
14290	14291	1.1338
14291	14292	1.1163
14292	14293	1.1166
14293	14294	1.1135
14294	14295	1.1131
14295	14296	1.1098
14296	14297	1.1112
14297	14298	1.1121
14298	14299	1.1482
14299	14300	1.1073
14300	14301	1.0842
14301	14302	1.0926
14302	14303	1.1427
14303	14304	1.1069
14304	14305	1.0919
14305	14306	1.1057
14306	14307	1.1133
14307	14308	1.1187
14308	14309	1.1454
14309	14310	1.1270
14310	14311	1.1608
14311	14312	1.1480
14312	14313	1.1493
14313	14314	1.1545
14314	14315	1.1584
14315	14316	1.1738
14316	14317	1.1446
14317	14318	1.1751
14318	14319	1.1837
14319	14320	1.1362
14320	14321	1.1315
14321	14322	1.1139
14322	14323	1.1558
14323	14324	1.1398
14324	14325	1.1283
14325	14326	1.1173
14326	14327	1.0662
14327	14328	1.1455
14328	14329	1.1352
14329	14330	1.1180
14330	14331	1.1202
14331	14332	1.1243
14332	14333	1.1382
14333	14334	1.1253
14334	14335	1.1035
14335	14336	1.1277
14336	14337	1.1330
14337	14338	1.1356
14338	14339	1.1425
14339	14340	1.1432
14340	14341	1.1423
14341	14342	1.1158
14342	14343	1.1276
14343	14344	1.1338
14344	14345	1.1405
14345	14346	1.1857
14346	14347	1.1826
14347	14348	1.1632
14348	14349	1.1837
14349	14350	1.1644
14350	14351	1.1451
14351	14352	1.1884
14352	14353	1.1769
14353	14354	1.1429
14354	14355	1.1300
14355	14356	1.1533
14356	14357	1.1688
14357	14358	1.1751
14358	14359	1.2054
14359	14360	1.2066
14360	14361	1.2172
14361	14362	1.2509
14362	14363	1.2321
14363	14364	1.2209
14364	14365	1.2104
14365	14366	1.2559
14366	14367	1.2559
14367	14368	1.2294
14368	14369	1.2227
14369	14370	1.2558
14370	14371	1.2698
14371	14372	1.2381
14372	14373	1.2286
14373	14374	1.2860
14374	14375	1.2757
14375	14376	1.2809
14376	14377	1.2118
14377	14378	1.2482
14378	14379	1.2606
14379	14380	1.2320
14380	14381	1.1858
14381	14382	1.1942
14382	14383	1.1871
14383	14384	1.1848
14384	14385	1.1839
14385	14386	1.2136
14386	14387	1.1796
14387	14388	1.1818
14388	14389	1.1664
14389	14390	1.1868
14390	14391	1.1847
14391	14392	1.1643
14392	14393	1.1722
14393	14394	1.1846
14394	14395	1.2025
14395	14396	1.2013
14396	14397	1.2214
14397	14398	1.2142
14398	14399	1.2126
14399	14400	1.1610
14400	14401	1.2079
14401	14402	1.2033
14402	14403	1.1770
14403	14404	1.1876
14404	14405	1.1556
14405	14406	1.1804
14406	14407	1.1575
14407	14408	1.1591
14408	14409	1.0856
14409	14410	1.1046
14410	14411	1.1368
14411	14412	1.0984
14412	14413	1.1204
14413	14414	1.0915
14414	14415	1.0578
14415	14416	1.0585
14416	14417	1.0756
14417	14418	1.0697
14418	14419	1.0984
14419	14420	1.1038
14420	14421	1.1249
14421	14422	1.1214
14422	14423	1.1103
14423	14424	1.1331
14424	14425	1.1237
14425	14426	1.1069
14426	14427	1.1114
14427	14428	1.1418
14428	14429	1.1312
14429	14430	1.1058
14430	14431	1.1219
14431	14432	1.1169
14432	14433	1.1162
14433	14434	1.1555
14434	14435	1.1664
14435	14436	1.1819
14436	14437	1.1817
14437	14438	1.1979
14438	14439	1.1930
14439	14440	1.1590
14440	14441	1.1966
14441	14442	1.1834
14442	14443	1.1818
14443	14444	1.1132
14444	14445	1.1154
14445	14446	1.1416
14446	14447	1.1205
14447	14448	1.1491
14448	14449	1.1538
14449	14450	1.1929
14450	14451	1.1969
14451	14452	1.1510
14452	14453	1.1968
14453	14454	1.1793
14454	14455	1.1826
14455	14456	1.1740
14456	14457	1.1597
14457	14458	1.1657
14458	14459	1.1624
14459	14460	1.1168
14460	14461	1.0815
14461	14462	1.0871
14462	14463	1.0804
14463	14464	1.1092
14464	14465	1.1247
14465	14466	1.1369
14466	14467	1.1252
14467	14468	1.1163
14468	14469	1.1150
14469	14470	1.0953
14470	14471	1.0513
14471	14472	1.0908
14472	14473	1.0690
14473	14474	1.0897
14474	14475	1.1112
14475	14476	1.1062
14476	14477	1.1488
14477	14478	1.0972
14478	14479	1.1205
14479	14480	1.1047
14480	14481	1.0880
14481	14482	1.0539
14482	14483	1.0527
14483	14484	1.0473
14484	14485	1.0676
14485	14486	1.0917
14486	14487	1.0993
14487	14488	1.1114
14488	14489	1.1083
14489	14490	1.1303
14490	14491	1.1269
14491	14492	1.1147
14492	14493	1.1131
14493	14494	1.1230
14494	14495	1.0990
14495	14496	1.1293
14496	14497	1.1629
14497	14498	1.1669
14498	14499	1.1669
14499	14500	1.1633
14500	14501	1.1537
14501	14502	1.1733
14502	14503	1.1772
14503	14504	1.1637
14504	14505	1.1658
14505	14506	1.1936
14506	14507	1.2026
14507	14508	1.2010
14508	14509	1.2117
14509	14510	1.1880
14510	14511	1.2140
14511	14512	1.1957
14512	14513	1.2014
14513	14514	1.2335
14514	14515	1.1843
14515	14516	1.1282
14516	14517	1.1473
14517	14518	1.1247
14518	14519	1.1352
14519	14520	1.1600
14520	14521	1.1556
14521	14522	1.1459
14522	14523	1.1325
14523	14524	1.1841
14524	14525	1.1332
14525	14526	1.1467
14526	14527	1.1308
14527	14528	1.0831
14528	14529	1.0712
14529	14530	1.0743
14530	14531	1.0709
14531	14532	1.0971
14532	14533	1.0853
14533	14534	1.1060
14534	14535	1.1096
14535	14536	1.1302
14536	14537	1.1281
14537	14538	1.1004
14538	14539	1.1176
14539	14540	1.0930
14540	14541	1.0832
14541	14542	1.1259
14542	14543	1.0831
14543	14544	1.0736
14544	14545	1.0737
14545	14546	1.1079
14546	14547	1.1366
14547	14548	1.1707
14548	14549	1.1272
14549	14550	1.0739
14550	14551	1.0899
14551	14552	1.1405
14552	14553	1.1140
14553	14554	1.1200
14554	14555	1.1467
14555	14556	1.1500
14556	14557	1.1501
14557	14558	1.1176
14558	14559	1.1514
14559	14560	1.1415
14560	14561	1.1288
14561	14562	1.1277
14562	14563	1.1519
14563	14564	1.1489
14564	14565	1.1361
14565	14566	1.1464
14566	14567	1.1403
14567	14568	1.1203
14568	14569	1.1188
14569	14570	1.1138
14570	14571	1.1373
14571	14572	1.0950
14572	14573	1.1017
14573	14574	1.0621
14574	14575	1.0778
14575	14576	1.0899
14576	14577	1.1408
14577	14578	1.1481
14578	14579	1.0975
14579	14580	1.0982
14580	14581	1.1272
14581	14582	1.0952
14582	14583	1.0952
14583	14584	1.1048
14584	14585	1.1178
14585	14586	1.1272
14586	14587	1.1288
14587	14588	1.0960
14588	14589	1.0827
14589	14590	1.0636
14590	14591	1.0623
14591	14592	1.0654
14592	14593	1.1015
14593	14594	1.0852
14594	14595	1.0594
14595	14596	1.0957
14596	14597	1.1304
14597	14598	1.0855
14598	14599	1.0955
14599	14600	1.1262
14600	14601	1.1420
14601	14602	1.1237
14602	14603	1.1045
14603	14604	1.0961
14604	14605	1.0897
14605	14606	1.0778
14606	14607	1.0696
14607	14608	1.0704
14608	14609	1.0585
14609	14610	1.0777
14610	14611	1.0734
14611	14612	1.0577
14612	14613	1.0163
14613	14614	1.0585
14614	14615	1.0492
14615	14616	1.0108
14616	14617	1.0015
14617	14618	1.0456
14618	14619	1.0179
14619	14620	1.0221
14620	14621	1.0403
14621	14622	1.0335
14622	14623	1.0038
14623	14624	1.0312
14624	14625	1.0280
14625	14626	1.0370
14626	14627	1.0197
14627	14628	1.0322
14628	14629	1.0555
14629	14630	1.0169
14630	14631	1.0359
14631	14632	1.0126
14632	14633	1.0433
14633	14634	1.1076
14634	14635	1.0601
14635	14636	1.0703
14636	14637	1.0847
14637	14638	1.0918
14638	14639	1.0788
14639	14640	1.0276
14640	14641	1.0342
14641	14642	1.0499
14642	14643	1.0699
14643	14644	1.0742
14644	14645	1.0730
14645	14646	1.0234
14646	14647	1.0308
14647	14648	1.0710
14648	14649	1.0431
14649	14650	1.0477
14650	14651	1.0533
14651	14652	1.0475
14652	14653	1.0569
14653	14654	1.0717
14654	14655	1.0862
14655	14656	1.0870
14656	14657	1.0579
14657	14658	1.1047
14658	14659	1.1174
14659	14660	1.0916
14660	14661	1.1079
14661	14662	1.1145
14662	14663	1.0798
14663	14664	1.1112
14664	14665	1.0879
14665	14666	1.1068
14666	14667	1.1106
14667	14668	1.1135
14668	14669	1.1429
14669	14670	1.1376
14670	14671	1.0468
14671	14672	1.0663
14672	14673	1.0693
14673	14674	1.0875
14674	14675	1.0955
14675	14676	1.1101
14676	14677	1.1270
14677	14678	1.1552
14678	14679	1.0966
14679	14680	1.1213
14680	14681	1.1214
14681	14682	1.0856
14682	14683	1.1265
14683	14684	1.1378
14684	14685	1.1341
14685	14686	1.1182
14686	14687	1.1235
14687	14688	1.1482
14688	14689	1.1371
14689	14690	1.1184
14690	14691	1.1115
14691	14692	1.0921
14692	14693	1.1375
14693	14694	1.1111
14694	14695	1.1309
14695	14696	1.1406
14696	14697	1.1002
14697	14698	1.1147
14698	14699	1.1229
14699	14700	1.0820
14700	14701	1.0451
14701	14702	1.0849
14702	14703	1.0784
14703	14704	1.1046
14704	14705	1.1230
14705	14706	1.0967
14706	14707	1.0971
14707	14708	1.1371
14708	14709	1.1041
14709	14710	1.0674
14710	14711	1.0745
14711	14712	1.1034
14712	14713	1.1207
14713	14714	1.1467
14714	14715	1.1780
14715	14716	1.1534
14716	14717	1.1536
14717	14718	1.1199
14718	14719	1.0670
14719	14720	1.0691
14720	14721	1.0918
14721	14722	1.0899
14722	14723	1.0755
14723	14724	1.0968
14724	14725	1.0475
14725	14726	1.0661
14726	14727	1.0440
14727	14728	1.0411
14728	14729	1.0409
14729	14730	1.0279
14730	14731	1.0315
14731	14732	1.0511
14732	14733	1.0637
14733	14734	1.0641
14734	14735	1.0485
14735	14736	1.0863
14736	14737	1.0710
14737	14738	1.0886
14738	14739	1.0555
14739	14740	1.0750
14740	14741	1.0852
14741	14742	1.0757
14742	14743	1.0420
14743	14744	1.0350
14744	14745	1.0344
14745	14746	1.0130
14746	14747	1.0049
14747	14748	1.0126
14748	14749	1.0611
14749	14750	1.0820
14750	14751	1.0653
14751	14752	1.0424
14752	14753	1.0761
14753	14754	1.0438
14754	14755	1.0070
14755	14756	1.0049
14756	14757	1.0011
14757	14758	1.0127
14758	14759	0.9843
14759	14760	1.0093
14760	14761	0.9961
14761	14762	1.0116
14762	14763	1.0181
14763	14764	1.0316
14764	14765	1.0164
14765	14766	1.0298
14766	14767	1.0384
14767	14768	1.0685
14768	14769	1.0771
14769	14770	1.0712
14770	14771	1.0712
14771	14772	1.0432
14772	14773	1.0580
14773	14774	1.1017
14774	14775	1.1259
14775	14776	1.1142
14776	14777	1.0943
14777	14778	1.1177
14778	14779	1.1418
14779	14780	1.0942
14780	14781	1.1073
14781	14782	1.1256
14782	14783	1.1313
14783	14784	1.1078
14784	14785	1.1115
14785	14786	1.1396
14786	14787	1.0875
14787	14788	1.1093
14788	14789	1.1183
14789	14790	1.1440
14790	14791	1.1475
14791	14792	1.1750
14792	14793	1.1377
14793	14794	1.1686
14794	14795	1.1602
14795	14796	1.1668
14796	14797	1.1834
14797	14798	1.1248
14798	14799	1.1392
14799	14800	1.1202
14800	14801	1.1679
14801	14802	1.1924
14802	14803	1.2141
14803	14804	1.2177
14804	14805	1.1631
14805	14806	1.2034
14806	14807	1.1548
14807	14808	1.1548
14808	14809	1.1926
14809	14810	1.1858
14810	14811	1.1688
14811	14812	1.1173
14812	14813	1.1819
14813	14814	1.1866
14814	14815	1.1795
14815	14816	1.2342
14816	14817	1.2331
14817	14818	1.2639
14818	14819	1.2649
14819	14820	1.2416
14820	14821	1.2031
14821	14822	1.2174
14822	14823	1.1535
14823	14824	1.1594
14824	14825	1.1658
14825	14826	1.1613
14826	14827	1.1344
14827	14828	1.1508
14828	14829	1.1216
14829	14830	1.1206
14830	14831	1.0999
14831	14832	1.1184
14832	14833	1.1357
14833	14834	1.0929
14834	14835	1.1141
14835	14836	1.1368
14836	14837	1.1273
14837	14838	1.1179
14838	14839	1.0869
14839	14840	1.1462
14840	14841	1.0938
14841	14842	1.0709
14842	14843	1.0761
14843	14844	1.1241
14844	14845	1.0617
14845	14846	1.0604
14846	14847	1.0596
14847	14848	1.0572
14848	14849	1.0759
14849	14850	1.0974
14850	14851	1.1085
14851	14852	1.1014
14852	14853	1.1061
14853	14854	1.0822
14854	14855	1.1449
14855	14856	1.1088
14856	14857	1.0726
14857	14858	1.1598
14858	14859	1.1114
14859	14860	1.0788
14860	14861	1.1193
14861	14862	1.1245
14862	14863	1.0998
14863	14864	1.1155
14864	14865	1.1505
14865	14866	1.1649
14866	14867	1.1586
14867	14868	1.1539
14868	14869	1.1471
14869	14870	1.1407
14870	14871	1.1347
14871	14872	1.1008
14872	14873	1.1203
14873	14874	1.1507
14874	14875	1.1869
14875	14876	1.1859
14876	14877	1.1417
14877	14878	1.1547
14878	14879	1.1540
14879	14880	1.1778
14880	14881	1.1555
14881	14882	1.1442
14882	14883	1.1181
14883	14884	1.1776
14884	14885	1.1251
14885	14886	1.1497
14886	14887	1.1256
14887	14888	1.1167
14888	14889	1.1109
14889	14890	1.1263
14890	14891	1.1020
14891	14892	1.0810
14892	14893	1.0873
14893	14894	1.0857
14894	14895	1.1133
14895	14896	1.1328
14896	14897	1.1277
14897	14898	1.1541
14898	14899	1.1150
14899	14900	1.0866
14900	14901	1.0606
14901	14902	1.0295
14902	14903	1.0215
14903	14904	1.0354
14904	14905	1.0798
14905	14906	1.0916
14906	14907	1.0533
14907	14908	1.0666
14908	14909	1.0397
14909	14910	1.0566
14910	14911	1.0531
14911	14912	1.0477
14912	14913	1.0676
14913	14914	1.0607
14914	14915	1.0821
14915	14916	1.0870
14916	14917	1.0820
14917	14918	1.1013
14918	14919	1.0707
14919	14920	1.0504
14920	14921	1.0346
14921	14922	1.0248
14922	14923	1.0604
14923	14924	1.0907
14924	14925	1.1182
14925	14926	1.1004
14926	14927	1.1049
14927	14928	1.0642
14928	14929	1.1056
14929	14930	1.0607
14930	14931	1.0520
14931	14932	1.0473
14932	14933	1.0471
14933	14934	1.0611
14934	14935	1.0475
14935	14936	1.0586
14936	14937	1.0465
14937	14938	1.0278
14938	14939	1.0529
14939	14940	1.0516
14940	14941	1.0568
14941	14942	1.0327
14942	14943	1.0516
14943	14944	1.0566
14944	14945	1.0329
14945	14946	1.0182
14946	14947	1.0328
14947	14948	1.0744
14948	14949	1.0872
14949	14950	1.0965
14950	14951	1.0903
14951	14952	1.0804
14952	14953	1.0850
14953	14954	1.0835
14954	14955	1.0481
14955	14956	1.0478
14956	14957	1.0629
14957	14958	1.1008
14958	14959	1.1343
14959	14960	1.1656
14960	14961	1.1265
14961	14962	1.0875
14962	14963	1.0918
14963	14964	1.1091
14964	14965	1.0974
14965	14966	1.1667
14966	14967	1.0926
14967	14968	1.0735
14968	14969	1.0938
14969	14970	1.0748
14970	14971	1.0893
14971	14972	1.0761
14972	14973	1.1433
14973	14974	1.1232
14974	14975	1.1223
14975	14976	1.1393
14976	14977	1.1252
14977	14978	1.1207
14978	14979	1.0505
14979	14980	1.1168
14980	14981	1.1316
14981	14982	1.1092
14982	14983	1.1130
14983	14984	1.1326
14984	14985	1.0987
14985	14986	1.0827
14986	14987	1.0944
14987	14988	1.0909
14988	14989	1.0358
14989	14990	1.0581
14990	14991	1.0494
14991	14992	1.0846
14992	14993	1.0978
14993	14994	1.0986
14994	14995	1.1360
14995	14996	1.1396
14996	14997	1.1404
14997	14998	1.1448
14998	14999	1.1303
14999	15000	1.1328
15000	15001	1.1902
15001	15002	1.1294
15002	15003	1.1201
15003	15004	1.1191
15004	15005	1.1148
15005	15006	1.1659
15006	15007	1.1628
15007	15008	1.1709
15008	15009	1.1628
15009	15010	1.1627
15010	15011	1.1659
15011	15012	1.1773
15012	15013	1.1815
15013	15014	1.1527
15014	15015	1.1836
15015	15016	1.1621
15016	15017	1.2166
15017	15018	1.1912
15018	15019	1.1859
15019	15020	1.1875
15020	15021	1.1879
15021	15022	1.1654
15022	15023	1.1966
15023	15024	1.1974
15024	15025	1.1987
15025	15026	1.2393
15026	15027	1.2209
15027	15028	1.1954
15028	15029	1.1801
15029	15030	1.1859
15030	15031	1.1464
15031	15032	1.1570
15032	15033	1.1424
15033	15034	1.1406
15034	15035	1.1851
15035	15036	1.1380
15036	15037	1.1121
15037	15038	1.1385
15038	15039	1.1537
15039	15040	1.1317
15040	15041	1.1559
15041	15042	1.1704
15042	15043	1.1708
15043	15044	1.2052
15044	15045	1.1818
15045	15046	1.1440
15046	15047	1.1825
15047	15048	1.1935
15048	15049	1.1752
15049	15050	1.1651
15050	15051	1.1511
15051	15052	1.1801
15052	15053	1.1649
15053	15054	1.1516
15054	15055	1.1864
15055	15056	1.1942
15056	15057	1.1998
15057	15058	1.2046
15058	15059	1.2396
15059	15060	1.2055
15060	15061	1.2271
15061	15062	1.1976
15062	15063	1.2115
15063	15064	1.2523
15064	15065	1.2343
15065	15066	1.2194
15066	15067	1.2379
15067	15068	1.2213
15068	15069	1.2508
15069	15070	1.2743
15070	15071	1.2936
15071	15072	1.2843
15072	15073	1.2985
15073	15074	1.2935
15074	15075	1.2660
15075	15076	1.2480
15076	15077	1.2406
15077	15078	1.2563
15078	15079	1.2550
15079	15080	1.2489
15080	15081	1.2736
15081	15082	1.2382
15082	15083	1.2608
15083	15084	1.2736
15084	15085	1.2599
15085	15086	1.2537
15086	15087	1.2553
15087	15088	1.2088
15088	15089	1.2228
15089	15090	1.2504
15090	15091	1.2210
15091	15092	1.2015
15092	15093	1.1969
15093	15094	1.1913
15094	15095	1.1737
15095	15096	1.2016
15096	15097	1.2148
15097	15098	1.2259
15098	15099	1.2489
15099	15100	1.2272
15100	15101	1.2571
15101	15102	1.2447
15102	15103	1.2495
15103	15104	1.2530
15104	15105	1.2584
15105	15106	1.2629
15106	15107	1.2518
15107	15108	1.2206
15108	15109	1.2184
15109	15110	1.2678
15110	15111	1.3080
15111	15112	1.2962
15112	15113	1.2702
15113	15114	1.3095
15114	15115	1.3035
15115	15116	1.2780
15116	15117	1.3142
15117	15118	1.2973
15118	15119	1.3340
15119	15120	1.3135
15120	15121	1.2940
15121	15122	1.3052
15122	15123	1.3276
15123	15124	1.3076
15124	15125	1.3195
15125	15126	1.3069
15126	15127	1.3812
15127	15128	1.3514
15128	15129	1.3577
15129	15130	1.3333
15130	15131	1.2739
15131	15132	1.3129
15132	15133	1.3061
15133	15134	1.3166
15134	15135	1.3034
15135	15136	1.2901
15136	15137	1.2641
15137	15138	1.2270
15138	15139	1.2775
15139	15140	1.2358
15140	15141	1.2719
15141	15142	1.2571
15142	15143	1.2564
15143	15144	1.2663
15144	15145	1.2662
15145	15146	1.2625
15146	15147	1.2840
15147	15148	1.2875
15148	15149	1.2950
15149	15150	1.2985
15150	15151	1.2774
15151	15152	1.2769
15152	15153	1.2686
15153	15154	1.2715
15154	15155	1.2586
15155	15156	1.2157
15156	15157	1.2405
15157	15158	1.2733
15158	15159	1.2658
15159	15160	1.2982
15160	15161	1.2697
15161	15162	1.2338
15162	15163	1.2205
15163	15164	1.2003
15164	15165	1.2022
15165	15166	1.2065
15166	15167	1.2343
15167	15168	1.2011
15168	15169	1.1865
15169	15170	1.1625
15170	15171	1.1619
15171	15172	1.1644
15172	15173	1.1634
15173	15174	1.1722
15174	15175	1.1664
15175	15176	1.1866
15176	15177	1.1668
15177	15178	1.1430
15178	15179	1.1147
15179	15180	1.0904
15180	15181	1.1223
15181	15182	1.1085
15182	15183	1.0821
15183	15184	1.0879
15184	15185	1.1365
15185	15186	1.1351
15186	15187	1.1025
15187	15188	1.1035
15188	15189	1.1224
15189	15190	1.1093
15190	15191	1.1415
15191	15192	1.1122
15192	15193	1.1992
15193	15194	1.1952
15194	15195	1.1706
15195	15196	1.1486
15196	15197	1.1884
15197	15198	1.1448
15198	15199	1.1886
15199	15200	1.1452
15200	15201	1.1829
15201	15202	1.1546
15202	15203	1.1756
15203	15204	1.1492
15204	15205	1.1874
15205	15206	1.1235
15206	15207	1.1548
15207	15208	1.1496
15208	15209	1.1586
15209	15210	1.1459
15210	15211	1.1534
15211	15212	1.1262
15212	15213	1.1283
15213	15214	1.1817
15214	15215	1.1769
15215	15216	1.1725
15216	15217	1.1727
15217	15218	1.1611
15218	15219	1.2279
15219	15220	1.2197
15220	15221	1.2434
15221	15222	1.2789
15222	15223	1.2370
15223	15224	1.2390
15224	15225	1.2268
15225	15226	1.2421
15226	15227	1.2805
15227	15228	1.2833
15228	15229	1.2731
15229	15230	1.3034
15230	15231	1.2991
15231	15232	1.2610
15232	15233	1.2778
15233	15234	1.2683
15234	15235	1.2951
15235	15236	1.3377
15236	15237	1.3154
15237	15238	1.2750
15238	15239	1.2851
15239	15240	1.2967
15240	15241	1.3032
15241	15242	1.3131
15242	15243	1.2803
15243	15244	1.3006
15244	15245	1.3000
15245	15246	1.2879
15246	15247	1.3057
15247	15248	1.2970
15248	15249	1.3306
15249	15250	1.3179
15250	15251	1.3624
15251	15252	1.3650
15252	15253	1.3415
15253	15254	1.3557
15254	15255	1.3802
15255	15256	1.3484
15256	15257	1.3455
15257	15258	1.2962
15258	15259	1.2997
15259	15260	1.2801
15260	15261	1.2847
15261	15262	1.2592
15262	15263	1.2462
15263	15264	1.2639
15264	15265	1.2967
15265	15266	1.2969
15266	15267	1.2616
15267	15268	1.2283
15268	15269	1.2366
15269	15270	1.2614
15270	15271	1.2995
15271	15272	1.2748
15272	15273	1.2998
15273	15274	1.3026
15274	15275	1.2974
15275	15276	1.3546
15276	15277	1.3055
15277	15278	1.3298
15278	15279	1.3266
15279	15280	1.3654
15280	15281	1.3910
15281	15282	1.3734
15282	15283	1.3788
15283	15284	1.4192
15284	15285	1.4165
15285	15286	1.4271
15286	15287	1.4504
15287	15288	1.4502
15288	15289	1.4764
15289	15290	1.4222
15290	15291	1.4267
15291	15292	1.4163
15292	15293	1.4312
15293	15294	1.4136
15294	15295	1.3826
15295	15296	1.4205
15296	15297	1.3889
15297	15298	1.3667
15298	15299	1.3781
15299	15300	1.3385
15300	15301	1.3552
15301	15302	1.3401
15302	15303	1.3645
15303	15304	1.3536
15304	15305	1.3613
15305	15306	1.3571
15306	15307	1.3717
15307	15308	1.3866
15308	15309	1.3935
15309	15310	1.3944
15310	15311	1.3882
15311	15312	1.3998
15312	15313	1.4192
15313	15314	1.3935
15314	15315	1.3797
15315	15316	1.3905
15316	15317	1.3841
15317	15318	1.3562
15318	15319	1.3365
15319	15320	1.3267
15320	15321	1.3905
15321	15322	1.3903
15322	15323	1.3737
15323	15324	1.3680
15324	15325	1.4506
15325	15326	1.4925
15326	15327	1.4536
15327	15328	1.4908
15328	15329	1.4770
15329	15330	1.4996
15330	15331	1.5204
15331	15332	1.4877
15332	15333	1.5294
15333	15334	1.5154
15334	15335	1.5239
15335	15336	1.4929
15336	15337	1.5126
15337	15338	1.5287
15338	15339	1.5152
15339	15340	1.5025
15340	15341	1.4962
15341	15342	1.4687
15342	15343	1.4922
15343	15344	1.4939
15344	15345	1.4756
15345	15346	1.4428
15346	15347	1.4891
15347	15348	1.4933
15348	15349	1.4929
15349	15350	1.4839
15350	15351	1.5118
15351	15352	1.4638
15352	15353	1.4632
15353	15354	1.4591
15354	15355	1.4436
15355	15356	1.4689
15356	15357	1.4870
15357	15358	1.5076
15358	15359	1.5069
15359	15360	1.4884
15360	15361	1.5145
15361	15362	1.4756
15362	15363	1.4913
15363	15364	1.4998
15364	15365	1.5151
15365	15366	1.4999
15366	15367	1.4979
15367	15368	1.4742
15368	15369	1.4109
15369	15370	1.4249
15370	15371	1.4800
15371	15372	1.4621
15372	15373	1.4796
15373	15374	1.4890
15374	15375	1.5294
15375	15376	1.4986
15376	15377	1.5240
15377	15378	1.5248
15378	15379	1.5194
15379	15380	1.5299
15380	15381	1.4932
15381	15382	1.5080
15382	15383	1.5062
15383	15384	1.5536
15384	15385	1.4959
15385	15386	1.5281
15386	15387	1.5532
15387	15388	1.5394
15388	15389	1.5100
15389	15390	1.5171
15390	15391	1.5586
15391	15392	1.5158
15392	15393	1.5537
15393	15394	1.5246
15394	15395	1.4938
15395	15396	1.5132
15396	15397	1.5202
15397	15398	1.5281
15398	15399	1.5175
15399	15400	1.5282
15400	15401	1.5119
15401	15402	1.5171
15402	15403	1.5345
15403	15404	1.5980
15404	15405	1.6077
15405	15406	1.6106
15406	15407	1.6069
15407	15408	1.6162
15408	15409	1.6294
15409	15410	1.6257
15410	15411	1.6321
15411	15412	1.5812
15412	15413	1.6049
15413	15414	1.6037
15414	15415	1.5768
15415	15416	1.5883
15416	15417	1.5307
15417	15418	1.5466
15418	15419	1.5579
15419	15420	1.5714
15420	15421	1.5986
15421	15422	1.6300
15422	15423	1.5557
15423	15424	1.5842
15424	15425	1.5556
15425	15426	1.5232
15426	15427	1.5572
15427	15428	1.5875
15428	15429	1.6022
15429	15430	1.6454
15430	15431	1.5734
15431	15432	1.5628
15432	15433	1.5605
15433	15434	1.5527
15434	15435	1.5436
15435	15436	1.5580
15436	15437	1.6044
15437	15438	1.5747
15438	15439	1.5849
15439	15440	1.5615
15440	15441	1.5501
15441	15442	1.5716
15442	15443	1.6073
15443	15444	1.6609
15444	15445	1.6630
15445	15446	1.6818
15446	15447	1.6889
15447	15448	1.6346
15448	15449	1.6763
15449	15450	1.6561
15450	15451	1.6974
15451	15452	1.7104
15452	15453	1.7356
15453	15454	1.7303
15454	15455	1.6949
15455	15456	1.6772
15456	15457	1.6817
15457	15458	1.7194
15458	15459	1.7011
15459	15460	1.6885
15460	15461	1.6676
15461	15462	1.6043
15462	15463	1.6395
15463	15464	1.6400
15464	15465	1.6564
15465	15466	1.6767
15466	15467	1.6764
15467	15468	1.6844
15468	15469	1.6903
15469	15470	1.6733
15470	15471	1.6845
15471	15472	1.6837
15472	15473	1.7015
15473	15474	1.6929
15474	15475	1.6536
15475	15476	1.6868
15476	15477	1.7513
15477	15478	1.6959
15478	15479	1.7218
15479	15480	1.7471
15480	15481	1.7284
15481	15482	1.7131
15482	15483	1.7561
15483	15484	1.7600
15484	15485	1.7727
15485	15486	1.7495
15486	15487	1.7471
15487	15488	1.7437
15488	15489	1.7511
15489	15490	1.7481
15490	15491	1.6913
15491	15492	1.7048
15492	15493	1.7121
15493	15494	1.7024
15494	15495	1.7180
15495	15496	1.7281
15496	15497	1.7446
15497	15498	1.7543
15498	15499	1.7161
15499	15500	1.7184
15500	15501	1.7125
15501	15502	1.7220
15502	15503	1.6945
15503	15504	1.7099
15504	15505	1.7070
15505	15506	1.6833
15506	15507	1.6822
15507	15508	1.6743
15508	15509	1.6845
15509	15510	1.6343
15510	15511	1.6363
15511	15512	1.6770
15512	15513	1.6705
15513	15514	1.6610
15514	15515	1.6277
15515	15516	1.5798
15516	15517	1.5960
15517	15518	1.6160
15518	15519	1.5885
15519	15520	1.5668
15520	15521	1.5727
15521	15522	1.5816
15522	15523	1.5609
15523	15524	1.5799
15524	15525	1.5195
15525	15526	1.5071
15526	15527	1.4993
15527	15528	1.5224
15528	15529	1.5344
15529	15530	1.5395
15530	15531	1.5107
15531	15532	1.5179
15532	15533	1.5707
15533	15534	1.5257
15534	15535	1.5235
15535	15536	1.5457
15536	15537	1.5203
15537	15538	1.5199
15538	15539	1.5234
15539	15540	1.5341
15540	15541	1.5418
15541	15542	1.5278
15542	15543	1.5322
15543	15544	1.5446
15544	15545	1.5085
15545	15546	1.5383
15546	15547	1.5786
15547	15548	1.5794
15548	15549	1.5822
15549	15550	1.5817
15550	15551	1.5351
15551	15552	1.5477
15552	15553	1.5272
15553	15554	1.5911
15554	15555	1.5907
15555	15556	1.5740
15556	15557	1.5637
15557	15558	1.6244
15558	15559	1.6683
15559	15560	1.6413
15560	15561	1.6961
15561	15562	1.6616
15562	15563	1.6929
15563	15564	1.6282
15564	15565	1.6267
15565	15566	1.6454
15566	15567	1.6446
15567	15568	1.6878
15568	15569	1.7014
15569	15570	1.7323
15570	15571	1.6902
15571	15572	1.7270
15572	15573	1.7174
15573	15574	1.7711
15574	15575	1.7419
15575	15576	1.7149
15576	15577	1.6914
15577	15578	1.6825
15578	15579	1.7136
15579	15580	1.6969
15580	15581	1.6995
15581	15582	1.6801
15582	15583	1.7158
15583	15584	1.7268
15584	15585	1.6985
15585	15586	1.6379
15586	15587	1.6815
15587	15588	1.6568
15588	15589	1.6709
15589	15590	1.6109
15590	15591	1.6820
15591	15592	1.7008
15592	15593	1.6672
15593	15594	1.6503
15594	15595	1.6743
15595	15596	1.6832
15596	15597	1.6565
15597	15598	1.6556
15598	15599	1.6394
15599	15600	1.6785
15600	15601	1.6472
15601	15602	1.7177
15602	15603	1.7227
15603	15604	1.6573
15604	15605	1.6057
15605	15606	1.6659
15606	15607	1.6671
15607	15608	1.6846
15608	15609	1.6554
15609	15610	1.6003
15610	15611	1.5961
15611	15612	1.6040
15612	15613	1.6495
15613	15614	1.6717
15614	15615	1.6777
15615	15616	1.6924
15616	15617	1.7153
15617	15618	1.6772
15618	15619	1.6525
15619	15620	1.6932
15620	15621	1.6591
15621	15622	1.6145
15622	15623	1.6726
15623	15624	1.7047
15624	15625	1.6561
15625	15626	1.6725
15626	15627	1.6766
15627	15628	1.6497
15628	15629	1.6011
15629	15630	1.5853
15630	15631	1.5605
15631	15632	1.5488
15632	15633	1.5372
15633	15634	1.5314
15634	15635	1.5739
15635	15636	1.5722
15636	15637	1.6007
15637	15638	1.5856
15638	15639	1.6264
15639	15640	1.6539
15640	15641	1.6443
15641	15642	1.6410
15642	15643	1.6217
15643	15644	1.6035
15644	15645	1.5844
15645	15646	1.5851
15646	15647	1.6204
15647	15648	1.5960
15648	15649	1.5848
15649	15650	1.5864
15650	15651	1.5927
15651	15652	1.5957
15652	15653	1.5613
15653	15654	1.5663
15654	15655	1.5871
15655	15656	1.5926
15656	15657	1.5826
15657	15658	1.5997
15658	15659	1.5994
15659	15660	1.5677
15660	15661	1.5659
15661	15662	1.5308
15662	15663	1.5569
15663	15664	1.5319
15664	15665	1.5249
15665	15666	1.5680
15666	15667	1.5737
15667	15668	1.5538
15668	15669	1.5870
15669	15670	1.6205
15670	15671	1.6585
15671	15672	1.6036
15672	15673	1.6397
15673	15674	1.5953
15674	15675	1.6484
15675	15676	1.5929
15676	15677	1.6067
15677	15678	1.5985
15678	15679	1.5999
15679	15680	1.6012
15680	15681	1.5830
15681	15682	1.6409
15682	15683	1.6292
15683	15684	1.6635
15684	15685	1.6499
15685	15686	1.6262
15686	15687	1.6200
15687	15688	1.6291
15688	15689	1.6945
15689	15690	1.6468
15690	15691	1.6885
15691	15692	1.6591
15692	15693	1.6621
15693	15694	1.6216
15694	15695	1.6662
15695	15696	1.6162
15696	15697	1.6535
15697	15698	1.6221
15698	15699	1.6090
15699	15700	1.6593
15700	15701	1.6406
15701	15702	1.6238
15702	15703	1.6244
15703	15704	1.6349
15704	15705	1.6326
15705	15706	1.6245
15706	15707	1.6804
15707	15708	1.6459
15708	15709	1.6601
15709	15710	1.6108
15710	15711	1.5963
15711	15712	1.5982
15712	15713	1.5980
15713	15714	1.6581
15714	15715	1.6304
15715	15716	1.6116
15716	15717	1.6020
15717	15718	1.6129
15718	15719	1.6064
15719	15720	1.6322
15720	15721	1.6327
15721	15722	1.6095
15722	15723	1.5786
15723	15724	1.6108
15724	15725	1.6885
15725	15726	1.7209
15726	15727	1.6876
15727	15728	1.6812
15728	15729	1.6310
15729	15730	1.6424
15730	15731	1.6093
15731	15732	1.6158
15732	15733	1.6318
15733	15734	1.5708
15734	15735	1.5687
15735	15736	1.5708
15736	15737	1.5753
15737	15738	1.6114
15738	15739	1.5851
15739	15740	1.6628
15740	15741	1.6598
15741	15742	1.6912
15742	15743	1.6725
15743	15744	1.6815
15744	15745	1.6036
15745	15746	1.6040
15746	15747	1.5804
15747	15748	1.5670
15748	15749	1.6032
15749	15750	1.5456
15750	15751	1.5261
15751	15752	1.5909
15752	15753	1.5988
15753	15754	1.6111
15754	15755	1.6074
15755	15756	1.5789
15756	15757	1.5674
15757	15758	1.5852
15758	15759	1.5467
15759	15760	1.5465
15760	15761	1.5614
15761	15762	1.4931
15762	15763	1.5071
15763	15764	1.4689
15764	15765	1.4790
15765	15766	1.4455
15766	15767	1.4819
15767	15768	1.4459
15768	15769	1.4523
15769	15770	1.5071
15770	15771	1.5695
15771	15772	1.5206
15772	15773	1.5532
15773	15774	1.5733
15774	15775	1.5581
15775	15776	1.5341
15776	15777	1.5772
15777	15778	1.6340
15778	15779	1.5982
15779	15780	1.6294
15780	15781	1.6695
15781	15782	1.6559
15782	15783	1.6537
15783	15784	1.6668
15784	15785	1.6717
15785	15786	1.6875
15786	15787	1.6804
15787	15788	1.7048
15788	15789	1.6767
15789	15790	1.6703
15790	15791	1.6620
15791	15792	1.6206
15792	15793	1.5867
15793	15794	1.6861
15794	15795	1.6123
15795	15796	1.6387
15796	15797	1.6659
15797	15798	1.6251
15798	15799	1.5996
15799	15800	1.6117
15800	15801	1.7148
15801	15802	1.7496
15802	15803	1.6982
15803	15804	1.7124
15804	15805	1.7231
15805	15806	1.6794
15806	15807	1.7016
15807	15808	1.7043
15808	15809	1.6910
15809	15810	1.7033
15810	15811	1.6482
15811	15812	1.6383
15812	15813	1.6531
15813	15814	1.6736
15814	15815	1.7194
15815	15816	1.7460
15816	15817	1.7032
15817	15818	1.7165
15818	15819	1.7362
15819	15820	1.7521
15820	15821	1.6897
15821	15822	1.6524
15822	15823	1.6675
15823	15824	1.6466
15824	15825	1.6409
15825	15826	1.6367
15826	15827	1.6367
15827	15828	1.5841
15828	15829	1.6122
15829	15830	1.6614
15830	15831	1.6508
15831	15832	1.6766
15832	15833	1.7021
15833	15834	1.6111
15834	15835	1.6070
15835	15836	1.5981
15836	15837	1.6154
15837	15838	1.6303
15838	15839	1.6442
15839	15840	1.5792
15840	15841	1.6020
15841	15842	1.6262
15842	15843	1.6246
15843	15844	1.6534
15844	15845	1.6516
15845	15846	1.6466
15846	15847	1.6928
15847	15848	1.6728
15848	15849	1.6243
15849	15850	1.5770
15850	15851	1.5366
15851	15852	1.5407
15852	15853	1.5341
15853	15854	1.4843
15854	15855	1.4593
15855	15856	1.4636
15856	15857	1.4331
15857	15858	1.4323
15858	15859	1.4829
15859	15860	1.4228
15860	15861	1.4295
15861	15862	1.4392
15862	15863	1.4258
15863	15864	1.4398
15864	15865	1.4294
15865	15866	1.4198
15866	15867	1.4067
15867	15868	1.4614
15868	15869	1.4654
15869	15870	1.4652
15870	15871	1.4625
15871	15872	1.5106
15872	15873	1.4859
15873	15874	1.5241
15874	15875	1.4743
15875	15876	1.4737
15876	15877	1.4849
15877	15878	1.4591
15878	15879	1.4918
15879	15880	1.4873
15880	15881	1.4851
15881	15882	1.4894
15882	15883	1.4897
15883	15884	1.4707
15884	15885	1.4611
15885	15886	1.4555
15886	15887	1.4826
15887	15888	1.4607
15888	15889	1.4484
15889	15890	1.4072
15890	15891	1.4166
15891	15892	1.4359
15892	15893	1.4303
15893	15894	1.4623
15894	15895	1.4486
15895	15896	1.4413
15896	15897	1.4374
15897	15898	1.4493
15898	15899	1.3999
15899	15900	1.4294
15900	15901	1.4244
15901	15902	1.4472
15902	15903	1.4476
15903	15904	1.4691
15904	15905	1.4783
15905	15906	1.4804
15906	15907	1.5185
15907	15908	1.4779
15908	15909	1.4502
15909	15910	1.4413
15910	15911	1.4390
15911	15912	1.4644
15912	15913	1.4733
15913	15914	1.4539
15914	15915	1.4520
15915	15916	1.4444
15916	15917	1.4787
15917	15918	1.4807
15918	15919	1.4896
15919	15920	1.4639
15920	15921	1.4622
15921	15922	1.4511
15922	15923	1.4888
15923	15924	1.4662
15924	15925	1.4858
15925	15926	1.5505
15926	15927	1.5273
15927	15928	1.4672
15928	15929	1.4584
15929	15930	1.4831
15930	15931	1.4858
15931	15932	1.5052
15932	15933	1.5206
15933	15934	1.5183
15934	15935	1.5177
15935	15936	1.5410
15936	15937	1.5086
15937	15938	1.5914
15938	15939	1.5786
15939	15940	1.5360
15940	15941	1.5739
15941	15942	1.5846
15942	15943	1.5319
15943	15944	1.5557
15944	15945	1.5731
15945	15946	1.5723
15946	15947	1.5842
15947	15948	1.5572
15948	15949	1.5442
15949	15950	1.5538
15950	15951	1.5708
15951	15952	1.5777
15952	15953	1.6344
15953	15954	1.6593
15954	15955	1.6037
15955	15956	1.5892
15956	15957	1.5909
15957	15958	1.6177
15958	15959	1.5894
15959	15960	1.6122
15960	15961	1.5813
15961	15962	1.5710
15962	15963	1.5635
15963	15964	1.5611
15964	15965	1.5429
15965	15966	1.5342
15966	15967	1.5580
15967	15968	1.5164
15968	15969	1.5392
15969	15970	1.5449
15970	15971	1.5181
15971	15972	1.5089
15972	15973	1.5425
15973	15974	1.5578
15974	15975	1.5141
15975	15976	1.5063
15976	15977	1.5234
15977	15978	1.5125
15978	15979	1.4906
15979	15980	1.4666
15980	15981	1.5017
15981	15982	1.4675
15982	15983	1.4844
15983	15984	1.4128
15984	15985	1.3793
15985	15986	1.4259
15986	15987	1.4593
15987	15988	1.4274
15988	15989	1.3896
15989	15990	1.3688
15990	15991	1.3982
15991	15992	1.3916
15992	15993	1.3754
15993	15994	1.3275
15994	15995	1.3476
15995	15996	1.3696
15996	15997	1.3380
15997	15998	1.3842
15998	15999	1.3686
15999	16000	1.3710
16000	16001	1.3837
16001	16002	1.3656
16002	16003	1.3584
16003	16004	1.3669
16004	16005	1.3433
16005	16006	1.3791
16006	16007	1.3606
16007	16008	1.3519
16008	16009	1.3415
16009	16010	1.3434
16010	16011	1.3651
16011	16012	1.3719
16012	16013	1.3542
16013	16014	1.3309
16014	16015	1.3183
16015	16016	1.2801
16016	16017	1.2679
16017	16018	1.3214
16018	16019	1.2930
16019	16020	1.3110
16020	16021	1.3211
16021	16022	1.2986
16022	16023	1.2912
16023	16024	1.2649
16024	16025	1.2689
16025	16026	1.2717
16026	16027	1.2574
16027	16028	1.2837
16028	16029	1.3017
16029	16030	1.3021
16030	16031	1.3627
16031	16032	1.3443
16032	16033	1.3629
16033	16034	1.3731
16034	16035	1.3346
16035	16036	1.3538
16036	16037	1.3061
16037	16038	1.2999
16038	16039	1.3075
16039	16040	1.3608
16040	16041	1.3416
16041	16042	1.3787
16042	16043	1.3719
16043	16044	1.3244
16044	16045	1.3018
16045	16046	1.2806
16046	16047	1.2884
16047	16048	1.3258
16048	16049	1.3447
16049	16050	1.2970
16050	16051	1.3042
16051	16052	1.3003
16052	16053	1.3270
16053	16054	1.2853
16054	16055	1.3342
16055	16056	1.2814
16056	16057	1.3375
16057	16058	1.3299
16058	16059	1.3080
16059	16060	1.3123
16060	16061	1.3000
16061	16062	1.2660
16062	16063	1.2789
16063	16064	1.2588
16064	16065	1.2483
16065	16066	1.2374
16066	16067	1.2492
16067	16068	1.2551
16068	16069	1.2030
16069	16070	1.2419
16070	16071	1.2586
16071	16072	1.2371
16072	16073	1.2642
16073	16074	1.2500
16074	16075	1.2070
16075	16076	1.2261
16076	16077	1.2143
16077	16078	1.2536
16078	16079	1.2457
16079	16080	1.2596
16080	16081	1.3011
16081	16082	1.2512
16082	16083	1.2593
16083	16084	1.2467
16084	16085	1.2740
16085	16086	1.3141
16086	16087	1.2523
16087	16088	1.2295
16088	16089	1.2615
16089	16090	1.2827
16090	16091	1.2131
16091	16092	1.2404
16092	16093	1.2710
16093	16094	1.2612
16094	16095	1.2668
16095	16096	1.2387
16096	16097	1.2601
16097	16098	1.2919
16098	16099	1.2659
16099	16100	1.2893
16100	16101	1.2642
16101	16102	1.2798
16102	16103	1.2773
16103	16104	1.2614
16104	16105	1.2894
16105	16106	1.2417
16106	16107	1.2494
16107	16108	1.2778
16108	16109	1.2812
16109	16110	1.2842
16110	16111	1.2797
16111	16112	1.2762
16112	16113	1.2790
16113	16114	1.3064
16114	16115	1.3081
16115	16116	1.2859
16116	16117	1.3101
16117	16118	1.2966
16118	16119	1.3384
16119	16120	1.3220
16120	16121	1.3576
16121	16122	1.3424
16122	16123	1.3112
16123	16124	1.3170
16124	16125	1.3107
16125	16126	1.3221
16126	16127	1.3478
16127	16128	1.3469
16128	16129	1.3091
16129	16130	1.2862
16130	16131	1.2503
16131	16132	1.2429
16132	16133	1.2165
16133	16134	1.2099
16134	16135	1.2316
16135	16136	1.2451
16136	16137	1.2764
16137	16138	1.2785
16138	16139	1.2753
16139	16140	1.2894
16140	16141	1.2995
16141	16142	1.2658
16142	16143	1.2529
16143	16144	1.2439
16144	16145	1.1920
16145	16146	1.2181
16146	16147	1.1968
16147	16148	1.1956
16148	16149	1.2574
16149	16150	1.2532
16150	16151	1.2445
16151	16152	1.2387
16152	16153	1.2640
16153	16154	1.2719
16154	16155	1.2699
16155	16156	1.2631
16156	16157	1.2946
16157	16158	1.2489
16158	16159	1.3130
16159	16160	1.2366
16160	16161	1.2497
16161	16162	1.2617
16162	16163	1.2279
16163	16164	1.2075
16164	16165	1.2083
16165	16166	1.2229
16166	16167	1.2669
16167	16168	1.2903
16168	16169	1.3120
16169	16170	1.2813
16170	16171	1.2698
16171	16172	1.2760
16172	16173	1.2694
16173	16174	1.2577
16174	16175	1.2665
16175	16176	1.2872
16176	16177	1.2840
16177	16178	1.2589
16178	16179	1.2645
16179	16180	1.2859
16180	16181	1.2788
16181	16182	1.2788
16182	16183	1.2851
16183	16184	1.2952
16184	16185	1.2750
16185	16186	1.2606
16186	16187	1.2444
16187	16188	1.2484
16188	16189	1.2213
16189	16190	1.2566
16190	16191	1.2263
16191	16192	1.2528
16192	16193	1.2323
16193	16194	1.2207
16194	16195	1.2397
16195	16196	1.2748
16196	16197	1.2591
16197	16198	1.2253
16198	16199	1.2516
16199	16200	1.2689
16200	16201	1.2455
16201	16202	1.2523
16202	16203	1.2520
16203	16204	1.2642
16204	16205	1.2797
16205	16206	1.2930
16206	16207	1.3127
16207	16208	1.3534
16208	16209	1.3280
16209	16210	1.2810
16210	16211	1.2657
16211	16212	1.3237
16212	16213	1.3637
16213	16214	1.3137
16214	16215	1.3603
16215	16216	1.3278
16216	16217	1.3325
16217	16218	1.3373
16218	16219	1.3151
16219	16220	1.3590
16220	16221	1.3151
16221	16222	1.3238
16222	16223	1.3704
16223	16224	1.3455
16224	16225	1.2939
16225	16226	1.2855
16226	16227	1.2779
16227	16228	1.3003
16228	16229	1.2747
16229	16230	1.2820
16230	16231	1.2925
16231	16232	1.2833
16232	16233	1.3058
16233	16234	1.3250
16234	16235	1.3170
16235	16236	1.3010
16236	16237	1.2981
16237	16238	1.3146
16238	16239	1.3184
16239	16240	1.3042
16240	16241	1.3141
16241	16242	1.2969
16242	16243	1.3739
16243	16244	1.4041
16244	16245	1.3538
16245	16246	1.3812
16246	16247	1.4050
16247	16248	1.3511
16248	16249	1.3907
16249	16250	1.3654
16250	16251	1.4069
16251	16252	1.4155
16252	16253	1.3932
16253	16254	1.3798
16254	16255	1.3831
16255	16256	1.4039
16256	16257	1.4178
16257	16258	1.4093
16258	16259	1.3852
16259	16260	1.4163
16260	16261	1.4329
16261	16262	1.3896
16262	16263	1.4057
16263	16264	1.4088
16264	16265	1.4488
16265	16266	1.4839
16266	16267	1.4760
16267	16268	1.5049
16268	16269	1.5050
16269	16270	1.4536
16270	16271	1.4910
16271	16272	1.4728
16272	16273	1.4798
16273	16274	1.4550
16274	16275	1.4708
16275	16276	1.4557
16276	16277	1.4626
16277	16278	1.4327
16278	16279	1.4182
16279	16280	1.4612
16280	16281	1.4379
16281	16282	1.4554
16282	16283	1.4446
16283	16284	1.4512
16284	16285	1.4584
16285	16286	1.4839
16286	16287	1.4561
16287	16288	1.4535
16288	16289	1.4981
16289	16290	1.4598
16290	16291	1.4347
16291	16292	1.4058
16292	16293	1.4230
16293	16294	1.4107
16294	16295	1.4069
16295	16296	1.3687
16296	16297	1.3613
16297	16298	1.3721
16298	16299	1.3724
16299	16300	1.3701
16300	16301	1.3811
16301	16302	1.3776
16302	16303	1.3807
16303	16304	1.3311
16304	16305	1.3038
16305	16306	1.3230
16306	16307	1.3333
16307	16308	1.2998
16308	16309	1.3718
16309	16310	1.3485
16310	16311	1.3570
16311	16312	1.3929
16312	16313	1.4062
16313	16314	1.3969
16314	16315	1.3790
16315	16316	1.3455
16316	16317	1.3157
16317	16318	1.3510
16318	16319	1.3612
16319	16320	1.3830
16320	16321	1.3547
16321	16322	1.3904
16322	16323	1.4220
16323	16324	1.4091
16324	16325	1.4020
16325	16326	1.4137
16326	16327	1.4149
16327	16328	1.3492
16328	16329	1.3508
16329	16330	1.3419
16330	16331	1.3647
16331	16332	1.3339
16332	16333	1.3987
16333	16334	1.4083
16334	16335	1.3527
16335	16336	1.3903
16336	16337	1.3772
16337	16338	1.3509
16338	16339	1.3387
16339	16340	1.3550
16340	16341	1.3391
16341	16342	1.3465
16342	16343	1.3554
16343	16344	1.3821
16344	16345	1.3637
16345	16346	1.3767
16346	16347	1.3402
16347	16348	1.3427
16348	16349	1.3586
16349	16350	1.3387
16350	16351	1.3862
16351	16352	1.3487
16352	16353	1.3455
16353	16354	1.3636
16354	16355	1.3980
16355	16356	1.3655
16356	16357	1.3649
16357	16358	1.3720
16358	16359	1.3483
16359	16360	1.3528
16360	16361	1.3278
16361	16362	1.3489
16362	16363	1.3059
16363	16364	1.3466
16364	16365	1.3310
16365	16366	1.2785
16366	16367	1.2975
16367	16368	1.2776
16368	16369	1.2950
16369	16370	1.2848
16370	16371	1.2883
16371	16372	1.2668
16372	16373	1.2960
16373	16374	1.3026
16374	16375	1.2874
16375	16376	1.3028
16376	16377	1.3263
16377	16378	1.3127
16378	16379	1.2729
16379	16380	1.3059
16380	16381	1.3115
16381	16382	1.2627
16382	16383	1.2687
16383	16384	1.3101
16384	16385	1.3471
16385	16386	1.3927
16386	16387	1.3823
16387	16388	1.3815
16388	16389	1.3482
16389	16390	1.3498
16390	16391	1.3389
16391	16392	1.3181
16392	16393	1.3705
16393	16394	1.3294
16394	16395	1.3688
16395	16396	1.3722
16396	16397	1.3493
16397	16398	1.3893
16398	16399	1.3879
16399	16400	1.3931
16400	16401	1.4097
16401	16402	1.4148
16402	16403	1.4470
16403	16404	1.4717
16404	16405	1.4541
16405	16406	1.4661
16406	16407	1.4749
16407	16408	1.4695
16408	16409	1.4842
16409	16410	1.4469
16410	16411	1.4547
16411	16412	1.4658
16412	16413	1.4209
16413	16414	1.4276
16414	16415	1.4890
16415	16416	1.4464
16416	16417	1.4801
16417	16418	1.4621
16418	16419	1.4245
16419	16420	1.4255
16420	16421	1.4566
16421	16422	1.4219
16422	16423	1.4309
16423	16424	1.4607
16424	16425	1.4477
16425	16426	1.5065
16426	16427	1.4828
16427	16428	1.4168
16428	16429	1.4357
16429	16430	1.4669
16430	16431	1.4350
16431	16432	1.4142
16432	16433	1.3849
16433	16434	1.4076
16434	16435	1.4170
16435	16436	1.4540
16436	16437	1.4322
16437	16438	1.3856
16438	16439	1.3940
16439	16440	1.3834
16440	16441	1.3755
16441	16442	1.3620
16442	16443	1.3790
16443	16444	1.3447
16444	16445	1.3866
16445	16446	1.3827
16446	16447	1.4114
16447	16448	1.4055
16448	16449	1.3704
16449	16450	1.3709
16450	16451	1.3476
16451	16452	1.3677
16452	16453	1.3866
16453	16454	1.4043
16454	16455	1.4127
16455	16456	1.3621
16456	16457	1.3940
16457	16458	1.4082
16458	16459	1.4412
16459	16460	1.4273
16460	16461	1.4054
16461	16462	1.4072
16462	16463	1.4155
16463	16464	1.4031
16464	16465	1.4207
16465	16466	1.4034
16466	16467	1.3943
16467	16468	1.3532
16468	16469	1.3494
16469	16470	1.3453
16470	16471	1.3136
16471	16472	1.3111
16472	16473	1.3198
16473	16474	1.3452
16474	16475	1.3317
16475	16476	1.3209
16476	16477	1.3147
16477	16478	1.3870
16478	16479	1.3806
16479	16480	1.3587
16480	16481	1.3198
16481	16482	1.3452
16482	16483	1.3228
16483	16484	1.3041
16484	16485	1.3281
16485	16486	1.3193
16486	16487	1.3200
16487	16488	1.3521
16488	16489	1.3584
16489	16490	1.3546
16490	16491	1.3476
16491	16492	1.3508
16492	16493	1.3829
16493	16494	1.3572
16494	16495	1.3515
16495	16496	1.4190
16496	16497	1.4122
16497	16498	1.4459
16498	16499	1.4630
16499	16500	1.4481
16500	16501	1.4298
16501	16502	1.4613
16502	16503	1.4822
16503	16504	1.5137
16504	16505	1.5070
16505	16506	1.4726
16506	16507	1.4490
16507	16508	1.4401
16508	16509	1.5224
16509	16510	1.4857
16510	16511	1.4817
16511	16512	1.4766
16512	16513	1.5409
16513	16514	1.5576
16514	16515	1.5314
16515	16516	1.5371
16516	16517	1.5084
16517	16518	1.5199
16518	16519	1.5422
16519	16520	1.5522
16520	16521	1.5382
16521	16522	1.5045
16522	16523	1.4957
16523	16524	1.5143
16524	16525	1.5110
16525	16526	1.5131
16526	16527	1.5287
16527	16528	1.5191
16528	16529	1.4942
16529	16530	1.5318
16530	16531	1.5557
16531	16532	1.5705
16532	16533	1.5260
16533	16534	1.5050
16534	16535	1.5190
16535	16536	1.5335
16536	16537	1.4979
16537	16538	1.5087
16538	16539	1.4831
16539	16540	1.5233
16540	16541	1.5127
16541	16542	1.4945
16542	16543	1.4908
16543	16544	1.5188
16544	16545	1.5384
16545	16546	1.5448
16546	16547	1.5717
16547	16548	1.5830
16548	16549	1.5703
16549	16550	1.5615
16550	16551	1.5186
16551	16552	1.5273
16552	16553	1.5296
16553	16554	1.5804
16554	16555	1.6145
16555	16556	1.6240
16556	16557	1.6642
16557	16558	1.6610
16558	16559	1.6453
16559	16560	1.5898
16560	16561	1.6299
16561	16562	1.5875
16562	16563	1.6215
16563	16564	1.6671
16564	16565	1.5714
16565	16566	1.5769
16566	16567	1.6087
16567	16568	1.6170
16568	16569	1.5875
16569	16570	1.6227
16570	16571	1.5792
16571	16572	1.6256
16572	16573	1.5865
16573	16574	1.5835
16574	16575	1.5692
16575	16576	1.6335
16576	16577	1.6693
16577	16578	1.6928
16578	16579	1.6408
16579	16580	1.6403
16580	16581	1.6278
16581	16582	1.6511
16582	16583	1.6688
16583	16584	1.6329
16584	16585	1.6070
16585	16586	1.6381
16586	16587	1.6620
16587	16588	1.6406
16588	16589	1.6182
16589	16590	1.6180
16590	16591	1.6299
16591	16592	1.6172
16592	16593	1.5992
16593	16594	1.6389
16594	16595	1.6139
16595	16596	1.6342
16596	16597	1.6277
16597	16598	1.6856
16598	16599	1.6678
16599	16600	1.6515
16600	16601	1.6582
16601	16602	1.6708
16602	16603	1.6808
16603	16604	1.6698
16604	16605	1.6868
16605	16606	1.6843
16606	16607	1.6468
16607	16608	1.6650
16608	16609	1.6680
16609	16610	1.6881
16610	16611	1.6368
16611	16612	1.6278
16612	16613	1.6340
16613	16614	1.5894
16614	16615	1.6495
16615	16616	1.6257
16616	16617	1.6421
16617	16618	1.6213
16618	16619	1.6388
16619	16620	1.6675
16620	16621	1.6862
16621	16622	1.6519
16622	16623	1.6539
16623	16624	1.6427
16624	16625	1.6488
16625	16626	1.6228
16626	16627	1.6067
16627	16628	1.6021
16628	16629	1.6757
16629	16630	1.6720
16630	16631	1.6096
16631	16632	1.6403
16632	16633	1.6692
16633	16634	1.6703
16634	16635	1.6624
16635	16636	1.7021
16636	16637	1.7434
16637	16638	1.7136
16638	16639	1.7097
16639	16640	1.7341
16640	16641	1.7203
16641	16642	1.7037
16642	16643	1.6690
16643	16644	1.7056
16644	16645	1.6961
16645	16646	1.7223
16646	16647	1.7046
16647	16648	1.7101
16648	16649	1.7088
16649	16650	1.6822
16650	16651	1.6942
16651	16652	1.6516
16652	16653	1.6371
16653	16654	1.6704
16654	16655	1.6569
16655	16656	1.6912
16656	16657	1.7010
16657	16658	1.6878
16658	16659	1.6703
16659	16660	1.6830
16660	16661	1.6772
16661	16662	1.6611
16662	16663	1.6421
16663	16664	1.6525
16664	16665	1.6314
16665	16666	1.6325
16666	16667	1.6162
16667	16668	1.6224
16668	16669	1.6317
16669	16670	1.5975
16670	16671	1.6479
16671	16672	1.6334
16672	16673	1.6114
16673	16674	1.5605
16674	16675	1.5689
16675	16676	1.5891
16676	16677	1.5543
16677	16678	1.5485
16678	16679	1.5756
16679	16680	1.5422
16680	16681	1.5931
16681	16682	1.5725
16682	16683	1.5632
16683	16684	1.5471
16684	16685	1.4954
16685	16686	1.5362
16686	16687	1.5366
16687	16688	1.5186
16688	16689	1.5353
16689	16690	1.5350
16690	16691	1.5272
16691	16692	1.5480
16692	16693	1.5557
16693	16694	1.5325
16694	16695	1.5147
16695	16696	1.5019
16696	16697	1.5170
16697	16698	1.4898
16698	16699	1.4800
16699	16700	1.4934
16700	16701	1.4920
16701	16702	1.4471
16702	16703	1.4749
16703	16704	1.4948
16704	16705	1.4731
16705	16706	1.4853
16706	16707	1.5207
16707	16708	1.5172
16708	16709	1.5960
16709	16710	1.5782
16710	16711	1.6029
16711	16712	1.6136
16712	16713	1.5765
16713	16714	1.5448
16714	16715	1.5719
16715	16716	1.5676
16716	16717	1.5882
16717	16718	1.6013
16718	16719	1.6433
16719	16720	1.6209
16720	16721	1.6414
16721	16722	1.6886
16722	16723	1.6319
16723	16724	1.6512
16724	16725	1.6409
16725	16726	1.6225
16726	16727	1.6494
16727	16728	1.6076
16728	16729	1.6734
16729	16730	1.7176
16730	16731	1.6797
16731	16732	1.6732
16732	16733	1.6261
16733	16734	1.6044
16734	16735	1.5836
16735	16736	1.5850
16736	16737	1.5435
16737	16738	1.5565
16738	16739	1.5219
16739	16740	1.5335
16740	16741	1.5046
16741	16742	1.5503
16742	16743	1.5315
16743	16744	1.5583
16744	16745	1.5663
16745	16746	1.5570
16746	16747	1.5398
16747	16748	1.5749
16748	16749	1.5263
16749	16750	1.5497
16750	16751	1.5002
16751	16752	1.5078
16752	16753	1.5086
16753	16754	1.5119
16754	16755	1.4364
16755	16756	1.4424
16756	16757	1.5027
16757	16758	1.5036
16758	16759	1.5200
16759	16760	1.5199
16760	16761	1.4825
16761	16762	1.5245
16762	16763	1.5163
16763	16764	1.5308
16764	16765	1.5076
16765	16766	1.5382
16766	16767	1.5831
16767	16768	1.6056
16768	16769	1.6067
16769	16770	1.5883
16770	16771	1.5791
16771	16772	1.5467
16772	16773	1.5371
16773	16774	1.5237
16774	16775	1.5211
16775	16776	1.4899
16776	16777	1.4759
16777	16778	1.4794
16778	16779	1.4804
16779	16780	1.4726
16780	16781	1.4422
16781	16782	1.4506
16782	16783	1.4852
16783	16784	1.5136
16784	16785	1.5453
16785	16786	1.5352
16786	16787	1.4863
16787	16788	1.4769
16788	16789	1.4955
16789	16790	1.4967
16790	16791	1.4602
16791	16792	1.4997
16792	16793	1.5076
16793	16794	1.5172
16794	16795	1.5278
16795	16796	1.5137
16796	16797	1.5236
16797	16798	1.5572
16798	16799	1.4953
16799	16800	1.5007
16800	16801	1.5237
16801	16802	1.5134
16802	16803	1.5273
16803	16804	1.5261
16804	16805	1.5247
16805	16806	1.5681
16806	16807	1.5705
16807	16808	1.5901
16808	16809	1.5574
16809	16810	1.5211
16810	16811	1.5295
16811	16812	1.5439
16812	16813	1.5762
16813	16814	1.5253
16814	16815	1.5213
16815	16816	1.5189
16816	16817	1.5059
16817	16818	1.4839
16818	16819	1.5032
16819	16820	1.5375
16820	16821	1.5178
16821	16822	1.5467
16822	16823	1.5621
16823	16824	1.5064
16824	16825	1.5136
16825	16826	1.4978
16826	16827	1.5513
16827	16828	1.5631
16828	16829	1.5629
16829	16830	1.4971
16830	16831	1.4918
16831	16832	1.4569
16832	16833	1.4120
16833	16834	1.4161
16834	16835	1.4359
16835	16836	1.4322
16836	16837	1.4058
16837	16838	1.4474
16838	16839	1.3989
16839	16840	1.4043
16840	16841	1.3784
16841	16842	1.3810
16842	16843	1.3796
16843	16844	1.3744
16844	16845	1.3947
16845	16846	1.4160
16846	16847	1.4596
16847	16848	1.4914
16848	16849	1.4667
16849	16850	1.4412
16850	16851	1.4454
16851	16852	1.4547
16852	16853	1.4430
16853	16854	1.4513
16854	16855	1.4300
16855	16856	1.4416
16856	16857	1.4353
16857	16858	1.4809
16858	16859	1.5327
16859	16860	1.5219
16860	16861	1.4678
16861	16862	1.4650
16862	16863	1.4681
16863	16864	1.4968
16864	16865	1.4906
16865	16866	1.4908
16866	16867	1.4953
16867	16868	1.4682
16868	16869	1.4841
16869	16870	1.4847
16870	16871	1.4792
16871	16872	1.4851
16872	16873	1.4840
16873	16874	1.4566
16874	16875	1.4177
16875	16876	1.4278
16876	16877	1.4178
16877	16878	1.4360
16878	16879	1.4262
16879	16880	1.4129
16880	16881	1.4305
16881	16882	1.4128
16882	16883	1.3807
16883	16884	1.4130
16884	16885	1.4061
16885	16886	1.4091
16886	16887	1.4204
16887	16888	1.3860
16888	16889	1.4005
16889	16890	1.3974
16890	16891	1.3902
16891	16892	1.4477
16892	16893	1.4557
16893	16894	1.4587
16894	16895	1.4744
16895	16896	1.4500
16896	16897	1.4591
16897	16898	1.4790
16898	16899	1.4635
16899	16900	1.4394
16900	16901	1.4355
16901	16902	1.4163
16902	16903	1.4297
16903	16904	1.4345
16904	16905	1.4443
16905	16906	1.4367
16906	16907	1.3900
16907	16908	1.4149
16908	16909	1.3884
16909	16910	1.4052
16910	16911	1.4191
16911	16912	1.4153
16912	16913	1.3670
16913	16914	1.3723
16914	16915	1.3606
16915	16916	1.4024
16916	16917	1.3757
16917	16918	1.3776
16918	16919	1.3249
16919	16920	1.3474
16920	16921	1.3156
16921	16922	1.2767
16922	16923	1.2873
16923	16924	1.2907
16924	16925	1.3240
16925	16926	1.2677
16926	16927	1.2752
16927	16928	1.3161
16928	16929	1.3764
16929	16930	1.3434
16930	16931	1.3276
16931	16932	1.3061
16932	16933	1.3008
16933	16934	1.3619
16934	16935	1.3334
16935	16936	1.3364
16936	16937	1.3545
16937	16938	1.3443
16938	16939	1.3938
16939	16940	1.3220
16940	16941	1.2922
16941	16942	1.2714
16942	16943	1.2310
16943	16944	1.2443
16944	16945	1.2334
16945	16946	1.2520
16946	16947	1.2622
16947	16948	1.2737
16948	16949	1.2589
16949	16950	1.2589
16950	16951	1.2690
16951	16952	1.2750
16952	16953	1.2858
16953	16954	1.3025
16954	16955	1.2800
16955	16956	1.2890
16956	16957	1.2660
16957	16958	1.2889
16958	16959	1.2898
16959	16960	1.2605
16960	16961	1.2948
16961	16962	1.2750
16962	16963	1.2541
16963	16964	1.2380
16964	16965	1.2585
16965	16966	1.2281
16966	16967	1.1983
16967	16968	1.2338
16968	16969	1.2503
16969	16970	1.2384
16970	16971	1.2213
16971	16972	1.2151
16972	16973	1.2185
16973	16974	1.2015
16974	16975	1.2365
16975	16976	1.2747
16976	16977	1.2641
16977	16978	1.2574
16978	16979	1.2394
16979	16980	1.2283
16980	16981	1.2154
16981	16982	1.2262
16982	16983	1.2165
16983	16984	1.2116
16984	16985	1.1566
16985	16986	1.1722
16986	16987	1.1409
16987	16988	1.1589
16988	16989	1.1795
16989	16990	1.1918
16990	16991	1.2323
16991	16992	1.2165
16992	16993	1.1930
16993	16994	1.1861
16994	16995	1.2097
16995	16996	1.2341
16996	16997	1.1885
16997	16998	1.1704
16998	16999	1.1881
16999	17000	1.1839
17000	17001	1.1538
17001	17002	1.1424
17002	17003	1.0962
17003	17004	1.0996
17004	17005	1.1131
17005	17006	1.1329
17006	17007	1.1162
17007	17008	1.1416
17008	17009	1.1371
17009	17010	1.1494
17010	17011	1.1466
17011	17012	1.1337
17012	17013	1.0997
17013	17014	1.1287
17014	17015	1.1465
17015	17016	1.0827
17016	17017	1.0920
17017	17018	1.1006
17018	17019	1.1005
17019	17020	1.0892
17020	17021	1.1132
17021	17022	1.1165
17022	17023	1.1342
17023	17024	1.1167
17024	17025	1.1480
17025	17026	1.1289
17026	17027	1.1620
17027	17028	1.1335
17028	17029	1.1473
17029	17030	1.1530
17030	17031	1.1380
17031	17032	1.1335
17032	17033	1.1696
17033	17034	1.1275
17034	17035	1.1663
17035	17036	1.1571
17036	17037	1.1927
17037	17038	1.1919
17038	17039	1.2053
17039	17040	1.2124
17040	17041	1.2457
17041	17042	1.2366
17042	17043	1.2226
17043	17044	1.2166
17044	17045	1.1841
17045	17046	1.1768
17046	17047	1.1917
17047	17048	1.1872
17048	17049	1.2170
17049	17050	1.2231
17050	17051	1.2133
17051	17052	1.2065
17052	17053	1.1751
17053	17054	1.1870
17054	17055	1.1656
17055	17056	1.2181
17056	17057	1.2062
17057	17058	1.2021
17058	17059	1.2431
17059	17060	1.2309
17060	17061	1.2638
17061	17062	1.2720
17062	17063	1.2292
17063	17064	1.2428
17064	17065	1.2478
17065	17066	1.2609
17066	17067	1.2764
17067	17068	1.2628
17068	17069	1.2674
17069	17070	1.2901
17070	17071	1.2968
17071	17072	1.2702
17072	17073	1.2642
17073	17074	1.2198
17074	17075	1.2298
17075	17076	1.2375
17076	17077	1.2575
17077	17078	1.2707
17078	17079	1.2250
17079	17080	1.2240
17080	17081	1.1803
17081	17082	1.2104
17082	17083	1.2289
17083	17084	1.2392
17084	17085	1.2025
17085	17086	1.1883
17086	17087	1.2213
17087	17088	1.2195
17088	17089	1.1965
17089	17090	1.2049
17090	17091	1.2212
17091	17092	1.2348
17092	17093	1.2643
17093	17094	1.2598
17094	17095	1.2958
17095	17096	1.3152
17096	17097	1.2993
17097	17098	1.3156
17098	17099	1.3200
17099	17100	1.2321
17100	17101	1.2569
17101	17102	1.2982
17102	17103	1.2866
17103	17104	1.3492
17104	17105	1.3037
17105	17106	1.2778
17106	17107	1.2710
17107	17108	1.2904
17108	17109	1.2772
17109	17110	1.3267
17110	17111	1.3029
17111	17112	1.2825
17112	17113	1.3003
17113	17114	1.2842
17114	17115	1.2988
17115	17116	1.2937
17116	17117	1.2549
17117	17118	1.2596
17118	17119	1.2678
17119	17120	1.2748
17120	17121	1.2544
17121	17122	1.2611
17122	17123	1.2607
17123	17124	1.2170
17124	17125	1.2263
17125	17126	1.2369
17126	17127	1.2664
17127	17128	1.2766
17128	17129	1.2917
17129	17130	1.3127
17130	17131	1.3028
17131	17132	1.3279
17132	17133	1.3543
17133	17134	1.3038
17134	17135	1.3527
17135	17136	1.3615
17136	17137	1.3602
17137	17138	1.3886
17138	17139	1.3797
17139	17140	1.3861
17140	17141	1.3751
17141	17142	1.3317
17142	17143	1.3643
17143	17144	1.3477
17144	17145	1.3689
17145	17146	1.3714
17146	17147	1.3367
17147	17148	1.3564
17148	17149	1.3551
17149	17150	1.3414
17150	17151	1.3396
17151	17152	1.2982
17152	17153	1.3237
17153	17154	1.2973
17154	17155	1.3274
17155	17156	1.3406
17156	17157	1.3468
17157	17158	1.3381
17158	17159	1.3115
17159	17160	1.3710
17160	17161	1.3174
17161	17162	1.3473
17162	17163	1.3313
17163	17164	1.3487
17164	17165	1.3031
17165	17166	1.3408
17166	17167	1.3512
17167	17168	1.4194
17168	17169	1.4174
17169	17170	1.4166
17170	17171	1.4157
17171	17172	1.3915
17172	17173	1.3492
17173	17174	1.3416
17174	17175	1.3269
17175	17176	1.3255
17176	17177	1.3434
17177	17178	1.3381
17178	17179	1.2908
17179	17180	1.3084
17180	17181	1.3039
17181	17182	1.2942
17182	17183	1.2892
17183	17184	1.2865
17184	17185	1.2920
17185	17186	1.3024
17186	17187	1.3078
17187	17188	1.2932
17188	17189	1.2544
17189	17190	1.3317
17190	17191	1.3422
17191	17192	1.3254
17192	17193	1.2840
17193	17194	1.3038
17194	17195	1.3049
17195	17196	1.2526
17196	17197	1.2536
17197	17198	1.2783
17198	17199	1.2575
17199	17200	1.2701
17200	17201	1.2136
17201	17202	1.2141
17202	17203	1.2086
17203	17204	1.1864
17204	17205	1.1999
17205	17206	1.1984
17206	17207	1.2395
17207	17208	1.2731
17208	17209	1.2817
17209	17210	1.2192
17210	17211	1.2539
17211	17212	1.2130
17212	17213	1.2400
17213	17214	1.2350
17214	17215	1.2207
17215	17216	1.2042
17216	17217	1.2179
17217	17218	1.2186
17218	17219	1.2455
17219	17220	1.2010
17220	17221	1.1904
17221	17222	1.2428
17222	17223	1.2203
17223	17224	1.1800
17224	17225	1.2206
17225	17226	1.1932
17226	17227	1.2175
17227	17228	1.1975
17228	17229	1.1708
17229	17230	1.1933
17230	17231	1.2096
17231	17232	1.2119
17232	17233	1.2124
17233	17234	1.1372
17234	17235	1.1568
17235	17236	1.1660
17236	17237	1.2094
17237	17238	1.1862
17238	17239	1.1760
17239	17240	1.1997
17240	17241	1.2056
17241	17242	1.1884
17242	17243	1.1894
17243	17244	1.1487
17244	17245	1.1673
17245	17246	1.1806
17246	17247	1.1817
17247	17248	1.1674
17248	17249	1.1986
17249	17250	1.1870
17250	17251	1.1210
17251	17252	1.1273
17252	17253	1.1584
17253	17254	1.1284
17254	17255	1.1021
17255	17256	1.1055
17256	17257	1.1187
17257	17258	1.1075
17258	17259	1.1134
17259	17260	1.1211
17260	17261	1.1450
17261	17262	1.1410
17262	17263	1.1166
17263	17264	1.1403
17264	17265	1.1377
17265	17266	1.1121
17266	17267	1.1178
17267	17268	1.1092
17268	17269	1.1098
17269	17270	1.1310
17270	17271	1.1038
17271	17272	1.1091
17272	17273	1.1310
17273	17274	1.1054
17274	17275	1.1277
17275	17276	1.0924
17276	17277	1.1115
17277	17278	1.1090
17278	17279	1.1302
17279	17280	1.1147
17280	17281	1.0656
17281	17282	1.0678
17282	17283	1.0724
17283	17284	1.1132
17284	17285	1.1135
17285	17286	1.1141
17286	17287	1.1079
17287	17288	1.1389
17288	17289	1.1464
17289	17290	1.1190
17290	17291	1.1342
17291	17292	1.0961
17292	17293	1.1083
17293	17294	1.1425
17294	17295	1.1804
17295	17296	1.1535
17296	17297	1.1591
17297	17298	1.1239
17298	17299	1.1300
17299	17300	1.1624
17300	17301	1.1772
17301	17302	1.1817
17302	17303	1.1547
17303	17304	1.1799
17304	17305	1.1447
17305	17306	1.1646
17306	17307	1.1231
17307	17308	1.1520
17308	17309	1.1601
17309	17310	1.1906
17310	17311	1.1485
17311	17312	1.1605
17312	17313	1.1861
17313	17314	1.1555
17314	17315	1.1249
17315	17316	1.1148
17316	17317	1.1404
17317	17318	1.1528
17318	17319	1.1179
17319	17320	1.1291
17320	17321	1.0993
17321	17322	1.0556
17322	17323	1.1148
17323	17324	1.1299
17324	17325	1.1157
17325	17326	1.1118
17326	17327	1.1006
17327	17328	1.1172
17328	17329	1.1091
17329	17330	1.0984
17330	17331	1.1341
17331	17332	1.1211
17332	17333	1.1220
17333	17334	1.1117
17334	17335	1.0984
17335	17336	1.1327
17336	17337	1.1159
17337	17338	1.1559
17338	17339	1.1342
17339	17340	1.1653
17340	17341	1.1684
17341	17342	1.1447
17342	17343	1.1677
17343	17344	1.1774
17344	17345	1.1834
17345	17346	1.2031
17346	17347	1.1765
17347	17348	1.1707
17348	17349	1.1474
17349	17350	1.1305
17350	17351	1.1522
17351	17352	1.1625
17352	17353	1.1774
17353	17354	1.1633
17354	17355	1.1881
17355	17356	1.1679
17356	17357	1.1728
17357	17358	1.1853
17358	17359	1.1759
17359	17360	1.2221
17360	17361	1.2220
17361	17362	1.2476
17362	17363	1.2582
17363	17364	1.2746
17364	17365	1.2722
17365	17366	1.1977
17366	17367	1.2033
17367	17368	1.2124
17368	17369	1.1986
17369	17370	1.2017
17370	17371	1.2302
17371	17372	1.2054
17372	17373	1.2149
17373	17374	1.2085
17374	17375	1.1982
17375	17376	1.2273
17376	17377	1.1940
17377	17378	1.1908
17378	17379	1.1878
17379	17380	1.1774
17380	17381	1.2054
17381	17382	1.1673
17382	17383	1.1693
17383	17384	1.1522
17384	17385	1.1741
17385	17386	1.2011
17386	17387	1.2298
17387	17388	1.1804
17388	17389	1.2679
17389	17390	1.2286
17390	17391	1.2346
17391	17392	1.2092
17392	17393	1.2436
17393	17394	1.2073
17394	17395	1.2312
17395	17396	1.2591
17396	17397	1.2392
17397	17398	1.2446
17398	17399	1.2830
17399	17400	1.2306
17400	17401	1.2169
17401	17402	1.2266
17402	17403	1.2676
17403	17404	1.2796
17404	17405	1.2784
17405	17406	1.2593
17406	17407	1.2455
17407	17408	1.2877
17408	17409	1.2812
17409	17410	1.3032
17410	17411	1.3344
17411	17412	1.3232
17412	17413	1.3381
17413	17414	1.2924
17414	17415	1.2700
17415	17416	1.2698
17416	17417	1.2982
17417	17418	1.2968
17418	17419	1.2698
17419	17420	1.2728
17420	17421	1.2725
17421	17422	1.2657
17422	17423	1.2328
17423	17424	1.2301
17424	17425	1.2909
17425	17426	1.2873
17426	17427	1.2482
17427	17428	1.2214
17428	17429	1.2408
17429	17430	1.2624
17430	17431	1.2598
17431	17432	1.2862
17432	17433	1.2733
17433	17434	1.3053
17434	17435	1.2359
17435	17436	1.2303
17436	17437	1.2769
17437	17438	1.2720
17438	17439	1.2793
17439	17440	1.2709
17440	17441	1.2595
17441	17442	1.2742
17442	17443	1.2977
17443	17444	1.2675
17444	17445	1.2628
17445	17446	1.2609
17446	17447	1.2233
17447	17448	1.2144
17448	17449	1.2037
17449	17450	1.1754
17450	17451	1.2195
17451	17452	1.2693
17452	17453	1.2789
17453	17454	1.2715
17454	17455	1.2933
17455	17456	1.2789
17456	17457	1.3152
17457	17458	1.2963
17458	17459	1.2853
17459	17460	1.2469
17460	17461	1.2747
17461	17462	1.2811
17462	17463	1.2630
17463	17464	1.2824
17464	17465	1.2611
17465	17466	1.2627
17466	17467	1.3032
17467	17468	1.2603
17468	17469	1.2641
17469	17470	1.2399
17470	17471	1.2362
17471	17472	1.2597
17472	17473	1.2219
17473	17474	1.2227
17474	17475	1.2771
17475	17476	1.2722
17476	17477	1.2629
17477	17478	1.2347
17478	17479	1.2377
17479	17480	1.2340
17480	17481	1.2765
17481	17482	1.2269
17482	17483	1.2623
17483	17484	1.2265
17484	17485	1.2708
17485	17486	1.2515
17486	17487	1.2296
17487	17488	1.2904
17488	17489	1.2524
17489	17490	1.2029
17490	17491	1.2085
17491	17492	1.1897
17492	17493	1.1625
17493	17494	1.1697
17494	17495	1.1574
17495	17496	1.1708
17496	17497	1.1522
17497	17498	1.1702
17498	17499	1.1862
17499	17500	1.1642
17500	17501	1.1644
17501	17502	1.1673
17502	17503	1.1416
17503	17504	1.1587
17504	17505	1.1219
17505	17506	1.1563
17506	17507	1.1796
17507	17508	1.1239
17508	17509	1.1302
17509	17510	1.1424
17510	17511	1.1582
17511	17512	1.1603
17512	17513	1.1469
17513	17514	1.1345
17514	17515	1.1080
17515	17516	1.1249
17516	17517	1.1526
17517	17518	1.1986
17518	17519	1.1741
17519	17520	1.1655
17520	17521	1.1593
17521	17522	1.1610
17522	17523	1.1382
17523	17524	1.1590
17524	17525	1.1220
17525	17526	1.1567
17526	17527	1.1367
17527	17528	1.1553
17528	17529	1.1410
17529	17530	1.1266
17530	17531	1.1306
17531	17532	1.1332
17532	17533	1.1411
17533	17534	1.1827
17534	17535	1.1821
17535	17536	1.1978
17536	17537	1.2596
17537	17538	1.2196
17538	17539	1.1690
17539	17540	1.2164
17540	17541	1.1911
17541	17542	1.1766
17542	17543	1.2087
17543	17544	1.1670
17544	17545	1.1668
17545	17546	1.1742
17546	17547	1.1275
17547	17548	1.1507
17548	17549	1.1376
17549	17550	1.1623
17550	17551	1.1565
17551	17552	1.1716
17552	17553	1.1323
17553	17554	1.1717
17554	17555	1.1582
17555	17556	1.1478
17556	17557	1.1284
17557	17558	1.1425
17558	17559	1.1699
17559	17560	1.1821
17560	17561	1.1771
17561	17562	1.1782
17562	17563	1.1926
17563	17564	1.1822
17564	17565	1.1317
17565	17566	1.1552
17566	17567	1.1242
17567	17568	1.1881
17568	17569	1.1768
17569	17570	1.2437
17570	17571	1.2369
17571	17572	1.2188
17572	17573	1.2030
17573	17574	1.1962
17574	17575	1.2149
17575	17576	1.2183
17576	17577	1.2097
17577	17578	1.2005
17578	17579	1.1727
17579	17580	1.1811
17580	17581	1.1966
17581	17582	1.2180
17582	17583	1.2291
17583	17584	1.2234
17584	17585	1.2471
17585	17586	1.2197
17586	17587	1.1763
17587	17588	1.1541
17588	17589	1.1441
17589	17590	1.1505
17590	17591	1.1940
17591	17592	1.1557
17592	17593	1.1801
17593	17594	1.1727
17594	17595	1.1443
17595	17596	1.1647
17596	17597	1.1420
17597	17598	1.1626
17598	17599	1.1810
17599	17600	1.1615
17600	17601	1.1865
17601	17602	1.1920
17602	17603	1.1317
17603	17604	1.1259
17604	17605	1.1207
17605	17606	1.1446
17606	17607	1.1616
17607	17608	1.1891
17608	17609	1.1588
17609	17610	1.1307
17610	17611	1.1559
17611	17612	1.1938
17612	17613	1.1554
17613	17614	1.1570
17614	17615	1.1777
17615	17616	1.1492
17616	17617	1.1960
17617	17618	1.1813
17618	17619	1.1667
17619	17620	1.1888
17620	17621	1.2068
17621	17622	1.1982
17622	17623	1.2101
17623	17624	1.2521
17624	17625	1.2233
17625	17626	1.1976
17626	17627	1.1979
17627	17628	1.1749
17628	17629	1.1675
17629	17630	1.1516
17630	17631	1.1964
17631	17632	1.2135
17632	17633	1.2535
17633	17634	1.2425
17634	17635	1.2534
17635	17636	1.2382
17636	17637	1.2112
17637	17638	1.2260
17638	17639	1.2285
17639	17640	1.2340
17640	17641	1.2715
17641	17642	1.2639
17642	17643	1.2114
17643	17644	1.2141
17644	17645	1.2494
17645	17646	1.1978
17646	17647	1.2227
17647	17648	1.2348
17648	17649	1.2081
17649	17650	1.1728
17650	17651	1.2102
17651	17652	1.1885
17652	17653	1.2038
17653	17654	1.1841
17654	17655	1.1880
17655	17656	1.1997
17656	17657	1.1508
17657	17658	1.1724
17658	17659	1.1752
17659	17660	1.1363
17660	17661	1.1718
17661	17662	1.1755
17662	17663	1.1895
17663	17664	1.1999
17664	17665	1.2255
17665	17666	1.1976
17666	17667	1.1979
17667	17668	1.1220
17668	17669	1.1049
17669	17670	1.1041
17670	17671	1.0782
17671	17672	1.0831
17672	17673	1.0971
17673	17674	1.1024
17674	17675	1.1413
17675	17676	1.1531
17676	17677	1.1683
17677	17678	1.2063
17678	17679	1.2205
17679	17680	1.1996
17680	17681	1.2092
17681	17682	1.2072
17682	17683	1.2123
17683	17684	1.2053
17684	17685	1.1767
17685	17686	1.1878
17686	17687	1.1916
17687	17688	1.2068
17688	17689	1.2167
17689	17690	1.2336
17690	17691	1.2102
17691	17692	1.1406
17692	17693	1.1663
17693	17694	1.1989
17694	17695	1.2348
17695	17696	1.2311
17696	17697	1.2347
17697	17698	1.2105
17698	17699	1.2074
17699	17700	1.1698
17700	17701	1.1808
17701	17702	1.1686
17702	17703	1.1496
17703	17704	1.1590
17704	17705	1.1745
17705	17706	1.1414
17706	17707	1.1319
17707	17708	1.1202
17708	17709	1.1322
17709	17710	1.1325
17710	17711	1.1201
17711	17712	1.1517
17712	17713	1.1480
17713	17714	1.1790
17714	17715	1.2076
17715	17716	1.1847
17716	17717	1.1662
17717	17718	1.1587
17718	17719	1.1851
17719	17720	1.2163
17720	17721	1.1829
17721	17722	1.2070
17722	17723	1.2042
17723	17724	1.1959
17724	17725	1.1857
17725	17726	1.1909
17726	17727	1.1787
17727	17728	1.2629
17728	17729	1.2532
17729	17730	1.2500
17730	17731	1.2296
17731	17732	1.2067
17732	17733	1.2075
17733	17734	1.1784
17734	17735	1.1245
17735	17736	1.1386
17736	17737	1.1406
17737	17738	1.1667
17738	17739	1.1077
17739	17740	1.1150
17740	17741	1.1586
17741	17742	1.1748
17742	17743	1.1667
17743	17744	1.1446
17744	17745	1.1573
17745	17746	1.1331
17746	17747	1.1368
17747	17748	1.1736
17748	17749	1.1922
17749	17750	1.1782
17750	17751	1.1917
17751	17752	1.1824
17752	17753	1.2384
17753	17754	1.2243
17754	17755	1.1801
17755	17756	1.2002
17756	17757	1.2558
17757	17758	1.2089
17758	17759	1.2014
17759	17760	1.2025
17760	17761	1.1652
17761	17762	1.1657
17762	17763	1.2018
17763	17764	1.1547
17764	17765	1.1653
17765	17766	1.1165
17766	17767	1.1436
17767	17768	1.1469
17768	17769	1.1257
17769	17770	1.1224
17770	17771	1.1119
17771	17772	1.0966
17772	17773	1.1178
17773	17774	1.1195
17774	17775	1.1538
17775	17776	1.1287
17776	17777	1.1217
17777	17778	1.1200
17778	17779	1.1176
17779	17780	1.1035
17780	17781	1.1153
17781	17782	1.1222
17782	17783	1.1003
17783	17784	1.1102
17784	17785	1.1254
17785	17786	1.1178
17786	17787	1.1658
17787	17788	1.1480
17788	17789	1.1552
17789	17790	1.1610
17790	17791	1.1548
17791	17792	1.1584
17792	17793	1.1168
17793	17794	1.1647
17794	17795	1.1542
17795	17796	1.1566
17796	17797	1.1319
17797	17798	1.1428
17798	17799	1.1063
17799	17800	1.0704
17800	17801	1.1168
17801	17802	1.1160
17802	17803	1.1155
17803	17804	1.1295
17804	17805	1.1575
17805	17806	1.1246
17806	17807	1.1263
17807	17808	1.1252
17808	17809	1.1305
17809	17810	1.1099
17810	17811	1.0974
17811	17812	1.0780
17812	17813	1.1212
17813	17814	1.1080
17814	17815	1.0959
17815	17816	1.1104
17816	17817	1.1252
17817	17818	1.1109
17818	17819	1.0597
17819	17820	1.0723
17820	17821	1.0634
17821	17822	1.0300
17822	17823	1.0500
17823	17824	1.0507
17824	17825	1.0070
17825	17826	1.0326
17826	17827	1.0416
17827	17828	1.0620
17828	17829	1.0489
17829	17830	1.0515
17830	17831	1.0662
17831	17832	1.0883
17832	17833	1.1211
17833	17834	1.1514
17834	17835	1.1348
17835	17836	1.1369
17836	17837	1.1115
17837	17838	1.0737
17838	17839	1.0509
17839	17840	1.1187
17840	17841	1.0624
17841	17842	1.0893
17842	17843	1.0971
17843	17844	1.1459
17844	17845	1.1358
17845	17846	1.1562
17846	17847	1.1521
17847	17848	1.1840
17848	17849	1.1855
17849	17850	1.1704
17850	17851	1.1638
17851	17852	1.1798
17852	17853	1.1380
17853	17854	1.1791
17854	17855	1.1844
17855	17856	1.1450
17856	17857	1.1810
17857	17858	1.1685
17858	17859	1.2111
17859	17860	1.2175
17860	17861	1.1931
17861	17862	1.1574
17862	17863	1.1708
17863	17864	1.1797
17864	17865	1.1754
17865	17866	1.1248
17866	17867	1.1627
17867	17868	1.1555
17868	17869	1.1532
17869	17870	1.1711
17870	17871	1.1608
17871	17872	1.1373
17872	17873	1.1281
17873	17874	1.1292
17874	17875	1.1265
17875	17876	1.1413
17876	17877	1.1001
17877	17878	1.1529
17878	17879	1.1311
17879	17880	1.1631
17880	17881	1.1335
17881	17882	1.1249
17882	17883	1.1225
17883	17884	1.0666
17884	17885	1.1421
17885	17886	1.1980
17886	17887	1.1664
17887	17888	1.1608
17888	17889	1.1544
17889	17890	1.1790
17890	17891	1.1659
17891	17892	1.1822
17892	17893	1.1712
17893	17894	1.1915
17894	17895	1.2033
17895	17896	1.2084
17896	17897	1.1522
17897	17898	1.1880
17898	17899	1.2146
17899	17900	1.1919
17900	17901	1.1920
17901	17902	1.2180
17902	17903	1.1871
17903	17904	1.1899
17904	17905	1.1755
17905	17906	1.1587
17906	17907	1.1623
17907	17908	1.1706
17908	17909	1.2183
17909	17910	1.1796
17910	17911	1.1686
17911	17912	1.1711
17912	17913	1.1795
17913	17914	1.1749
17914	17915	1.1757
17915	17916	1.1722
17916	17917	1.1880
17917	17918	1.1868
17918	17919	1.1367
17919	17920	1.1287
17920	17921	1.1579
17921	17922	1.1230
17922	17923	1.1516
17923	17924	1.1666
17924	17925	1.1408
17925	17926	1.1706
17926	17927	1.2006
17927	17928	1.1684
17928	17929	1.1726
17929	17930	1.1750
17930	17931	1.1751
17931	17932	1.2029
17932	17933	1.1859
17933	17934	1.1782
17934	17935	1.1994
17935	17936	1.1434
17936	17937	1.1262
17937	17938	1.1483
17938	17939	1.1832
17939	17940	1.2372
17940	17941	1.2498
17941	17942	1.2690
17942	17943	1.2778
17943	17944	1.2273
17944	17945	1.2418
17945	17946	1.2655
17946	17947	1.2307
17947	17948	1.2024
17948	17949	1.1827
17949	17950	1.1476
17950	17951	1.1538
17951	17952	1.1785
17952	17953	1.1434
17953	17954	1.1578
17954	17955	1.2040
17955	17956	1.2074
17956	17957	1.2060
17957	17958	1.1859
17958	17959	1.1974
17959	17960	1.2090
17960	17961	1.2563
17961	17962	1.2545
17962	17963	1.2631
17963	17964	1.2623
17964	17965	1.2675
17965	17966	1.2341
17966	17967	1.2265
17967	17968	1.2130
17968	17969	1.2419
17969	17970	1.2066
17970	17971	1.2011
17971	17972	1.2046
17972	17973	1.1791
17973	17974	1.1826
17974	17975	1.1676
17975	17976	1.2019
17976	17977	1.1822
17977	17978	1.1515
17978	17979	1.1630
17979	17980	1.1563
17980	17981	1.1406
17981	17982	1.2025
17982	17983	1.2168
17983	17984	1.2059
17984	17985	1.2184
17985	17986	1.2253
17986	17987	1.2092
17987	17988	1.1673
17988	17989	1.2279
17989	17990	1.2049
17990	17991	1.1563
17991	17992	1.1346
17992	17993	1.1574
17993	17994	1.1527
17994	17995	1.1234
17995	17996	1.1494
17996	17997	1.1471
17997	17998	1.1284
17998	17999	1.1501
17999	18000	1.1519
18000	18001	1.1717
18001	18002	1.1716
18002	18003	1.1097
18003	18004	1.1522
18004	18005	1.1054
18005	18006	1.1267
18006	18007	1.1361
18007	18008	1.1660
18008	18009	1.1671
18009	18010	1.1389
18010	18011	1.1548
18011	18012	1.1301
18012	18013	1.1318
18013	18014	1.1695
18014	18015	1.1570
18015	18016	1.1503
18016	18017	1.1712
18017	18018	1.1565
18018	18019	1.1767
18019	18020	1.1986
18020	18021	1.2294
18021	18022	1.1841
18022	18023	1.1915
18023	18024	1.1856
18024	18025	1.1714
18025	18026	1.2169
18026	18027	1.1681
18027	18028	1.1700
18028	18029	1.1878
18029	18030	1.1657
18030	18031	1.1401
18031	18032	1.1671
18032	18033	1.2026
18033	18034	1.1679
18034	18035	1.1707
18035	18036	1.1602
18036	18037	1.1255
18037	18038	1.1767
18038	18039	1.1507
18039	18040	1.1640
18040	18041	1.1722
18041	18042	1.1711
18042	18043	1.1481
18043	18044	1.1668
18044	18045	1.1795
18045	18046	1.1196
18046	18047	1.1207
18047	18048	1.1479
18048	18049	1.1533
18049	18050	1.1657
18050	18051	1.1763
18051	18052	1.1434
18052	18053	1.1470
18053	18054	1.1603
18054	18055	1.1617
18055	18056	1.1910
18056	18057	1.1660
18057	18058	1.1886
18058	18059	1.1567
18059	18060	1.1889
18060	18061	1.1897
18061	18062	1.1890
18062	18063	1.1728
18063	18064	1.2002
18064	18065	1.1522
18065	18066	1.1611
18066	18067	1.1391
18067	18068	1.1384
18068	18069	1.1321
18069	18070	1.1351
18070	18071	1.1526
18071	18072	1.2015
18072	18073	1.2007
18073	18074	1.2114
18074	18075	1.1982
18075	18076	1.2155
18076	18077	1.1857
18077	18078	1.1841
18078	18079	1.2330
18079	18080	1.2176
18080	18081	1.1992
18081	18082	1.2070
18082	18083	1.2387
18083	18084	1.2268
18084	18085	1.2064
18085	18086	1.2147
18086	18087	1.1538
18087	18088	1.1266
18088	18089	1.0883
18089	18090	1.1128
18090	18091	1.1558
18091	18092	1.1616
18092	18093	1.1715
18093	18094	1.2208
18094	18095	1.1901
18095	18096	1.1884
18096	18097	1.1984
18097	18098	1.1954
18098	18099	1.1822
18099	18100	1.1428
18100	18101	1.1230
18101	18102	1.1368
18102	18103	1.1924
18103	18104	1.1392
18104	18105	1.1067
18105	18106	1.1363
18106	18107	1.0693
18107	18108	1.0592
18108	18109	1.1030
18109	18110	1.1138
18110	18111	1.1494
18111	18112	1.1460
18112	18113	1.1734
18113	18114	1.1959
18114	18115	1.1967
18115	18116	1.1785
18116	18117	1.1537
18117	18118	1.2121
18118	18119	1.1782
18119	18120	1.1702
18120	18121	1.1917
18121	18122	1.1626
18122	18123	1.1719
18123	18124	1.1498
18124	18125	1.1221
18125	18126	1.1344
18126	18127	1.1462
18127	18128	1.1365
18128	18129	1.1170
18129	18130	1.1338
18130	18131	1.1185
18131	18132	1.0982
18132	18133	1.1246
18133	18134	1.1234
18134	18135	1.1672
18135	18136	1.1679
18136	18137	1.1555
18137	18138	1.1801
18138	18139	1.1984
18139	18140	1.2136
18140	18141	1.2304
18141	18142	1.2418
18142	18143	1.2086
18143	18144	1.1736
18144	18145	1.1860
18145	18146	1.2173
18146	18147	1.1841
18147	18148	1.1871
18148	18149	1.1511
18149	18150	1.1871
18150	18151	1.1709
18151	18152	1.1669
18152	18153	1.1707
18153	18154	1.1739
18154	18155	1.1968
18155	18156	1.1809
18156	18157	1.2283
18157	18158	1.1911
18158	18159	1.2224
18159	18160	1.1833
18160	18161	1.1526
18161	18162	1.1754
18162	18163	1.1167
18163	18164	1.1574
18164	18165	1.1300
18165	18166	1.1369
18166	18167	1.1735
18167	18168	1.1935
18168	18169	1.2043
18169	18170	1.2022
18170	18171	1.2555
18171	18172	1.2579
18172	18173	1.2531
18173	18174	1.2655
18174	18175	1.2529
18175	18176	1.2287
18176	18177	1.2233
18177	18178	1.1980
18178	18179	1.1985
18179	18180	1.2538
18180	18181	1.2238
18181	18182	1.2498
18182	18183	1.2277
18183	18184	1.1746
18184	18185	1.1488
18185	18186	1.1520
18186	18187	1.1493
18187	18188	1.2040
18188	18189	1.1915
18189	18190	1.2145
18190	18191	1.1934
18191	18192	1.1899
18192	18193	1.1755
18193	18194	1.1647
18194	18195	1.1608
18195	18196	1.1548
18196	18197	1.2188
18197	18198	1.2318
18198	18199	1.2027
18199	18200	1.2109
18200	18201	1.1856
18201	18202	1.2219
18202	18203	1.2666
18203	18204	1.2391
18204	18205	1.2489
18205	18206	1.2150
18206	18207	1.2447
18207	18208	1.2462
18208	18209	1.2661
18209	18210	1.2437
18210	18211	1.2116
18211	18212	1.1888
18212	18213	1.2458
18213	18214	1.1913
18214	18215	1.1854
18215	18216	1.1785
18216	18217	1.2070
18217	18218	1.1955
18218	18219	1.1927
18219	18220	1.1401
18220	18221	1.1606
18221	18222	1.1703
18222	18223	1.1785
18223	18224	1.1513
18224	18225	1.1878
18225	18226	1.2446
18226	18227	1.2445
18227	18228	1.2360
18228	18229	1.1844
18229	18230	1.2233
18230	18231	1.2187
18231	18232	1.2118
18232	18233	1.1985
18233	18234	1.2578
18234	18235	1.2300
18235	18236	1.2613
18236	18237	1.2516
18237	18238	1.2411
18238	18239	1.2659
18239	18240	1.3057
18240	18241	1.2280
18241	18242	1.1903
18242	18243	1.2550
18243	18244	1.2601
18244	18245	1.2478
18245	18246	1.2736
18246	18247	1.3240
18247	18248	1.2844
18248	18249	1.2642
18249	18250	1.2424
18250	18251	1.2385
18251	18252	1.2247
18252	18253	1.2259
18253	18254	1.2271
18254	18255	1.2406
18255	18256	1.2097
18256	18257	1.2143
18257	18258	1.2641
18258	18259	1.2478
18259	18260	1.2251
18260	18261	1.2624
18261	18262	1.2645
18262	18263	1.2484
18263	18264	1.2706
18264	18265	1.2700
18265	18266	1.2944
18266	18267	1.2889
18267	18268	1.2884
18268	18269	1.2840
18269	18270	1.2850
18270	18271	1.2974
18271	18272	1.2974
18272	18273	1.2696
18273	18274	1.2605
18274	18275	1.2657
18275	18276	1.2541
18276	18277	1.2668
18277	18278	1.2941
18278	18279	1.3008
18279	18280	1.3366
18280	18281	1.3175
18281	18282	1.2946
18282	18283	1.2982
18283	18284	1.2518
18284	18285	1.2145
18285	18286	1.2198
18286	18287	1.2498
18287	18288	1.2250
18288	18289	1.2505
18289	18290	1.2429
18290	18291	1.2471
18291	18292	1.2417
18292	18293	1.1794
18293	18294	1.1736
18294	18295	1.1676
18295	18296	1.2046
18296	18297	1.1986
18297	18298	1.1589
18298	18299	1.1716
18299	18300	1.2404
18300	18301	1.2052
18301	18302	1.2028
18302	18303	1.1796
18303	18304	1.1715
18304	18305	1.1832
18305	18306	1.1480
18306	18307	1.1729
18307	18308	1.1983
18308	18309	1.1762
18309	18310	1.1569
18310	18311	1.1768
18311	18312	1.1970
18312	18313	1.1481
18313	18314	1.1795
18314	18315	1.1978
18315	18316	1.1892
18316	18317	1.2037
18317	18318	1.1948
18318	18319	1.1932
18319	18320	1.1800
18320	18321	1.1530
18321	18322	1.1503
18322	18323	1.1366
18323	18324	1.1062
18324	18325	1.1025
18325	18326	1.1329
18326	18327	1.1413
18327	18328	1.1241
18328	18329	1.1401
18329	18330	1.1499
18330	18331	1.1872
18331	18332	1.1584
18332	18333	1.2011
18333	18334	1.2262
18334	18335	1.1965
18335	18336	1.2009
18336	18337	1.1896
18337	18338	1.2140
18338	18339	1.1937
18339	18340	1.2189
18340	18341	1.2384
18341	18342	1.3000
18342	18343	1.2429
18343	18344	1.2486
18344	18345	1.2419
18345	18346	1.2215
18346	18347	1.2291
18347	18348	1.2070
18348	18349	1.1773
18349	18350	1.1780
18350	18351	1.1932
18351	18352	1.1931
18352	18353	1.1574
18353	18354	1.1685
18354	18355	1.1432
18355	18356	1.1499
18356	18357	1.1382
18357	18358	1.0949
18358	18359	1.1112
18359	18360	1.0857
18360	18361	1.1094
18361	18362	1.1032
18362	18363	1.1005
18363	18364	1.1049
18364	18365	1.1434
18365	18366	1.1354
18366	18367	1.1574
18367	18368	1.1220
18368	18369	1.1276
18369	18370	1.1507
18370	18371	1.1638
18371	18372	1.1728
18372	18373	1.1890
18373	18374	1.1855
18374	18375	1.1113
18375	18376	1.1156
18376	18377	1.1238
18377	18378	1.1465
18378	18379	1.2037
18379	18380	1.1594
18380	18381	1.1633
18381	18382	1.1888
18382	18383	1.1943
18383	18384	1.1757
18384	18385	1.1894
18385	18386	1.1880
18386	18387	1.1806
18387	18388	1.2035
18388	18389	1.2167
18389	18390	1.2662
18390	18391	1.2337
18391	18392	1.1850
18392	18393	1.1994
18393	18394	1.2388
18394	18395	1.2367
18395	18396	1.2793
18396	18397	1.2085
18397	18398	1.2141
18398	18399	1.2668
18399	18400	1.2489
18400	18401	1.2854
18401	18402	1.2806
18402	18403	1.2327
18403	18404	1.2420
18404	18405	1.1856
18405	18406	1.2026
18406	18407	1.2482
18407	18408	1.2215
18408	18409	1.2265
18409	18410	1.2321
18410	18411	1.2340
18411	18412	1.1946
18412	18413	1.1893
18413	18414	1.2392
18414	18415	1.1900
18415	18416	1.1571
18416	18417	1.1579
18417	18418	1.1630
18418	18419	1.1510
18419	18420	1.1292
18420	18421	1.1701
18421	18422	1.2052
18422	18423	1.2185
18423	18424	1.1547
18424	18425	1.1526
18425	18426	1.1445
18426	18427	1.0981
18427	18428	1.0587
18428	18429	1.0502
18429	18430	1.0342
18430	18431	1.0010
18431	18432	1.0077
18432	18433	1.0334
18433	18434	1.0698
18434	18435	1.0837
18435	18436	1.1025
18436	18437	1.0898
18437	18438	1.0879
18438	18439	1.1043
18439	18440	1.1260
18440	18441	1.1328
18441	18442	1.0910
18442	18443	1.1555
18443	18444	1.1423
18444	18445	1.1194
18445	18446	1.0986
18446	18447	1.1126
18447	18448	1.1333
18448	18449	1.1618
18449	18450	1.1366
18450	18451	1.0885
18451	18452	1.0678
18452	18453	1.0678
18453	18454	1.0624
18454	18455	1.0815
18455	18456	1.0927
18456	18457	1.0775
18457	18458	1.0457
18458	18459	1.0441
18459	18460	1.0691
18460	18461	1.0459
18461	18462	1.0653
18462	18463	1.0827
18463	18464	1.0723
18464	18465	1.1064
18465	18466	1.0940
18466	18467	1.0823
18467	18468	1.0719
18468	18469	1.0350
18469	18470	1.0891
18470	18471	1.0908
18471	18472	1.0600
18472	18473	1.0548
18473	18474	1.0739
18474	18475	1.0742
18475	18476	1.0827
18476	18477	1.0923
18477	18478	1.0371
18478	18479	1.0196
18479	18480	1.0492
18480	18481	1.0423
18481	18482	1.0493
18482	18483	1.0168
18483	18484	1.0555
18484	18485	1.0445
18485	18486	1.0651
18486	18487	1.0517
18487	18488	1.0743
18488	18489	1.0717
18489	18490	1.0832
18490	18491	1.0708
18491	18492	1.0335
18492	18493	1.0448
18493	18494	1.0412
18494	18495	1.1149
18495	18496	1.1016
18496	18497	1.0696
18497	18498	1.0493
18498	18499	1.1022
18499	18500	1.1159
18500	18501	1.1096
18501	18502	1.0954
18502	18503	1.1292
18503	18504	1.0933
18504	18505	1.0775
18505	18506	1.0967
18506	18507	1.0736
18507	18508	1.0837
18508	18509	1.1295
18509	18510	1.1029
18510	18511	1.0918
18511	18512	1.1064
18512	18513	1.1212
18513	18514	1.1034
18514	18515	1.0756
18515	18516	1.0868
18516	18517	1.0902
18517	18518	1.0756
18518	18519	1.0728
18519	18520	1.0662
18520	18521	1.0572
18521	18522	1.0426
18522	18523	1.0380
18523	18524	1.0554
18524	18525	1.0318
18525	18526	1.0640
18526	18527	1.0395
18527	18528	1.0547
18528	18529	1.0038
18529	18530	1.0068
18530	18531	1.0425
18531	18532	1.0539
18532	18533	1.0749
18533	18534	1.0574
18534	18535	1.0985
18535	18536	1.0617
18536	18537	1.0874
18537	18538	1.0873
18538	18539	1.1284
18539	18540	1.1118
18540	18541	1.1320
18541	18542	1.0819
18542	18543	1.0921
18543	18544	1.1119
18544	18545	1.1342
18545	18546	1.1482
18546	18547	1.1321
18547	18548	1.1165
18548	18549	1.1217
18549	18550	1.1355
18550	18551	1.1442
18551	18552	1.1711
18552	18553	1.1843
18553	18554	1.1547
18554	18555	1.1464
18555	18556	1.1742
18556	18557	1.1762
18557	18558	1.1775
18558	18559	1.1994
18559	18560	1.1566
18560	18561	1.1291
18561	18562	1.1255
18562	18563	1.1457
18563	18564	1.1426
18564	18565	1.1245
18565	18566	1.1317
18566	18567	1.1408
18567	18568	1.1217
18568	18569	1.1408
18569	18570	1.1373
18570	18571	1.1157
18571	18572	1.1346
18572	18573	1.1481
18573	18574	1.1493
18574	18575	1.1171
18575	18576	1.1458
18576	18577	1.1503
18577	18578	1.1991
18578	18579	1.1715
18579	18580	1.1619
18580	18581	1.1946
18581	18582	1.2047
18582	18583	1.1931
18583	18584	1.2377
18584	18585	1.2477
18585	18586	1.2264
18586	18587	1.1985
18587	18588	1.2083
18588	18589	1.2427
18589	18590	1.1896
18590	18591	1.1521
18591	18592	1.1984
18592	18593	1.1915
18593	18594	1.2059
18594	18595	1.1953
18595	18596	1.2245
18596	18597	1.1678
18597	18598	1.1968
18598	18599	1.1702
18599	18600	1.1797
18600	18601	1.1826
18601	18602	1.1596
18602	18603	1.1471
18603	18604	1.1165
18604	18605	1.1422
18605	18606	1.1314
18606	18607	1.1324
18607	18608	1.1163
18608	18609	1.1208
18609	18610	1.1182
18610	18611	1.0912
18611	18612	1.0840
18612	18613	1.0674
18613	18614	1.1064
18614	18615	1.0956
18615	18616	1.0319
18616	18617	1.0844
18617	18618	1.0718
18618	18619	1.1001
18619	18620	1.0855
18620	18621	1.0990
18621	18622	1.0674
18622	18623	1.1026
18623	18624	1.0850
18624	18625	1.1394
18625	18626	1.1711
18626	18627	1.1828
18627	18628	1.2204
18628	18629	1.1243
18629	18630	1.1899
18630	18631	1.1710
18631	18632	1.1755
18632	18633	1.1955
18633	18634	1.1740
18634	18635	1.1714
18635	18636	1.1908
18636	18637	1.1983
18637	18638	1.2246
18638	18639	1.2571
18639	18640	1.2328
18640	18641	1.2131
18641	18642	1.2259
18642	18643	1.2668
18643	18644	1.3168
18644	18645	1.3019
18645	18646	1.2739
18646	18647	1.2353
18647	18648	1.2131
18648	18649	1.2084
18649	18650	1.2226
18650	18651	1.2002
18651	18652	1.2136
18652	18653	1.2417
18653	18654	1.1588
18654	18655	1.1748
18655	18656	1.1819
18656	18657	1.2205
18657	18658	1.1987
18658	18659	1.1878
18659	18660	1.1507
18660	18661	1.1624
18661	18662	1.1620
18662	18663	1.2383
18663	18664	1.1859
18664	18665	1.1775
18665	18666	1.1498
18666	18667	1.1868
18667	18668	1.1758
18668	18669	1.1552
18669	18670	1.1797
18670	18671	1.1251
18671	18672	1.1153
18672	18673	1.1431
18673	18674	1.1173
18674	18675	1.1501
18675	18676	1.1455
18676	18677	1.1871
18677	18678	1.1820
18678	18679	1.1491
18679	18680	1.1889
18680	18681	1.1848
18681	18682	1.1204
18682	18683	1.1849
18683	18684	1.1393
18684	18685	1.1467
18685	18686	1.1641
18686	18687	1.1432
18687	18688	1.1262
18688	18689	1.1136
18689	18690	1.1554
18690	18691	1.1636
18691	18692	1.1636
18692	18693	1.1572
18693	18694	1.1348
18694	18695	1.1612
18695	18696	1.1653
18696	18697	1.1782
18697	18698	1.1845
18698	18699	1.1794
18699	18700	1.1535
18700	18701	1.1920
18701	18702	1.1590
18702	18703	1.1635
18703	18704	1.1481
18704	18705	1.1691
18705	18706	1.1581
18706	18707	1.1738
18707	18708	1.1813
18708	18709	1.1497
18709	18710	1.1920
18710	18711	1.1625
18711	18712	1.1547
18712	18713	1.1562
18713	18714	1.1226
18714	18715	1.1933
18715	18716	1.1772
18716	18717	1.1650
18717	18718	1.1703
18718	18719	1.2083
18719	18720	1.1843
18720	18721	1.2420
18721	18722	1.2050
18722	18723	1.2236
18723	18724	1.2069
18724	18725	1.2159
18725	18726	1.2287
18726	18727	1.2114
18727	18728	1.1842
18728	18729	1.1963
18729	18730	1.2384
18730	18731	1.2665
18731	18732	1.2261
18732	18733	1.2287
18733	18734	1.2083
18734	18735	1.1461
18735	18736	1.1646
18736	18737	1.1630
18737	18738	1.1311
18738	18739	1.1315
18739	18740	1.1678
18740	18741	1.1312
18741	18742	1.1256
18742	18743	1.1480
18743	18744	1.1372
18744	18745	1.1617
18745	18746	1.1377
18746	18747	1.1069
18747	18748	1.1057
18748	18749	1.0950
18749	18750	1.1276
18750	18751	1.0874
18751	18752	1.1126
18752	18753	1.1243
18753	18754	1.0976
18754	18755	1.1345
18755	18756	1.1320
18756	18757	1.1308
18757	18758	1.1916
18758	18759	1.1906
18759	18760	1.1496
18760	18761	1.2058
18761	18762	1.2007
18762	18763	1.2017
18763	18764	1.2021
18764	18765	1.2514
18765	18766	1.2573
18766	18767	1.2605
18767	18768	1.2342
18768	18769	1.2384
18769	18770	1.2359
18770	18771	1.2186
18771	18772	1.2459
18772	18773	1.2201
18773	18774	1.2344
18774	18775	1.2168
18775	18776	1.2208
18776	18777	1.2042
18777	18778	1.2170
18778	18779	1.1948
18779	18780	1.2403
18780	18781	1.2248
18781	18782	1.2459
18782	18783	1.1906
18783	18784	1.1895
18784	18785	1.2226
18785	18786	1.2305
18786	18787	1.1690
18787	18788	1.2264
18788	18789	1.2259
18789	18790	1.2345
18790	18791	1.2728
18791	18792	1.2840
18792	18793	1.2876
18793	18794	1.2741
18794	18795	1.2616
18795	18796	1.2885
18796	18797	1.2833
18797	18798	1.2546
18798	18799	1.2094
18799	18800	1.2775
18800	18801	1.2624
18801	18802	1.2664
18802	18803	1.2377
18803	18804	1.3045
18804	18805	1.2663
18805	18806	1.2338
18806	18807	1.2504
18807	18808	1.2702
18808	18809	1.2442
18809	18810	1.2790
18810	18811	1.2547
18811	18812	1.2595
18812	18813	1.2957
18813	18814	1.2846
18814	18815	1.2657
18815	18816	1.2839
18816	18817	1.2541
18817	18818	1.2991
18818	18819	1.2960
18819	18820	1.3234
18820	18821	1.3264
18821	18822	1.3030
18822	18823	1.3001
18823	18824	1.2969
18824	18825	1.2778
18825	18826	1.2870
18826	18827	1.2704
18827	18828	1.2663
18828	18829	1.2788
18829	18830	1.2652
18830	18831	1.2408
18831	18832	1.2766
18832	18833	1.2164
18833	18834	1.2905
18834	18835	1.3117
18835	18836	1.2525
18836	18837	1.2696
18837	18838	1.2904
18838	18839	1.2710
18839	18840	1.2877
18840	18841	1.2576
18841	18842	1.2418
18842	18843	1.2139
18843	18844	1.1992
18844	18845	1.2473
18845	18846	1.2557
18846	18847	1.2354
18847	18848	1.2334
18848	18849	1.2397
18849	18850	1.2404
18850	18851	1.2729
18851	18852	1.2568
18852	18853	1.3086
18853	18854	1.2923
18854	18855	1.2838
18855	18856	1.2559
18856	18857	1.2977
18857	18858	1.2859
18858	18859	1.2680
18859	18860	1.2759
18860	18861	1.2309
18861	18862	1.2503
18862	18863	1.2386
18863	18864	1.2429
18864	18865	1.2497
18865	18866	1.2560
18866	18867	1.2501
18867	18868	1.2482
18868	18869	1.2899
18869	18870	1.2449
18870	18871	1.2396
18871	18872	1.2213
18872	18873	1.1790
18873	18874	1.1856
18874	18875	1.2421
18875	18876	1.2174
18876	18877	1.2692
18877	18878	1.2514
18878	18879	1.2818
18879	18880	1.2858
18880	18881	1.2579
18881	18882	1.3201
18882	18883	1.3073
18883	18884	1.3111
18884	18885	1.3009
18885	18886	1.2594
18886	18887	1.2976
18887	18888	1.2834
18888	18889	1.2914
18889	18890	1.3291
18890	18891	1.3208
18891	18892	1.3527
18892	18893	1.3267
18893	18894	1.3226
18894	18895	1.3089
18895	18896	1.3459
18896	18897	1.3578
18897	18898	1.3357
18898	18899	1.3283
18899	18900	1.2953
18900	18901	1.3098
18901	18902	1.2925
18902	18903	1.3198
18903	18904	1.3500
18904	18905	1.3379
18905	18906	1.3538
18906	18907	1.3465
18907	18908	1.3430
18908	18909	1.2951
18909	18910	1.2740
18910	18911	1.3417
18911	18912	1.3551
18912	18913	1.3408
18913	18914	1.3565
18914	18915	1.3375
18915	18916	1.3394
18916	18917	1.3121
18917	18918	1.3116
18918	18919	1.2655
18919	18920	1.2742
18920	18921	1.2702
18921	18922	1.2544
18922	18923	1.2224
18923	18924	1.2530
18924	18925	1.2775
18925	18926	1.2618
18926	18927	1.2763
18927	18928	1.2572
18928	18929	1.2983
18929	18930	1.2970
18930	18931	1.2874
18931	18932	1.2426
18932	18933	1.2703
18933	18934	1.2758
18934	18935	1.2806
18935	18936	1.2679
18936	18937	1.2825
18937	18938	1.2237
18938	18939	1.2129
18939	18940	1.2536
18940	18941	1.2569
18941	18942	1.2605
18942	18943	1.2634
18943	18944	1.2667
18944	18945	1.2607
18945	18946	1.2381
18946	18947	1.2236
18947	18948	1.2234
18948	18949	1.2609
18949	18950	1.2551
18950	18951	1.2636
18951	18952	1.2684
18952	18953	1.2836
18953	18954	1.2776
18954	18955	1.2885
18955	18956	1.3510
18956	18957	1.3269
18957	18958	1.3046
18958	18959	1.3412
18959	18960	1.3300
18960	18961	1.3375
18961	18962	1.2882
18962	18963	1.2782
18963	18964	1.3383
18964	18965	1.3059
18965	18966	1.2994
18966	18967	1.2799
18967	18968	1.3048
18968	18969	1.2945
18969	18970	1.3090
18970	18971	1.3198
18971	18972	1.3617
18972	18973	1.3540
18973	18974	1.4114
18974	18975	1.4028
18975	18976	1.3895
18976	18977	1.3572
18977	18978	1.3850
18978	18979	1.3918
18979	18980	1.4019
18980	18981	1.4077
18981	18982	1.4147
18982	18983	1.4011
18983	18984	1.4044
18984	18985	1.4334
18985	18986	1.3803
18986	18987	1.3543
18987	18988	1.3611
18988	18989	1.3886
18989	18990	1.4233
18990	18991	1.4631
18991	18992	1.4695
18992	18993	1.4665
18993	18994	1.5202
18994	18995	1.4958
18995	18996	1.4753
18996	18997	1.4923
18997	18998	1.5171
18998	18999	1.5620
18999	19000	1.5440
19000	19001	1.5281
19001	19002	1.4982
19002	19003	1.4972
19003	19004	1.5002
19004	19005	1.5159
19005	19006	1.4830
19006	19007	1.5081
19007	19008	1.4882
19008	19009	1.4353
19009	19010	1.4803
19010	19011	1.4773
19011	19012	1.4590
19012	19013	1.4468
19013	19014	1.4268
19014	19015	1.4305
19015	19016	1.4121
19016	19017	1.3883
19017	19018	1.3808
19018	19019	1.4077
19019	19020	1.4069
19020	19021	1.4187
19021	19022	1.4211
19022	19023	1.4348
19023	19024	1.4096
19024	19025	1.4276
19025	19026	1.4043
19026	19027	1.3910
19027	19028	1.3729
19028	19029	1.3840
19029	19030	1.4051
19030	19031	1.4239
19031	19032	1.4324
19032	19033	1.4123
19033	19034	1.4499
19034	19035	1.3354
19035	19036	1.3748
19036	19037	1.3526
19037	19038	1.3813
19038	19039	1.3508
19039	19040	1.3721
19040	19041	1.3762
19041	19042	1.3638
19042	19043	1.3336
19043	19044	1.3401
19044	19045	1.3287
19045	19046	1.3187
19046	19047	1.3216
19047	19048	1.3124
19048	19049	1.2725
19049	19050	1.3082
19050	19051	1.2708
19051	19052	1.2724
19052	19053	1.3029
19053	19054	1.3326
19054	19055	1.3366
19055	19056	1.3453
19056	19057	1.3854
19057	19058	1.3640
19058	19059	1.3535
19059	19060	1.3563
19060	19061	1.3025
19061	19062	1.3015
19062	19063	1.2563
19063	19064	1.2671
19064	19065	1.2400
19065	19066	1.2127
19066	19067	1.2285
19067	19068	1.2406
19068	19069	1.2612
19069	19070	1.2709
19070	19071	1.2962
19071	19072	1.2774
19072	19073	1.3070
19073	19074	1.3508
19074	19075	1.3610
19075	19076	1.3593
19076	19077	1.3243
19077	19078	1.3180
19078	19079	1.4069
19079	19080	1.3885
19080	19081	1.3167
19081	19082	1.2870
19082	19083	1.2848
19083	19084	1.2585
19084	19085	1.3047
19085	19086	1.2713
19086	19087	1.3089
19087	19088	1.2697
19088	19089	1.2944
19089	19090	1.2894
19090	19091	1.2722
19091	19092	1.2450
19092	19093	1.2739
19093	19094	1.3110
19094	19095	1.2945
19095	19096	1.3042
19096	19097	1.3359
19097	19098	1.3653
19098	19099	1.3162
19099	19100	1.3240
19100	19101	1.3229
19101	19102	1.3558
19102	19103	1.3195
19103	19104	1.3299
19104	19105	1.3245
19105	19106	1.3634
19106	19107	1.3800
19107	19108	1.3112
19108	19109	1.3200
19109	19110	1.3130
19110	19111	1.3252
19111	19112	1.3108
19112	19113	1.3026
19113	19114	1.2886
19114	19115	1.2854
19115	19116	1.2568
19116	19117	1.2936
19117	19118	1.2957
19118	19119	1.3105
19119	19120	1.2797
19120	19121	1.2998
19121	19122	1.2756
19122	19123	1.2695
19123	19124	1.2938
19124	19125	1.2266
19125	19126	1.2771
19126	19127	1.2695
19127	19128	1.2292
19128	19129	1.2860
19129	19130	1.2679
19130	19131	1.2695
19131	19132	1.2711
19132	19133	1.3002
19133	19134	1.2967
19134	19135	1.2780
19135	19136	1.2941
19136	19137	1.2691
19137	19138	1.3043
19138	19139	1.3146
19139	19140	1.3301
19140	19141	1.2877
19141	19142	1.2800
19142	19143	1.3033
19143	19144	1.3143
19144	19145	1.3121
19145	19146	1.3040
19146	19147	1.3728
19147	19148	1.3618
19148	19149	1.3344
19149	19150	1.3193
19150	19151	1.3568
19151	19152	1.3579
19152	19153	1.3325
19153	19154	1.3779
19154	19155	1.3630
19155	19156	1.3508
19156	19157	1.3610
19157	19158	1.3338
19158	19159	1.3716
19159	19160	1.3718
19160	19161	1.3688
19161	19162	1.3886
19162	19163	1.4470
19163	19164	1.3940
19164	19165	1.3772
19165	19166	1.3289
19166	19167	1.3064
19167	19168	1.3101
19168	19169	1.3226
19169	19170	1.3394
19170	19171	1.3453
19171	19172	1.3150
19172	19173	1.3146
19173	19174	1.2774
19174	19175	1.2843
19175	19176	1.3006
19176	19177	1.2824
19177	19178	1.2713
19178	19179	1.2927
19179	19180	1.2577
19180	19181	1.2697
19181	19182	1.2758
19182	19183	1.3006
19183	19184	1.3403
19184	19185	1.3835
19185	19186	1.2901
19186	19187	1.2711
19187	19188	1.3013
19188	19189	1.3056
19189	19190	1.3229
19190	19191	1.3377
19191	19192	1.3291
19192	19193	1.3350
19193	19194	1.3511
19194	19195	1.3219
19195	19196	1.3631
19196	19197	1.3602
19197	19198	1.2929
19198	19199	1.3123
19199	19200	1.2686
19200	19201	1.2764
19201	19202	1.3015
19202	19203	1.3080
19203	19204	1.2854
19204	19205	1.2696
19205	19206	1.2121
19206	19207	1.2744
19207	19208	1.2876
19208	19209	1.2729
19209	19210	1.2620
19210	19211	1.2364
19211	19212	1.2652
19212	19213	1.2347
19213	19214	1.2812
19214	19215	1.2863
19215	19216	1.2938
19216	19217	1.2711
19217	19218	1.2629
19218	19219	1.2479
19219	19220	1.2434
19220	19221	1.2313
19221	19222	1.2381
19222	19223	1.2390
19223	19224	1.2416
19224	19225	1.2831
19225	19226	1.2829
19226	19227	1.2712
19227	19228	1.2989
19228	19229	1.2914
19229	19230	1.3183
19230	19231	1.2991
19231	19232	1.3211
19232	19233	1.2852
19233	19234	1.3187
19234	19235	1.2937
19235	19236	1.2799
19236	19237	1.3339
19237	19238	1.2974
19238	19239	1.2972
19239	19240	1.3010
19240	19241	1.2633
19241	19242	1.2885
19242	19243	1.3077
19243	19244	1.3436
19244	19245	1.3587
19245	19246	1.3507
19246	19247	1.3305
19247	19248	1.3491
19248	19249	1.3029
19249	19250	1.3156
19250	19251	1.3013
19251	19252	1.2902
19252	19253	1.2752
19253	19254	1.2860
19254	19255	1.2812
19255	19256	1.2727
19256	19257	1.2821
19257	19258	1.2931
19258	19259	1.3056
19259	19260	1.2895
19260	19261	1.2694
19261	19262	1.2738
19262	19263	1.2855
19263	19264	1.3063
19264	19265	1.3097
19265	19266	1.3341
19266	19267	1.3505
19267	19268	1.3280
19268	19269	1.3053
19269	19270	1.2489
19270	19271	1.2383
19271	19272	1.2482
19272	19273	1.2387
19273	19274	1.2344
19274	19275	1.2112
19275	19276	1.2770
19276	19277	1.2742
19277	19278	1.2394
19278	19279	1.2588
19279	19280	1.3123
19280	19281	1.2685
19281	19282	1.3124
19282	19283	1.2842
19283	19284	1.2336
19284	19285	1.2614
19285	19286	1.2267
19286	19287	1.2373
19287	19288	1.2682
19288	19289	1.2808
19289	19290	1.2813
19290	19291	1.3149
19291	19292	1.3223
19292	19293	1.2958
19293	19294	1.3170
19294	19295	1.3383
19295	19296	1.2963
19296	19297	1.2721
19297	19298	1.3036
19298	19299	1.3163
19299	19300	1.3685
19300	19301	1.3590
19301	19302	1.3442
19302	19303	1.3515
19303	19304	1.3706
19304	19305	1.3818
19305	19306	1.3594
19306	19307	1.3608
19307	19308	1.3657
19308	19309	1.3332
19309	19310	1.3040
19310	19311	1.2699
19311	19312	1.2809
19312	19313	1.2997
19313	19314	1.3122
19314	19315	1.3438
19315	19316	1.2358
19316	19317	1.2853
19317	19318	1.2773
19318	19319	1.3171
19319	19320	1.2867
19320	19321	1.2572
19321	19322	1.2829
19322	19323	1.2993
19323	19324	1.2878
19324	19325	1.3449
19325	19326	1.3231
19326	19327	1.3167
19327	19328	1.3142
19328	19329	1.3448
19329	19330	1.3391
19330	19331	1.3384
19331	19332	1.3242
19332	19333	1.3272
19333	19334	1.3627
19334	19335	1.3712
19335	19336	1.3607
19336	19337	1.3505
19337	19338	1.3538
19338	19339	1.3745
19339	19340	1.3768
19340	19341	1.3582
19341	19342	1.3617
19342	19343	1.3835
19343	19344	1.4288
19344	19345	1.4379
19345	19346	1.4507
19346	19347	1.4457
19347	19348	1.4454
19348	19349	1.4531
19349	19350	1.4394
19350	19351	1.4530
19351	19352	1.4347
19352	19353	1.4321
19353	19354	1.4273
19354	19355	1.4155
19355	19356	1.3990
19356	19357	1.4658
19357	19358	1.4838
19358	19359	1.4503
19359	19360	1.4082
19360	19361	1.3581
19361	19362	1.3684
19362	19363	1.4306
19363	19364	1.4128
19364	19365	1.3782
19365	19366	1.4050
19366	19367	1.3674
19367	19368	1.3621
19368	19369	1.3548
19369	19370	1.3328
19370	19371	1.2995
19371	19372	1.3122
19372	19373	1.3099
19373	19374	1.3458
19374	19375	1.3656
19375	19376	1.3799
19376	19377	1.3773
19377	19378	1.3955
19378	19379	1.4061
19379	19380	1.3839
19380	19381	1.3648
19381	19382	1.3752
19382	19383	1.3976
19383	19384	1.3539
19384	19385	1.3440
19385	19386	1.3135
19386	19387	1.3577
19387	19388	1.3490
19388	19389	1.3510
19389	19390	1.3267
19390	19391	1.3061
19391	19392	1.3210
19392	19393	1.3068
19393	19394	1.2746
19394	19395	1.3280
19395	19396	1.3152
19396	19397	1.3277
19397	19398	1.3020
19398	19399	1.2666
19399	19400	1.2997
19400	19401	1.2935
19401	19402	1.2625
19402	19403	1.2582
19403	19404	1.2286
19404	19405	1.2533
19405	19406	1.2264
19406	19407	1.3135
19407	19408	1.2777
19408	19409	1.2422
19409	19410	1.2638
19410	19411	1.2740
19411	19412	1.2872
19412	19413	1.2682
19413	19414	1.2473
19414	19415	1.2479
19415	19416	1.2880
19416	19417	1.2299
19417	19418	1.2433
19418	19419	1.2581
19419	19420	1.2602
19420	19421	1.2256
19421	19422	1.2026
19422	19423	1.2238
19423	19424	1.2523
19424	19425	1.2005
19425	19426	1.2508
19426	19427	1.2451
19427	19428	1.2520
19428	19429	1.2415
19429	19430	1.2309
19430	19431	1.2161
19431	19432	1.2023
19432	19433	1.1844
19433	19434	1.1709
19434	19435	1.2097
19435	19436	1.2332
19436	19437	1.2589
19437	19438	1.2199
19438	19439	1.2248
19439	19440	1.2256
19440	19441	1.2311
19441	19442	1.2061
19442	19443	1.1888
19443	19444	1.1656
19444	19445	1.2099
19445	19446	1.2051
19446	19447	1.1456
19447	19448	1.1894
19448	19449	1.2124
19449	19450	1.1946
19450	19451	1.1716
19451	19452	1.1489
19452	19453	1.1435
19453	19454	1.1441
19454	19455	1.1006
19455	19456	1.1613
19456	19457	1.1418
19457	19458	1.1713
19458	19459	1.2018
19459	19460	1.2108
19460	19461	1.1922
19461	19462	1.1866
19462	19463	1.1204
19463	19464	1.1442
19464	19465	1.1269
19465	19466	1.1450
19466	19467	1.1233
19467	19468	1.1224
19468	19469	1.0982
19469	19470	1.1534
19470	19471	1.1534
19471	19472	1.1374
19472	19473	1.1541
19473	19474	1.1651
19474	19475	1.1561
19475	19476	1.2244
19476	19477	1.2343
19477	19478	1.1826
19478	19479	1.1609
19479	19480	1.1380
19480	19481	1.1622
19481	19482	1.1641
19482	19483	1.1592
19483	19484	1.1344
19484	19485	1.1490
19485	19486	1.1620
19486	19487	1.1709
19487	19488	1.1802
19488	19489	1.1607
19489	19490	1.1667
19490	19491	1.2376
19491	19492	1.2183
19492	19493	1.2140
19493	19494	1.2174
19494	19495	1.2179
19495	19496	1.2578
19496	19497	1.2022
19497	19498	1.1980
19498	19499	1.2269
19499	19500	1.2003
19500	19501	1.1919
19501	19502	1.2040
19502	19503	1.2297
19503	19504	1.2711
19504	19505	1.2465
19505	19506	1.2779
19506	19507	1.2439
19507	19508	1.2371
19508	19509	1.2522
19509	19510	1.2465
19510	19511	1.2086
19511	19512	1.2318
19512	19513	1.2303
19513	19514	1.2131
19514	19515	1.2430
19515	19516	1.2284
19516	19517	1.2457
19517	19518	1.2713
19518	19519	1.2398
19519	19520	1.2394
19520	19521	1.2242
19521	19522	1.2375
19522	19523	1.2641
19523	19524	1.2786
19524	19525	1.2965
19525	19526	1.2894
19526	19527	1.3058
19527	19528	1.3115
19528	19529	1.3120
19529	19530	1.3304
19530	19531	1.3566
19531	19532	1.3685
19532	19533	1.3890
19533	19534	1.3369
19534	19535	1.3464
19535	19536	1.3793
19536	19537	1.3538
19537	19538	1.3511
19538	19539	1.3719
19539	19540	1.4029
19540	19541	1.3524
19541	19542	1.3883
19542	19543	1.3995
19543	19544	1.4021
19544	19545	1.3744
19545	19546	1.4330
19546	19547	1.4270
19547	19548	1.4229
19548	19549	1.4104
19549	19550	1.3748
19550	19551	1.4326
19551	19552	1.4197
19552	19553	1.4469
19553	19554	1.4121
19554	19555	1.4279
19555	19556	1.3991
19556	19557	1.3953
19557	19558	1.3951
19558	19559	1.3867
19559	19560	1.3906
19560	19561	1.3665
19561	19562	1.3668
19562	19563	1.3630
19563	19564	1.3415
19564	19565	1.3216
19565	19566	1.2694
19566	19567	1.2832
19567	19568	1.2652
19568	19569	1.2696
19569	19570	1.2759
19570	19571	1.3104
19571	19572	1.3029
19572	19573	1.2829
19573	19574	1.2754
19574	19575	1.2786
19575	19576	1.2961
19576	19577	1.2692
19577	19578	1.3407
19578	19579	1.3386
19579	19580	1.3271
19580	19581	1.3024
19581	19582	1.2677
19582	19583	1.2469
19583	19584	1.2757
19584	19585	1.2828
19585	19586	1.2626
19586	19587	1.2300
19587	19588	1.2856
19588	19589	1.3270
19589	19590	1.2845
19590	19591	1.2610
19591	19592	1.2838
19592	19593	1.2814
19593	19594	1.3087
19594	19595	1.3031
19595	19596	1.3047
19596	19597	1.2863
19597	19598	1.3046
19598	19599	1.3013
19599	19600	1.2963
19600	19601	1.2851
19601	19602	1.2987
19602	19603	1.2851
19603	19604	1.2913
19604	19605	1.3320
19605	19606	1.3246
19606	19607	1.2881
19607	19608	1.2455
19608	19609	1.2571
19609	19610	1.2384
19610	19611	1.2923
19611	19612	1.2896
19612	19613	1.3033
19613	19614	1.2980
19614	19615	1.3007
19615	19616	1.2899
19616	19617	1.2903
19617	19618	1.3048
19618	19619	1.3234
19619	19620	1.2990
19620	19621	1.3122
19621	19622	1.3417
19622	19623	1.3510
19623	19624	1.3508
19624	19625	1.3997
19625	19626	1.3895
19626	19627	1.4056
19627	19628	1.3594
19628	19629	1.3561
19629	19630	1.3319
19630	19631	1.3431
19631	19632	1.3807
19632	19633	1.3639
19633	19634	1.4194
19634	19635	1.4037
19635	19636	1.4146
19636	19637	1.3792
19637	19638	1.3796
19638	19639	1.4033
19639	19640	1.3995
19640	19641	1.3393
19641	19642	1.3689
19642	19643	1.3118
19643	19644	1.3772
19644	19645	1.3932
19645	19646	1.3987
19646	19647	1.3606
19647	19648	1.3537
19648	19649	1.3270
19649	19650	1.3582
19650	19651	1.3693
19651	19652	1.3663
19652	19653	1.3733
19653	19654	1.3637
19654	19655	1.3322
19655	19656	1.3818
19656	19657	1.3192
19657	19658	1.3842
19658	19659	1.3969
19659	19660	1.3660
19660	19661	1.3634
19661	19662	1.3948
19662	19663	1.3888
19663	19664	1.3749
19664	19665	1.3678
19665	19666	1.3393
19666	19667	1.3439
19667	19668	1.3507
19668	19669	1.2920
19669	19670	1.2805
19670	19671	1.2776
19671	19672	1.3243
19672	19673	1.2905
19673	19674	1.3094
19674	19675	1.3026
19675	19676	1.2971
19676	19677	1.2981
19677	19678	1.2883
19678	19679	1.2686
19679	19680	1.2159
19680	19681	1.2222
19681	19682	1.2309
19682	19683	1.2870
19683	19684	1.2415
19684	19685	1.1773
19685	19686	1.2171
19686	19687	1.2655
19687	19688	1.2531
19688	19689	1.2598
19689	19690	1.2532
19690	19691	1.2551
19691	19692	1.2646
19692	19693	1.2854
19693	19694	1.2883
19694	19695	1.3545
19695	19696	1.3523
19696	19697	1.3062
19697	19698	1.3047
19698	19699	1.2990
19699	19700	1.3133
19700	19701	1.3563
19701	19702	1.3251
19702	19703	1.3228
19703	19704	1.3245
19704	19705	1.3603
19705	19706	1.3527
19706	19707	1.3810
19707	19708	1.3528
19708	19709	1.3379
19709	19710	1.3527
19710	19711	1.3521
19711	19712	1.3468
19712	19713	1.3087
19713	19714	1.2888
19714	19715	1.3079
19715	19716	1.3253
19716	19717	1.3462
19717	19718	1.3278
19718	19719	1.3111
19719	19720	1.2669
19720	19721	1.3011
19721	19722	1.3191
19722	19723	1.2666
19723	19724	1.2835
19724	19725	1.2945
19725	19726	1.3072
19726	19727	1.3173
19727	19728	1.2854
19728	19729	1.2815
19729	19730	1.2636
19730	19731	1.2274
19731	19732	1.2231
19732	19733	1.2301
19733	19734	1.2386
19734	19735	1.2023
19735	19736	1.1921
19736	19737	1.2265
19737	19738	1.2468
19738	19739	1.2596
19739	19740	1.2289
19740	19741	1.2256
19741	19742	1.2347
19742	19743	1.2552
19743	19744	1.2944
19744	19745	1.2673
19745	19746	1.3049
19746	19747	1.3317
19747	19748	1.2980
19748	19749	1.3578
19749	19750	1.3204
19750	19751	1.3144
19751	19752	1.2936
19752	19753	1.2974
19753	19754	1.2834
19754	19755	1.2611
19755	19756	1.2493
19756	19757	1.2634
19757	19758	1.2993
19758	19759	1.2987
19759	19760	1.2984
19760	19761	1.2672
19761	19762	1.2574
19762	19763	1.2516
19763	19764	1.3061
19764	19765	1.3170
19765	19766	1.3578
19766	19767	1.3803
19767	19768	1.3302
19768	19769	1.3014
19769	19770	1.3570
19770	19771	1.2919
19771	19772	1.3654
19772	19773	1.3642
19773	19774	1.3544
19774	19775	1.3480
19775	19776	1.3500
19776	19777	1.3219
19777	19778	1.2758
19778	19779	1.2972
19779	19780	1.2964
19780	19781	1.3012
19781	19782	1.2937
19782	19783	1.3079
19783	19784	1.3489
19784	19785	1.3480
19785	19786	1.3410
19786	19787	1.3271
19787	19788	1.3688
19788	19789	1.3474
19789	19790	1.3213
19790	19791	1.3346
19791	19792	1.3521
19792	19793	1.3428
19793	19794	1.3535
19794	19795	1.3374
19795	19796	1.3428
19796	19797	1.3336
19797	19798	1.3178
19798	19799	1.3086
19799	19800	1.3116
19800	19801	1.3066
19801	19802	1.3506
19802	19803	1.3915
19803	19804	1.2947
19804	19805	1.3371
19805	19806	1.3448
19806	19807	1.3216
19807	19808	1.3586
19808	19809	1.2916
19809	19810	1.2865
19810	19811	1.2484
19811	19812	1.2298
19812	19813	1.2324
19813	19814	1.2697
19814	19815	1.2608
19815	19816	1.2787
19816	19817	1.3062
19817	19818	1.3468
19818	19819	1.3433
19819	19820	1.3424
19820	19821	1.3486
19821	19822	1.3214
19822	19823	1.3428
19823	19824	1.3295
19824	19825	1.3628
19825	19826	1.3890
19826	19827	1.3623
19827	19828	1.3494
19828	19829	1.3390
19829	19830	1.3428
19830	19831	1.3865
19831	19832	1.4048
19832	19833	1.3634
19833	19834	1.3531
19834	19835	1.3083
19835	19836	1.3098
19836	19837	1.3059
19837	19838	1.3133
19838	19839	1.3034
19839	19840	1.3504
19840	19841	1.3250
19841	19842	1.2829
19842	19843	1.3133
19843	19844	1.2823
19844	19845	1.2578
19845	19846	1.2771
19846	19847	1.2639
19847	19848	1.2764
19848	19849	1.3207
19849	19850	1.2594
19850	19851	1.2413
19851	19852	1.2916
19852	19853	1.3178
19853	19854	1.3309
19854	19855	1.3241
19855	19856	1.3109
19856	19857	1.2835
19857	19858	1.2735
19858	19859	1.2731
19859	19860	1.3024
19860	19861	1.3229
19861	19862	1.3082
19862	19863	1.3131
19863	19864	1.3094
19864	19865	1.3566
19865	19866	1.3345
19866	19867	1.3804
19867	19868	1.3716
19868	19869	1.3628
19869	19870	1.3623
19870	19871	1.3491
19871	19872	1.3812
19872	19873	1.4380
19873	19874	1.4421
19874	19875	1.4361
19875	19876	1.3723
19876	19877	1.3697
19877	19878	1.4289
19878	19879	1.4170
19879	19880	1.4210
19880	19881	1.4251
19881	19882	1.3534
19882	19883	1.3568
19883	19884	1.3018
19884	19885	1.2843
19885	19886	1.3179
19886	19887	1.3108
19887	19888	1.3280
19888	19889	1.2993
19889	19890	1.2825
19890	19891	1.2618
19891	19892	1.2379
19892	19893	1.2687
19893	19894	1.3226
19894	19895	1.3664
19895	19896	1.3251
19896	19897	1.2308
19897	19898	1.2574
19898	19899	1.2863
19899	19900	1.3100
19900	19901	1.2964
19901	19902	1.3243
19902	19903	1.3351
19903	19904	1.3171
19904	19905	1.3169
19905	19906	1.3911
19906	19907	1.3706
19907	19908	1.3801
19908	19909	1.3087
19909	19910	1.3356
19910	19911	1.3225
19911	19912	1.3058
19912	19913	1.2881
19913	19914	1.2928
19914	19915	1.3326
19915	19916	1.2817
19916	19917	1.2440
19917	19918	1.2677
19918	19919	1.2001
19919	19920	1.2208
19920	19921	1.2732
19921	19922	1.2698
19922	19923	1.2747
19923	19924	1.3272
19924	19925	1.3092
19925	19926	1.3567
19926	19927	1.3376
19927	19928	1.3690
19928	19929	1.3797
19929	19930	1.3870
19930	19931	1.3850
19931	19932	1.3706
19932	19933	1.3661
19933	19934	1.3427
19934	19935	1.3704
19935	19936	1.3845
19936	19937	1.3210
19937	19938	1.3018
19938	19939	1.3317
19939	19940	1.3710
19940	19941	1.4065
19941	19942	1.3588
19942	19943	1.4034
19943	19944	1.3699
19944	19945	1.3573
19945	19946	1.3519
19946	19947	1.3766
19947	19948	1.3568
19948	19949	1.3561
19949	19950	1.3642
19950	19951	1.3375
19951	19952	1.3730
19952	19953	1.3558
19953	19954	1.3544
19954	19955	1.3688
19955	19956	1.4151
19956	19957	1.4529
19957	19958	1.4823
19958	19959	1.4740
19959	19960	1.4739
19960	19961	1.4785
19961	19962	1.4709
19962	19963	1.4765
19963	19964	1.4786
19964	19965	1.4968
19965	19966	1.4865
19966	19967	1.4928
19967	19968	1.4618
19968	19969	1.4705
19969	19970	1.4548
19970	19971	1.4625
19971	19972	1.4627
19972	19973	1.4399
19973	19974	1.4468
19974	19975	1.4591
19975	19976	1.4359
19976	19977	1.4226
19977	19978	1.4256
19978	19979	1.4510
19979	19980	1.4457
19980	19981	1.4752
19981	19982	1.4620
19982	19983	1.4471
19983	19984	1.4176
19984	19985	1.3581
19985	19986	1.3844
19986	19987	1.3966
19987	19988	1.3836
19988	19989	1.3983
19989	19990	1.4520
19990	19991	1.4573
19991	19992	1.4652
19992	19993	1.4308
19993	19994	1.4474
19994	19995	1.4511
19995	19996	1.4597
19996	19997	1.4264
19997	19998	1.4542
19998	19999	1.4538
19999	20000	1.4220
20000	20001	1.4658
20001	20002	1.4342
20002	20003	1.4362
20003	20004	1.4264
20004	20005	1.4466
20005	20006	1.3910
20006	20007	1.4274
20007	20008	1.3944
20008	20009	1.3549
20009	20010	1.4177
20010	20011	1.4084
20011	20012	1.3729
20012	20013	1.3698
20013	20014	1.3345
20014	20015	1.3757
20015	20016	1.3326
20016	20017	1.3664
20017	20018	1.3858
20018	20019	1.3766
20019	20020	1.3964
20020	20021	1.3976
20021	20022	1.4285
20022	20023	1.4135
20023	20024	1.4154
20024	20025	1.4268
20025	20026	1.4512
20026	20027	1.4005
20027	20028	1.3788
20028	20029	1.3718
20029	20030	1.3841
20030	20031	1.3653
20031	20032	1.3364
20032	20033	1.3134
20033	20034	1.3039
20034	20035	1.2987
20035	20036	1.2742
20036	20037	1.2616
20037	20038	1.2902
20038	20039	1.3162
20039	20040	1.3383
20040	20041	1.2779
20041	20042	1.2326
20042	20043	1.2663
20043	20044	1.2588
20044	20045	1.2387
20045	20046	1.2127
20046	20047	1.2367
20047	20048	1.2299
20048	20049	1.2283
20049	20050	1.2077
20050	20051	1.2602
20051	20052	1.2465
20052	20053	1.2274
20053	20054	1.1947
20054	20055	1.2264
20055	20056	1.2306
20056	20057	1.2516
20057	20058	1.2253
20058	20059	1.2159
20059	20060	1.2161
20060	20061	1.2379
20061	20062	1.2158
20062	20063	1.2153
20063	20064	1.1979
20064	20065	1.2167
20065	20066	1.2324
20066	20067	1.1932
20067	20068	1.2171
20068	20069	1.2504
20069	20070	1.2478
20070	20071	1.1986
20071	20072	1.2141
20072	20073	1.1992
20073	20074	1.1984
20074	20075	1.1968
20075	20076	1.1975
20076	20077	1.2040
20077	20078	1.2189
20078	20079	1.2143
20079	20080	1.1941
20080	20081	1.1975
20081	20082	1.1949
20082	20083	1.1818
20083	20084	1.1498
20084	20085	1.1551
20085	20086	1.1852
20086	20087	1.1593
20087	20088	1.1784
20088	20089	1.1703
20089	20090	1.1544
20090	20091	1.1735
20091	20092	1.1817
20092	20093	1.1690
20093	20094	1.1229
20094	20095	1.1645
20095	20096	1.1958
20096	20097	1.2678
20097	20098	1.2776
20098	20099	1.2261
20099	20100	1.2655
20100	20101	1.2817
20101	20102	1.2551
20102	20103	1.2394
20103	20104	1.2704
20104	20105	1.2928
20105	20106	1.3045
20106	20107	1.2548
20107	20108	1.3039
20108	20109	1.2879
20109	20110	1.2993
20110	20111	1.2745
20111	20112	1.2702
20112	20113	1.2770
20113	20114	1.2965
20114	20115	1.3286
20115	20116	1.3152
20116	20117	1.3028
20117	20118	1.2718
20118	20119	1.2641
20119	20120	1.2717
20120	20121	1.2923
20121	20122	1.3095
20122	20123	1.2740
20123	20124	1.2768
20124	20125	1.2961
20125	20126	1.2638
20126	20127	1.2551
20127	20128	1.2303
20128	20129	1.2697
20129	20130	1.3039
20130	20131	1.2745
20131	20132	1.2925
20132	20133	1.3295
20133	20134	1.2878
20134	20135	1.2630
20135	20136	1.2692
20136	20137	1.2479
20137	20138	1.2758
20138	20139	1.3124
20139	20140	1.2927
20140	20141	1.3388
20141	20142	1.3335
20142	20143	1.3867
20143	20144	1.3336
20144	20145	1.3204
20145	20146	1.2952
20146	20147	1.3146
20147	20148	1.3460
20148	20149	1.3280
20149	20150	1.3406
20150	20151	1.3350
20151	20152	1.3535
20152	20153	1.3456
20153	20154	1.3656
20154	20155	1.3218
20155	20156	1.3493
20156	20157	1.3824
20157	20158	1.3596
20158	20159	1.3667
20159	20160	1.3291
20160	20161	1.3491
20161	20162	1.3336
20162	20163	1.3284
20163	20164	1.3544
20164	20165	1.3581
20165	20166	1.3713
20166	20167	1.3543
20167	20168	1.3516
20168	20169	1.3304
20169	20170	1.3086
20170	20171	1.3292
20171	20172	1.3361
20172	20173	1.3565
20173	20174	1.3408
20174	20175	1.3789
20175	20176	1.3600
20176	20177	1.3748
20177	20178	1.3728
20178	20179	1.3463
20179	20180	1.2987
20180	20181	1.3214
20181	20182	1.3320
20182	20183	1.3220
20183	20184	1.3026
20184	20185	1.2209
20185	20186	1.2498
20186	20187	1.2615
20187	20188	1.2517
20188	20189	1.2476
20189	20190	1.2573
20190	20191	1.2140
20191	20192	1.2593
20192	20193	1.2929
20193	20194	1.2638
20194	20195	1.2524
20195	20196	1.2482
20196	20197	1.1959
20197	20198	1.2292
20198	20199	1.2546
20199	20200	1.2400
20200	20201	1.2558
20201	20202	1.1960
20202	20203	1.2028
20203	20204	1.2072
20204	20205	1.2390
20205	20206	1.2183
20206	20207	1.2074
20207	20208	1.2134
20208	20209	1.2098
20209	20210	1.2013
20210	20211	1.2126
20211	20212	1.1804
20212	20213	1.1872
20213	20214	1.2018
20214	20215	1.2168
20215	20216	1.1885
20216	20217	1.1873
20217	20218	1.1956
20218	20219	1.2218
20219	20220	1.2432
20220	20221	1.2067
20221	20222	1.2384
20222	20223	1.2428
20223	20224	1.2373
20224	20225	1.2330
20225	20226	1.2316
20226	20227	1.2749
20227	20228	1.2419
20228	20229	1.2208
20229	20230	1.2382
20230	20231	1.2516
20231	20232	1.2330
20232	20233	1.2344
20233	20234	1.2451
20234	20235	1.2675
20235	20236	1.2795
20236	20237	1.2472
20237	20238	1.2196
20238	20239	1.2239
20239	20240	1.2409
20240	20241	1.2267
20241	20242	1.2155
20242	20243	1.2662
20243	20244	1.2682
20244	20245	1.2435
20245	20246	1.2908
20246	20247	1.2733
20247	20248	1.2983
20248	20249	1.3047
20249	20250	1.2936
20250	20251	1.2476
20251	20252	1.1902
20252	20253	1.2058
20253	20254	1.2035
20254	20255	1.2274
20255	20256	1.1910
20256	20257	1.1811
20257	20258	1.2018
20258	20259	1.1940
20259	20260	1.1916
20260	20261	1.2243
20261	20262	1.1859
20262	20263	1.1687
20263	20264	1.2112
20264	20265	1.2391
20265	20266	1.2060
20266	20267	1.2364
20267	20268	1.2942
20268	20269	1.2828
20269	20270	1.2648
20270	20271	1.2884
20271	20272	1.3064
20272	20273	1.2782
20273	20274	1.2751
20274	20275	1.2892
20275	20276	1.2548
20276	20277	1.2492
20277	20278	1.2408
20278	20279	1.2785
20279	20280	1.2747
20280	20281	1.2360
20281	20282	1.2419
20282	20283	1.2098
20283	20284	1.2360
20284	20285	1.2023
20285	20286	1.1776
20286	20287	1.2562
20287	20288	1.2344
20288	20289	1.2068
20289	20290	1.2359
20290	20291	1.2087
20291	20292	1.1974
20292	20293	1.2386
20293	20294	1.2297
20294	20295	1.2341
20295	20296	1.2304
20296	20297	1.2302
20297	20298	1.2375
20298	20299	1.2144
20299	20300	1.1892
20300	20301	1.1855
20301	20302	1.1764
20302	20303	1.1604
20303	20304	1.1806
20304	20305	1.1880
20305	20306	1.1883
20306	20307	1.2003
20307	20308	1.1967
20308	20309	1.2288
20309	20310	1.2039
20310	20311	1.1887
20311	20312	1.1858
20312	20313	1.2228
20313	20314	1.2199
20314	20315	1.2088
20315	20316	1.2479
20316	20317	1.1705
20317	20318	1.1630
20318	20319	1.2046
20319	20320	1.1906
20320	20321	1.2103
20321	20322	1.2224
20322	20323	1.1930
20323	20324	1.2313
20324	20325	1.1725
20325	20326	1.1982
20326	20327	1.1672
20327	20328	1.1244
20328	20329	1.1667
20329	20330	1.1432
20330	20331	1.2005
20331	20332	1.1934
20332	20333	1.1984
20333	20334	1.1964
20334	20335	1.2429
20335	20336	1.1794
20336	20337	1.1875
20337	20338	1.1703
20338	20339	1.2011
20339	20340	1.2140
20340	20341	1.2625
20341	20342	1.2554
20342	20343	1.2376
20343	20344	1.2014
20344	20345	1.2359
20345	20346	1.2207
20346	20347	1.2234
20347	20348	1.2167
20348	20349	1.2346
20349	20350	1.2199
20350	20351	1.2247
20351	20352	1.2544
20352	20353	1.2209
20353	20354	1.2074
20354	20355	1.1869
20355	20356	1.1618
20356	20357	1.1698
20357	20358	1.2071
20358	20359	1.2341
20359	20360	1.1759
20360	20361	1.2178
20361	20362	1.2363
20362	20363	1.1873
20363	20364	1.2138
20364	20365	1.2405
20365	20366	1.1803
20366	20367	1.1977
20367	20368	1.1743
20368	20369	1.1582
20369	20370	1.1458
20370	20371	1.1302
20371	20372	1.1202
20372	20373	1.1895
20373	20374	1.2077
20374	20375	1.1796
20375	20376	1.1610
20376	20377	1.1941
20377	20378	1.1744
20378	20379	1.1520
20379	20380	1.1698
20380	20381	1.1303
20381	20382	1.1469
20382	20383	1.1690
20383	20384	1.2026
20384	20385	1.1812
20385	20386	1.1945
20386	20387	1.2146
20387	20388	1.1963
20388	20389	1.1842
20389	20390	1.1539
20390	20391	1.1613
20391	20392	1.1231
20392	20393	1.1371
20393	20394	1.1304
20394	20395	1.1713
20395	20396	1.1381
20396	20397	1.1396
20397	20398	1.1223
20398	20399	1.1081
20399	20400	1.1309
20400	20401	1.1594
20401	20402	1.1780
20402	20403	1.2048
20403	20404	1.1695
20404	20405	1.2058
20405	20406	1.2014
20406	20407	1.1540
20407	20408	1.1601
20408	20409	1.1515
20409	20410	1.1314
20410	20411	1.1438
20411	20412	1.1279
20412	20413	1.1386
20413	20414	1.1631
20414	20415	1.1670
20415	20416	1.1542
20416	20417	1.1240
20417	20418	1.0995
20418	20419	1.0912
20419	20420	1.1122
20420	20421	1.1420
20421	20422	1.1459
20422	20423	1.1422
20423	20424	1.1492
20424	20425	1.1351
20425	20426	1.1123
20426	20427	1.1686
20427	20428	1.1889
20428	20429	1.1981
20429	20430	1.1790
20430	20431	1.2300
20431	20432	1.2362
20432	20433	1.2447
20433	20434	1.2065
20434	20435	1.2086
20435	20436	1.2618
20436	20437	1.2353
20437	20438	1.2319
20438	20439	1.2182
20439	20440	1.2010
20440	20441	1.1607
20441	20442	1.1662
20442	20443	1.1537
20443	20444	1.1610
20444	20445	1.1744
20445	20446	1.1500
20446	20447	1.1441
20447	20448	1.1267
20448	20449	1.1609
20449	20450	1.1183
20450	20451	1.1441
20451	20452	1.1558
20452	20453	1.1446
20453	20454	1.1433
20454	20455	1.1335
20455	20456	1.1666
20456	20457	1.2026
20457	20458	1.1646
20458	20459	1.1251
20459	20460	1.1712
20460	20461	1.1438
20461	20462	1.1739
20462	20463	1.1708
20463	20464	1.1936
20464	20465	1.1681
20465	20466	1.1936
20466	20467	1.1692
20467	20468	1.1306
20468	20469	1.1311
20469	20470	1.1192
20470	20471	1.1382
20471	20472	1.1290
20472	20473	1.1038
20473	20474	1.0985
20474	20475	1.0761
20475	20476	1.0120
20476	20477	1.0810
20477	20478	1.0917
20478	20479	1.0988
20479	20480	1.1016
20480	20481	1.1178
20481	20482	1.1153
20482	20483	1.1055
20483	20484	1.1091
20484	20485	1.1473
20485	20486	1.1428
20486	20487	1.1564
20487	20488	1.1922
20488	20489	1.1619
20489	20490	1.1657
20490	20491	1.1855
20491	20492	1.1821
20492	20493	1.1675
20493	20494	1.1493
20494	20495	1.0983
20495	20496	1.1381
20496	20497	1.1484
20497	20498	1.0811
20498	20499	1.0761
20499	20500	1.1049
20500	20501	1.1427
20501	20502	1.1382
20502	20503	1.1472
20503	20504	1.1306
20504	20505	1.1651
20505	20506	1.1436
20506	20507	1.1353
20507	20508	1.1132
20508	20509	1.1266
20509	20510	1.1396
20510	20511	1.1315
20511	20512	1.1259
20512	20513	1.1141
20513	20514	1.1382
20514	20515	1.1356
20515	20516	1.1467
20516	20517	1.1112
20517	20518	1.1145
20518	20519	1.1181
20519	20520	1.1624
20520	20521	1.1311
20521	20522	1.1427
20522	20523	1.1329
20523	20524	1.1453
20524	20525	1.1284
20525	20526	1.1224
20526	20527	1.1301
20527	20528	1.1091
20528	20529	1.1075
20529	20530	1.1297
20530	20531	1.1018
20531	20532	1.1633
20532	20533	1.1604
20533	20534	1.1697
20534	20535	1.1570
20535	20536	1.1721
20536	20537	1.1833
20537	20538	1.1984
20538	20539	1.1701
20539	20540	1.1619
20540	20541	1.1054
20541	20542	1.1068
20542	20543	1.1200
20543	20544	1.1458
20544	20545	1.0760
20545	20546	1.0897
20546	20547	1.0861
20547	20548	1.1368
20548	20549	1.1447
20549	20550	1.1475
20550	20551	1.1498
20551	20552	1.1405
20552	20553	1.1079
20553	20554	1.1214
20554	20555	1.1317
20555	20556	1.1551
20556	20557	1.1203
20557	20558	1.1399
20558	20559	1.1741
20559	20560	1.1942
20560	20561	1.1801
20561	20562	1.1956
20562	20563	1.1664
20563	20564	1.1754
20564	20565	1.1384
20565	20566	1.1169
20566	20567	1.0931
20567	20568	1.1329
20568	20569	1.1705
20569	20570	1.1230
20570	20571	1.1417
20571	20572	1.1443
20572	20573	1.1282
20573	20574	1.1152
20574	20575	1.1024
20575	20576	1.0954
20576	20577	1.0978
20577	20578	1.1236
20578	20579	1.0866
20579	20580	1.0954
20580	20581	1.1303
20581	20582	1.1150
20582	20583	1.0902
20583	20584	1.1118
20584	20585	1.1346
20585	20586	1.1194
20586	20587	1.1375
20587	20588	1.1712
20588	20589	1.1348
20589	20590	1.1508
20590	20591	1.1630
20591	20592	1.1545
20592	20593	1.1916
20593	20594	1.1611
20594	20595	1.1544
20595	20596	1.1580
20596	20597	1.1245
20597	20598	1.1440
20598	20599	1.1405
20599	20600	1.0981
20600	20601	1.1131
20601	20602	1.1091
20602	20603	1.1230
20603	20604	1.1143
20604	20605	1.1272
20605	20606	1.1342
20606	20607	1.1226
20607	20608	1.1290
20608	20609	1.0838
20609	20610	1.0757
20610	20611	1.1050
20611	20612	1.1154
20612	20613	1.0635
20613	20614	1.0595
20614	20615	1.0746
20615	20616	1.0347
20616	20617	1.0712
20617	20618	1.0460
20618	20619	1.0446
20619	20620	1.0713
20620	20621	1.0648
20621	20622	1.0644
20622	20623	1.0921
20623	20624	1.0888
20624	20625	1.0559
20625	20626	1.0666
20626	20627	1.1017
20627	20628	1.1104
20628	20629	1.0978
20629	20630	1.0509
20630	20631	1.0669
20631	20632	1.0519
20632	20633	1.0745
20633	20634	1.0630
20634	20635	1.0659
20635	20636	1.1009
20636	20637	1.0550
20637	20638	1.0464
20638	20639	1.0221
20639	20640	1.1052
20640	20641	1.0771
20641	20642	1.0912
20642	20643	1.0979
20643	20644	1.0901
20644	20645	1.0747
20645	20646	1.0744
20646	20647	1.1063
20647	20648	1.1319
20648	20649	1.1520
20649	20650	1.1276
20650	20651	1.1370
20651	20652	1.1448
20652	20653	1.1661
20653	20654	1.1311
20654	20655	1.1587
20655	20656	1.1752
20656	20657	1.1596
20657	20658	1.1037
20658	20659	1.1421
20659	20660	1.1186
20660	20661	1.1510
20661	20662	1.1142
20662	20663	1.1459
20663	20664	1.1507
20664	20665	1.1979
20665	20666	1.1805
20666	20667	1.1964
20667	20668	1.1735
20668	20669	1.1355
20669	20670	1.1819
20670	20671	1.1723
20671	20672	1.1351
20672	20673	1.1542
20673	20674	1.1843
20674	20675	1.1912
20675	20676	1.1671
20676	20677	1.1641
20677	20678	1.1831
20678	20679	1.2162
20679	20680	1.2245
20680	20681	1.2112
20681	20682	1.1773
20682	20683	1.1927
20683	20684	1.2177
20684	20685	1.1815
20685	20686	1.2063
20686	20687	1.2049
20687	20688	1.2229
20688	20689	1.2316
20689	20690	1.2267
20690	20691	1.1979
20691	20692	1.2147
20692	20693	1.2216
20693	20694	1.1856
20694	20695	1.1913
20695	20696	1.1942
20696	20697	1.1916
20697	20698	1.1942
20698	20699	1.2433
20699	20700	1.2013
20700	20701	1.2365
20701	20702	1.2285
20702	20703	1.2522
20703	20704	1.2122
20704	20705	1.2033
20705	20706	1.2082
20706	20707	1.1715
20707	20708	1.2259
20708	20709	1.1597
20709	20710	1.1690
20710	20711	1.2103
20711	20712	1.2448
20712	20713	1.2629
20713	20714	1.2601
20714	20715	1.2577
20715	20716	1.2858
20716	20717	1.2897
20717	20718	1.2970
20718	20719	1.2859
20719	20720	1.3506
20720	20721	1.3334
20721	20722	1.3305
20722	20723	1.3453
20723	20724	1.3757
20724	20725	1.3658
20725	20726	1.3545
20726	20727	1.3613
20727	20728	1.3554
20728	20729	1.3242
20729	20730	1.3439
20730	20731	1.3197
20731	20732	1.3372
20732	20733	1.3019
20733	20734	1.2909
20734	20735	1.3335
20735	20736	1.3309
20736	20737	1.3394
20737	20738	1.3364
20738	20739	1.3485
20739	20740	1.3252
20740	20741	1.3230
20741	20742	1.3245
20742	20743	1.3051
20743	20744	1.3012
20744	20745	1.2504
20745	20746	1.2827
20746	20747	1.2693
20747	20748	1.2820
20748	20749	1.2897
20749	20750	1.3182
20750	20751	1.2944
20751	20752	1.2583
20752	20753	1.3266
20753	20754	1.2969
20754	20755	1.3130
20755	20756	1.3147
20756	20757	1.3336
20757	20758	1.3123
20758	20759	1.2552
20759	20760	1.3392
20760	20761	1.3201
20761	20762	1.2876
20762	20763	1.2384
20763	20764	1.3014
20764	20765	1.2833
20765	20766	1.3026
20766	20767	1.2919
20767	20768	1.2858
20768	20769	1.2697
20769	20770	1.3196
20770	20771	1.3699
20771	20772	1.3799
20772	20773	1.3597
20773	20774	1.3507
20774	20775	1.3871
20775	20776	1.3780
20776	20777	1.3789
20777	20778	1.3556
20778	20779	1.3318
20779	20780	1.3127
20780	20781	1.3161
20781	20782	1.3221
20782	20783	1.3124
20783	20784	1.3287
20784	20785	1.3239
20785	20786	1.3094
20786	20787	1.3676
20787	20788	1.3981
20788	20789	1.3978
20789	20790	1.4090
20790	20791	1.4019
20791	20792	1.4018
20792	20793	1.4120
20793	20794	1.3916
20794	20795	1.3711
20795	20796	1.3501
20796	20797	1.3290
20797	20798	1.3604
20798	20799	1.3492
20799	20800	1.3813
20800	20801	1.4005
20801	20802	1.3640
20802	20803	1.3580
20803	20804	1.2789
20804	20805	1.2879
20805	20806	1.3275
20806	20807	1.3626
20807	20808	1.3543
20808	20809	1.3619
20809	20810	1.3489
20810	20811	1.3659
20811	20812	1.3514
20812	20813	1.3480
20813	20814	1.3881
20814	20815	1.3472
20815	20816	1.3412
20816	20817	1.3277
20817	20818	1.3406
20818	20819	1.3457
20819	20820	1.3312
20820	20821	1.3591
20821	20822	1.3406
20822	20823	1.3312
20823	20824	1.3584
20824	20825	1.3826
20825	20826	1.3858
20826	20827	1.3873
20827	20828	1.3954
20828	20829	1.4053
20829	20830	1.4156
20830	20831	1.3696
20831	20832	1.3619
20832	20833	1.3330
20833	20834	1.3356
20834	20835	1.3452
20835	20836	1.3548
20836	20837	1.3610
20837	20838	1.3915
20838	20839	1.4012
20839	20840	1.4480
20840	20841	1.4267
20841	20842	1.4428
20842	20843	1.4155
20843	20844	1.3957
20844	20845	1.4099
20845	20846	1.3879
20846	20847	1.3774
20847	20848	1.3495
20848	20849	1.3472
20849	20850	1.3660
20850	20851	1.3485
20851	20852	1.3442
20852	20853	1.3460
20853	20854	1.3166
20854	20855	1.3488
20855	20856	1.3683
20856	20857	1.3856
20857	20858	1.3523
20858	20859	1.3597
20859	20860	1.3265
20860	20861	1.3647
20861	20862	1.3690
20862	20863	1.4025
20863	20864	1.3812
20864	20865	1.3943
20865	20866	1.3961
20866	20867	1.3850
20867	20868	1.3664
20868	20869	1.3344
20869	20870	1.3579
20870	20871	1.3586
20871	20872	1.3774
20872	20873	1.3954
20873	20874	1.3930
20874	20875	1.4240
20875	20876	1.4275
20876	20877	1.4197
20877	20878	1.4486
20878	20879	1.3990
20879	20880	1.3733
20880	20881	1.3715
20881	20882	1.3970
20882	20883	1.3775
20883	20884	1.3510
20884	20885	1.3302
20885	20886	1.3201
20886	20887	1.3170
20887	20888	1.3104
20888	20889	1.3528
20889	20890	1.3542
20890	20891	1.3275
20891	20892	1.3187
20892	20893	1.3176
20893	20894	1.3074
20894	20895	1.3164
20895	20896	1.3419
20896	20897	1.3017
20897	20898	1.3057
20898	20899	1.2638
20899	20900	1.2745
20900	20901	1.2638
20901	20902	1.2865
20902	20903	1.2715
20903	20904	1.2764
20904	20905	1.2823
20905	20906	1.2786
20906	20907	1.2689
20907	20908	1.2440
20908	20909	1.3279
20909	20910	1.3067
20910	20911	1.3527
20911	20912	1.3502
20912	20913	1.3764
20913	20914	1.3901
20914	20915	1.4138
20915	20916	1.3751
20916	20917	1.3883
20917	20918	1.3615
20918	20919	1.3577
20919	20920	1.3352
20920	20921	1.3536
20921	20922	1.3609
20922	20923	1.3571
20923	20924	1.3290
20924	20925	1.3122
20925	20926	1.3026
20926	20927	1.2563
20927	20928	1.2900
20928	20929	1.2530
20929	20930	1.2633
20930	20931	1.2932
20931	20932	1.3330
20932	20933	1.2702
20933	20934	1.3112
20934	20935	1.3168
20935	20936	1.2672
20936	20937	1.2948
20937	20938	1.2831
20938	20939	1.2754
20939	20940	1.2565
20940	20941	1.2912
20941	20942	1.3131
20942	20943	1.3109
20943	20944	1.2779
20944	20945	1.3283
20945	20946	1.3005
20946	20947	1.3147
20947	20948	1.3022
20948	20949	1.3115
20949	20950	1.2835
20950	20951	1.2732
20951	20952	1.2692
20952	20953	1.2721
20953	20954	1.2961
20954	20955	1.2841
20955	20956	1.3101
20956	20957	1.3044
20957	20958	1.2742
20958	20959	1.2894
20959	20960	1.2810
20960	20961	1.2847
20961	20962	1.2767
20962	20963	1.3129
20963	20964	1.3470
20964	20965	1.3495
20965	20966	1.3829
20966	20967	1.3297
20967	20968	1.3277
20968	20969	1.3618
20969	20970	1.3505
20970	20971	1.2844
20971	20972	1.3007
20972	20973	1.2478
20973	20974	1.2424
20974	20975	1.2924
20975	20976	1.2656
20976	20977	1.2712
20977	20978	1.3024
20978	20979	1.2656
20979	20980	1.2692
20980	20981	1.2790
20981	20982	1.2765
20982	20983	1.3062
20983	20984	1.2981
20984	20985	1.2989
20985	20986	1.2756
20986	20987	1.3027
20987	20988	1.3022
20988	20989	1.2883
20989	20990	1.2857
20990	20991	1.2352
20991	20992	1.2513
20992	20993	1.2083
20993	20994	1.1990
20994	20995	1.2105
20995	20996	1.1748
20996	20997	1.1466
20997	20998	1.1455
20998	20999	1.1739
20999	21000	1.1532
21000	21001	1.1350
21001	21002	1.1488
21002	21003	1.1283
21003	21004	1.1665
21004	21005	1.1824
21005	21006	1.1430
21006	21007	1.1454
21007	21008	1.1426
21008	21009	1.1655
21009	21010	1.1717
21010	21011	1.1845
21011	21012	1.1934
21012	21013	1.2034
21013	21014	1.1812
21014	21015	1.1421
21015	21016	1.1540
21016	21017	1.1781
21017	21018	1.1713
21018	21019	1.1451
21019	21020	1.1471
21020	21021	1.1775
21021	21022	1.1839
21022	21023	1.2263
21023	21024	1.2319
21024	21025	1.1820
21025	21026	1.2161
21026	21027	1.2050
21027	21028	1.1941
21028	21029	1.2067
21029	21030	1.1984
21030	21031	1.2162
21031	21032	1.2008
21032	21033	1.2109
21033	21034	1.1638
21034	21035	1.1746
21035	21036	1.1411
21036	21037	1.1922
21037	21038	1.1964
21038	21039	1.2213
21039	21040	1.2595
21040	21041	1.2163
21041	21042	1.2385
21042	21043	1.2564
21043	21044	1.2702
21044	21045	1.2821
21045	21046	1.3058
21046	21047	1.2701
21047	21048	1.2896
21048	21049	1.2670
21049	21050	1.2180
21050	21051	1.2052
21051	21052	1.2443
21052	21053	1.2766
21053	21054	1.2461
21054	21055	1.2620
21055	21056	1.2399
21056	21057	1.1960
21057	21058	1.2633
21058	21059	1.2662
21059	21060	1.2909
21060	21061	1.2635
21061	21062	1.2829
21062	21063	1.3036
21063	21064	1.3038
21064	21065	1.2944
21065	21066	1.3321
21066	21067	1.3260
21067	21068	1.2957
21068	21069	1.3094
21069	21070	1.3211
21070	21071	1.3018
21071	21072	1.3089
21072	21073	1.3301
21073	21074	1.3583
21074	21075	1.3268
21075	21076	1.2946
21076	21077	1.3347
21077	21078	1.3167
21078	21079	1.3376
21079	21080	1.3332
21080	21081	1.3266
21081	21082	1.2976
21082	21083	1.2918
21083	21084	1.2779
21084	21085	1.2755
21085	21086	1.2214
21086	21087	1.2690
21087	21088	1.2826
21088	21089	1.2983
21089	21090	1.3245
21090	21091	1.2656
21091	21092	1.2818
21092	21093	1.2502
21093	21094	1.2431
21094	21095	1.2338
21095	21096	1.2354
21096	21097	1.2688
21097	21098	1.2136
21098	21099	1.2027
21099	21100	1.2354
21100	21101	1.2507
21101	21102	1.2459
21102	21103	1.2325
21103	21104	1.2130
21104	21105	1.2498
21105	21106	1.2840
21106	21107	1.3030
21107	21108	1.2312
21108	21109	1.2234
21109	21110	1.2340
21110	21111	1.2080
21111	21112	1.1764
21112	21113	1.2101
21113	21114	1.1874
21114	21115	1.2303
21115	21116	1.2112
21116	21117	1.2076
21117	21118	1.1897
21118	21119	1.1966
21119	21120	1.2204
21120	21121	1.2057
21121	21122	1.2138
21122	21123	1.2114
21123	21124	1.2276
21124	21125	1.1922
21125	21126	1.2018
21126	21127	1.2208
21127	21128	1.2348
21128	21129	1.1997
21129	21130	1.2062
21130	21131	1.2550
21131	21132	1.2190
21132	21133	1.2569
21133	21134	1.1801
21134	21135	1.2310
21135	21136	1.2643
21136	21137	1.2574
21137	21138	1.2165
21138	21139	1.1975
21139	21140	1.2251
21140	21141	1.2125
21141	21142	1.2296
21142	21143	1.2353
21143	21144	1.2094
21144	21145	1.2108
21145	21146	1.1554
21146	21147	1.1495
21147	21148	1.1996
21148	21149	1.1803
21149	21150	1.1978
21150	21151	1.1811
21151	21152	1.1967
21152	21153	1.2373
21153	21154	1.1779
21154	21155	1.1900
21155	21156	1.2061
21156	21157	1.1406
21157	21158	1.1825
21158	21159	1.1796
21159	21160	1.2177
21160	21161	1.1968
21161	21162	1.2044
21162	21163	1.1589
21163	21164	1.1504
21164	21165	1.1548
21165	21166	1.1373
21166	21167	1.1471
21167	21168	1.1402
21168	21169	1.1510
21169	21170	1.1443
21170	21171	1.1182
21171	21172	1.1205
21172	21173	1.1132
21173	21174	1.0935
21174	21175	1.1003
21175	21176	1.1194
21176	21177	1.1735
21177	21178	1.1526
21178	21179	1.1744
21179	21180	1.1643
21180	21181	1.1557
21181	21182	1.1214
21182	21183	1.1422
21183	21184	1.1731
21184	21185	1.1195
21185	21186	1.1270
21186	21187	1.1392
21187	21188	1.0989
21188	21189	1.1267
21189	21190	1.1226
21190	21191	1.1886
21191	21192	1.1323
21192	21193	1.1364
21193	21194	1.1175
21194	21195	1.1202
21195	21196	1.0924
21196	21197	1.1268
21197	21198	1.1379
21198	21199	1.1315
21199	21200	1.1265
21200	21201	1.1061
21201	21202	1.1400
21202	21203	1.1407
21203	21204	1.1617
21204	21205	1.1788
21205	21206	1.2017
21206	21207	1.2158
21207	21208	1.1730
21208	21209	1.1916
21209	21210	1.2098
21210	21211	1.2157
21211	21212	1.1789
21212	21213	1.1931
21213	21214	1.2078
21214	21215	1.2220
21215	21216	1.2226
21216	21217	1.2232
21217	21218	1.2286
21218	21219	1.2809
21219	21220	1.2358
21220	21221	1.2167
21221	21222	1.2009
21222	21223	1.2051
21223	21224	1.2176
21224	21225	1.2327
21225	21226	1.2297
21226	21227	1.1889
21227	21228	1.2283
21228	21229	1.2222
21229	21230	1.2112
21230	21231	1.1933
21231	21232	1.1826
21232	21233	1.2344
21233	21234	1.2109
21234	21235	1.1949
21235	21236	1.2062
21236	21237	1.2285
21237	21238	1.1813
21238	21239	1.1949
21239	21240	1.1939
21240	21241	1.2015
21241	21242	1.2333
21242	21243	1.2509
21243	21244	1.2536
21244	21245	1.2452
21245	21246	1.2078
21246	21247	1.1689
21247	21248	1.1557
21248	21249	1.2055
21249	21250	1.1961
21250	21251	1.1733
21251	21252	1.1576
21252	21253	1.1656
21253	21254	1.1537
21254	21255	1.1597
21255	21256	1.2016
21256	21257	1.1687
21257	21258	1.1519
21258	21259	1.1613
21259	21260	1.1726
21260	21261	1.1669
21261	21262	1.1484
21262	21263	1.0916
21263	21264	1.0906
21264	21265	1.1051
21265	21266	1.1002
21266	21267	1.1009
21267	21268	1.0898
21268	21269	1.1253
21269	21270	1.1333
21270	21271	1.1294
21271	21272	1.1412
21272	21273	1.1071
21273	21274	1.0951
21274	21275	1.0833
21275	21276	1.0931
21276	21277	1.0812
21277	21278	1.0873
21278	21279	1.1029
21279	21280	1.0810
21280	21281	1.0813
21281	21282	1.0896
21282	21283	1.0396
21283	21284	1.0648
21284	21285	1.0902
21285	21286	1.0444
21286	21287	1.0600
21287	21288	1.0275
21288	21289	1.0383
21289	21290	1.0191
21290	21291	1.0486
21291	21292	1.0758
21292	21293	1.1047
21293	21294	1.0868
21294	21295	1.1117
21295	21296	1.1207
21296	21297	1.1061
21297	21298	1.0944
21298	21299	1.0837
21299	21300	1.1015
21300	21301	1.0513
21301	21302	1.0837
21302	21303	1.1174
21303	21304	1.1667
21304	21305	1.1291
21305	21306	1.1363
21306	21307	1.1157
21307	21308	1.1259
21308	21309	1.1424
21309	21310	1.0894
21310	21311	1.0622
21311	21312	1.1012
21312	21313	1.0677
21313	21314	1.1241
21314	21315	1.0919
21315	21316	1.0596
21316	21317	1.0506
21317	21318	1.0763
21318	21319	1.1330
21319	21320	1.0711
21320	21321	1.1056
21321	21322	1.1045
21322	21323	1.0915
21323	21324	1.0926
21324	21325	1.1359
21325	21326	1.1190
21326	21327	1.1072
21327	21328	1.1157
21328	21329	1.0996
21329	21330	1.1198
21330	21331	1.1032
21331	21332	1.1304
21332	21333	1.1469
21333	21334	1.1259
21334	21335	1.1101
21335	21336	1.1125
21336	21337	1.1445
21337	21338	1.1450
21338	21339	1.1561
21339	21340	1.1415
21340	21341	1.1241
21341	21342	1.1535
21342	21343	1.1272
21343	21344	1.1703
21344	21345	1.1680
21345	21346	1.1559
21346	21347	1.1474
21347	21348	1.1401
21348	21349	1.1552
21349	21350	1.1426
21350	21351	1.1355
21351	21352	1.1376
21352	21353	1.1843
21353	21354	1.1412
21354	21355	1.1588
21355	21356	1.1218
21356	21357	1.1723
21357	21358	1.1720
21358	21359	1.1345
21359	21360	1.1660
21360	21361	1.1683
21361	21362	1.1732
21362	21363	1.1350
21363	21364	1.1720
21364	21365	1.1428
21365	21366	1.1945
21366	21367	1.1304
21367	21368	1.1212
21368	21369	1.1356
21369	21370	1.1285
21370	21371	1.1136
21371	21372	1.1154
21372	21373	1.1127
21373	21374	1.1582
21374	21375	1.1462
21375	21376	1.1599
21376	21377	1.1609
21377	21378	1.1886
21378	21379	1.2177
21379	21380	1.2007
21380	21381	1.1565
21381	21382	1.1866
21382	21383	1.1286
21383	21384	1.1372
21384	21385	1.1363
21385	21386	1.1264
21386	21387	1.1381
21387	21388	1.1373
21388	21389	1.0945
21389	21390	1.0703
21390	21391	1.0838
21391	21392	1.1214
21392	21393	1.1017
21393	21394	1.0938
21394	21395	1.0680
21395	21396	1.0735
21396	21397	1.0594
21397	21398	1.0502
21398	21399	1.0854
21399	21400	1.1045
21400	21401	1.0861
21401	21402	1.0816
21402	21403	1.0962
21403	21404	1.1361
21404	21405	1.1159
21405	21406	1.1356
21406	21407	1.1579
21407	21408	1.1791
21408	21409	1.1650
21409	21410	1.2064
21410	21411	1.1448
21411	21412	1.0914
21412	21413	1.1392
21413	21414	1.1931
21414	21415	1.1734
21415	21416	1.1580
21416	21417	1.2178
21417	21418	1.1595
21418	21419	1.1655
21419	21420	1.1695
21420	21421	1.1614
21421	21422	1.1394
21422	21423	1.1687
21423	21424	1.1825
21424	21425	1.1746
21425	21426	1.2027
21426	21427	1.2171
21427	21428	1.1922
21428	21429	1.1862
21429	21430	1.2224
21430	21431	1.2405
21431	21432	1.2031
21432	21433	1.2080
21433	21434	1.1691
21434	21435	1.1429
21435	21436	1.1568
21436	21437	1.1593
21437	21438	1.1545
21438	21439	1.1531
21439	21440	1.1268
21440	21441	1.1609
21441	21442	1.1454
21442	21443	1.1570
21443	21444	1.1560
21444	21445	1.1647
21445	21446	1.1788
21446	21447	1.1248
21447	21448	1.1249
21448	21449	1.1029
21449	21450	1.1776
21450	21451	1.1815
21451	21452	1.1420
21452	21453	1.1570
21453	21454	1.1735
21454	21455	1.1732
21455	21456	1.1354
21456	21457	1.1676
21457	21458	1.1943
21458	21459	1.2083
21459	21460	1.1810
21460	21461	1.1798
21461	21462	1.1826
21462	21463	1.1471
21463	21464	1.1233
21464	21465	1.1589
21465	21466	1.1447
21466	21467	1.1682
21467	21468	1.1319
21468	21469	1.1323
21469	21470	1.1401
21470	21471	1.1682
21471	21472	1.1699
21472	21473	1.1679
21473	21474	1.2056
21474	21475	1.1810
21475	21476	1.1451
21476	21477	1.1630
21477	21478	1.1676
21478	21479	1.1260
21479	21480	1.1785
21480	21481	1.1799
21481	21482	1.2302
21482	21483	1.2268
21483	21484	1.2237
21484	21485	1.2148
21485	21486	1.2378
21486	21487	1.2518
21487	21488	1.2176
21488	21489	1.2017
21489	21490	1.1605
21490	21491	1.1640
21491	21492	1.1330
21492	21493	1.1381
21493	21494	1.1714
21494	21495	1.1138
21495	21496	1.1151
21496	21497	1.1722
21497	21498	1.1612
21498	21499	1.1748
21499	21500	1.1549
21500	21501	1.1327
21501	21502	1.1555
21502	21503	1.2087
21503	21504	1.2374
21504	21505	1.2331
21505	21506	1.2000
21506	21507	1.2158
21507	21508	1.2133
21508	21509	1.2477
21509	21510	1.2279
21510	21511	1.2603
21511	21512	1.2170
21512	21513	1.2555
21513	21514	1.2232
21514	21515	1.2432
21515	21516	1.2430
21516	21517	1.2518
21517	21518	1.2424
21518	21519	1.2360
21519	21520	1.2347
21520	21521	1.2417
21521	21522	1.2495
21522	21523	1.2596
21523	21524	1.2890
21524	21525	1.2685
21525	21526	1.2383
21526	21527	1.2456
21527	21528	1.2179
21528	21529	1.2493
21529	21530	1.2243
21530	21531	1.2444
21531	21532	1.2453
21532	21533	1.2450
21533	21534	1.2760
21534	21535	1.2595
21535	21536	1.2415
21536	21537	1.2263
21537	21538	1.2038
21538	21539	1.2188
21539	21540	1.2134
21540	21541	1.2217
21541	21542	1.1898
21542	21543	1.1983
21543	21544	1.1921
21544	21545	1.1528
21545	21546	1.1852
21546	21547	1.1643
21547	21548	1.1666
21548	21549	1.1749
21549	21550	1.2215
21550	21551	1.2465
21551	21552	1.2273
21552	21553	1.2200
21553	21554	1.2592
21554	21555	1.2270
21555	21556	1.2048
21556	21557	1.2530
21557	21558	1.2378
21558	21559	1.2186
21559	21560	1.2557
21560	21561	1.2814
21561	21562	1.3340
21562	21563	1.2607
21563	21564	1.2781
21564	21565	1.2860
21565	21566	1.2918
21566	21567	1.2781
21567	21568	1.2187
21568	21569	1.2327
21569	21570	1.2621
21570	21571	1.2901
21571	21572	1.3396
21572	21573	1.3287
21573	21574	1.3275
21574	21575	1.2972
21575	21576	1.3029
21576	21577	1.3081
21577	21578	1.2951
21578	21579	1.3137
21579	21580	1.2911
21580	21581	1.2623
21581	21582	1.2912
21582	21583	1.2506
21583	21584	1.2527
21584	21585	1.2631
21585	21586	1.3122
21586	21587	1.2838
21587	21588	1.2781
21588	21589	1.3083
21589	21590	1.3063
21590	21591	1.3327
21591	21592	1.3406
21592	21593	1.3211
21593	21594	1.2902
21594	21595	1.2735
21595	21596	1.2727
21596	21597	1.2539
21597	21598	1.2665
21598	21599	1.2952
21599	21600	1.2988
21600	21601	1.2501
21601	21602	1.2653
21602	21603	1.2888
21603	21604	1.2696
21604	21605	1.2668
21605	21606	1.2854
21606	21607	1.3177
21607	21608	1.2880
21608	21609	1.2984
21609	21610	1.2905
21610	21611	1.3146
21611	21612	1.3186
21612	21613	1.2912
21613	21614	1.2806
21614	21615	1.2559
21615	21616	1.2496
21616	21617	1.2142
21617	21618	1.2122
21618	21619	1.1503
21619	21620	1.1750
21620	21621	1.2032
21621	21622	1.2118
21622	21623	1.2175
21623	21624	1.2436
21624	21625	1.2169
21625	21626	1.1889
21626	21627	1.2342
21627	21628	1.1874
21628	21629	1.1653
21629	21630	1.1733
21630	21631	1.1411
21631	21632	1.1394
21632	21633	1.1539
21633	21634	1.1122
21634	21635	1.1164
21635	21636	1.1248
21636	21637	1.1167
21637	21638	1.1413
21638	21639	1.1686
21639	21640	1.1404
21640	21641	1.1545
21641	21642	1.1616
21642	21643	1.1589
21643	21644	1.1441
21644	21645	1.1517
21645	21646	1.2263
21646	21647	1.2440
21647	21648	1.1757
21648	21649	1.1269
21649	21650	1.1253
21650	21651	1.1962
21651	21652	1.2396
21652	21653	1.1880
21653	21654	1.1691
21654	21655	1.1625
21655	21656	1.1948
21656	21657	1.1629
21657	21658	1.1358
21658	21659	1.1236
21659	21660	1.1491
21660	21661	1.1361
21661	21662	1.1586
21662	21663	1.1430
21663	21664	1.0722
21664	21665	1.1011
21665	21666	1.1242
21666	21667	1.1720
21667	21668	1.1550
21668	21669	1.1806
21669	21670	1.1558
21670	21671	1.1949
21671	21672	1.2113
21672	21673	1.1947
21673	21674	1.1877
21674	21675	1.1777
21675	21676	1.1659
21676	21677	1.1418
21677	21678	1.1298
21678	21679	1.1466
21679	21680	1.1480
21680	21681	1.1540
21681	21682	1.1322
21682	21683	1.1317
21683	21684	1.1317
21684	21685	1.1452
21685	21686	1.1783
21686	21687	1.1822
21687	21688	1.1371
21688	21689	1.1865
21689	21690	1.1666
21690	21691	1.1820
21691	21692	1.1736
21692	21693	1.1736
21693	21694	1.1206
21694	21695	1.1781
21695	21696	1.1462
21696	21697	1.1454
21697	21698	1.1262
21698	21699	1.1215
21699	21700	1.1054
21700	21701	1.1510
21701	21702	1.1396
21702	21703	1.1282
21703	21704	1.1402
21704	21705	1.1727
21705	21706	1.1706
21706	21707	1.1502
21707	21708	1.1453
21708	21709	1.1704
21709	21710	1.1686
21710	21711	1.1555
21711	21712	1.1621
21712	21713	1.1801
21713	21714	1.2007
21714	21715	1.1662
21715	21716	1.1750
21716	21717	1.1668
21717	21718	1.1990
21718	21719	1.1836
21719	21720	1.1813
21720	21721	1.1880
21721	21722	1.1691
21722	21723	1.1772
21723	21724	1.1654
21724	21725	1.2251
21725	21726	1.1818
21726	21727	1.2427
21727	21728	1.2433
21728	21729	1.1962
21729	21730	1.2269
21730	21731	1.2330
21731	21732	1.2456
21732	21733	1.2657
21733	21734	1.3344
21734	21735	1.2938
21735	21736	1.2931
21736	21737	1.3114
21737	21738	1.3027
21738	21739	1.2948
21739	21740	1.2955
21740	21741	1.2726
21741	21742	1.3166
21742	21743	1.3008
21743	21744	1.2864
21744	21745	1.2854
21745	21746	1.2786
21746	21747	1.2517
21747	21748	1.3042
21748	21749	1.3611
21749	21750	1.3564
21750	21751	1.3753
21751	21752	1.3620
21752	21753	1.3454
21753	21754	1.3249
21754	21755	1.3525
21755	21756	1.3529
21756	21757	1.3125
21757	21758	1.3336
21758	21759	1.3798
21759	21760	1.3604
21760	21761	1.3756
21761	21762	1.3011
21762	21763	1.3312
21763	21764	1.3515
21764	21765	1.3484
21765	21766	1.3717
21766	21767	1.3615
21767	21768	1.3603
21768	21769	1.3457
21769	21770	1.3348
21770	21771	1.3336
21771	21772	1.3735
21772	21773	1.4285
21773	21774	1.3913
21774	21775	1.3735
21775	21776	1.3723
21776	21777	1.3945
21777	21778	1.4120
21778	21779	1.4202
21779	21780	1.4103
21780	21781	1.3786
21781	21782	1.4089
21782	21783	1.4531
21783	21784	1.4677
21784	21785	1.4962
21785	21786	1.4731
21786	21787	1.5140
21787	21788	1.4796
21788	21789	1.5574
21789	21790	1.5131
21790	21791	1.5223
21791	21792	1.5306
21792	21793	1.5631
21793	21794	1.5225
21794	21795	1.5599
21795	21796	1.5532
21796	21797	1.5529
21797	21798	1.5357
21798	21799	1.5399
21799	21800	1.4900
21800	21801	1.5628
21801	21802	1.5649
21802	21803	1.5600
21803	21804	1.6192
21804	21805	1.5964
21805	21806	1.5658
21806	21807	1.6141
21807	21808	1.5630
21808	21809	1.4981
21809	21810	1.5316
21810	21811	1.5527
21811	21812	1.5334
21812	21813	1.4891
21813	21814	1.4112
21814	21815	1.4034
21815	21816	1.4405
21816	21817	1.4288
21817	21818	1.3941
21818	21819	1.4233
21819	21820	1.4109
21820	21821	1.4614
21821	21822	1.3971
21822	21823	1.3978
21823	21824	1.4606
21824	21825	1.4465
21825	21826	1.4431
21826	21827	1.4619
21827	21828	1.3998
21828	21829	1.3867
21829	21830	1.3975
21830	21831	1.3951
21831	21832	1.4166
21832	21833	1.4180
21833	21834	1.4653
21834	21835	1.4518
21835	21836	1.4875
21836	21837	1.4812
21837	21838	1.4718
21838	21839	1.4720
21839	21840	1.4916
21840	21841	1.4302
21841	21842	1.4755
21842	21843	1.4510
21843	21844	1.4700
21844	21845	1.4605
21845	21846	1.4484
21846	21847	1.4358
21847	21848	1.4339
21848	21849	1.4034
21849	21850	1.3799
21850	21851	1.3615
21851	21852	1.3652
21852	21853	1.3358
21853	21854	1.3384
21854	21855	1.3318
21855	21856	1.3930
21856	21857	1.3457
21857	21858	1.3927
21858	21859	1.3599
21859	21860	1.3396
21860	21861	1.3978
21861	21862	1.3778
21862	21863	1.3493
21863	21864	1.3514
21864	21865	1.3740
21865	21866	1.3570
21866	21867	1.3090
21867	21868	1.3626
21868	21869	1.4088
21869	21870	1.4245
21870	21871	1.3767
21871	21872	1.3443
21872	21873	1.2925
21873	21874	1.3429
21874	21875	1.3153
21875	21876	1.3185
21876	21877	1.2988
21877	21878	1.3080
21878	21879	1.3256
21879	21880	1.3383
21880	21881	1.3338
21881	21882	1.3530
21882	21883	1.3734
21883	21884	1.3754
21884	21885	1.4343
21885	21886	1.4378
21886	21887	1.3869
21887	21888	1.3610
21888	21889	1.3956
21889	21890	1.3697
21890	21891	1.3494
21891	21892	1.3248
21892	21893	1.3373
21893	21894	1.3328
21894	21895	1.3451
21895	21896	1.3405
21896	21897	1.3241
21897	21898	1.3100
21898	21899	1.3242
21899	21900	1.3179
21900	21901	1.3084
21901	21902	1.3064
21902	21903	1.3064
21903	21904	1.2771
21904	21905	1.2858
21905	21906	1.2319
21906	21907	1.2147
21907	21908	1.2241
21908	21909	1.1938
21909	21910	1.2419
21910	21911	1.2847
21911	21912	1.3238
21912	21913	1.2862
21913	21914	1.2503
21914	21915	1.2590
21915	21916	1.2588
21916	21917	1.2687
21917	21918	1.2904
21918	21919	1.2557
21919	21920	1.2924
21920	21921	1.2916
21921	21922	1.2450
21922	21923	1.2515
21923	21924	1.3088
21924	21925	1.3214
21925	21926	1.3358
21926	21927	1.3589
21927	21928	1.3421
21928	21929	1.3142
21929	21930	1.3439
21930	21931	1.3357
21931	21932	1.3748
21932	21933	1.3823
21933	21934	1.3853
21934	21935	1.4313
21935	21936	1.3947
21936	21937	1.3703
21937	21938	1.3581
21938	21939	1.3695
21939	21940	1.4159
21940	21941	1.4117
21941	21942	1.4027
21942	21943	1.4410
21943	21944	1.4145
21944	21945	1.3842
21945	21946	1.3455
21946	21947	1.3207
21947	21948	1.3576
21948	21949	1.3520
21949	21950	1.3717
21950	21951	1.4087
21951	21952	1.3808
21952	21953	1.3888
21953	21954	1.3992
21954	21955	1.3932
21955	21956	1.4031
21956	21957	1.4064
21957	21958	1.3965
21958	21959	1.3877
21959	21960	1.3511
21960	21961	1.3554
21961	21962	1.3033
21962	21963	1.3498
21963	21964	1.3433
21964	21965	1.3370
21965	21966	1.3567
21966	21967	1.3207
21967	21968	1.3391
21968	21969	1.3326
21969	21970	1.2970
21970	21971	1.3333
21971	21972	1.3265
21972	21973	1.3283
21973	21974	1.3138
21974	21975	1.3338
21975	21976	1.2598
21976	21977	1.2679
21977	21978	1.2816
21978	21979	1.2781
21979	21980	1.2927
21980	21981	1.3095
21981	21982	1.3134
21982	21983	1.3273
21983	21984	1.3089
21984	21985	1.3421
21985	21986	1.3563
21986	21987	1.3739
21987	21988	1.3490
21988	21989	1.3529
21989	21990	1.3482
21990	21991	1.3275
21991	21992	1.3472
21992	21993	1.3393
21993	21994	1.3751
21994	21995	1.4030
21995	21996	1.3195
21996	21997	1.3094
21997	21998	1.3442
21998	21999	1.3973
21999	22000	1.3580
22000	22001	1.3641
22001	22002	1.3438
22002	22003	1.3297
22003	22004	1.3163
22004	22005	1.3024
22005	22006	1.3364
22006	22007	1.3975
22007	22008	1.3296
22008	22009	1.3533
22009	22010	1.3567
22010	22011	1.3267
22011	22012	1.2780
22012	22013	1.3174
22013	22014	1.3106
22014	22015	1.3181
22015	22016	1.3252
22016	22017	1.3082
22017	22018	1.3467
22018	22019	1.3609
22019	22020	1.3723
22020	22021	1.4421
22021	22022	1.3606
22022	22023	1.3668
22023	22024	1.3596
22024	22025	1.3614
22025	22026	1.3352
22026	22027	1.3529
22027	22028	1.3447
22028	22029	1.3244
22029	22030	1.3156
22030	22031	1.3483
22031	22032	1.2933
22032	22033	1.3226
22033	22034	1.3274
22034	22035	1.3236
22035	22036	1.2666
22036	22037	1.3194
22037	22038	1.3517
22038	22039	1.3325
22039	22040	1.3951
22040	22041	1.3537
22041	22042	1.3704
22042	22043	1.3463
22043	22044	1.3309
22044	22045	1.3722
22045	22046	1.4128
22046	22047	1.3755
22047	22048	1.4109
22048	22049	1.3525
22049	22050	1.3100
22050	22051	1.3242
22051	22052	1.3335
22052	22053	1.3933
22053	22054	1.3586
22054	22055	1.3578
22055	22056	1.3639
22056	22057	1.3810
22057	22058	1.3883
22058	22059	1.3816
22059	22060	1.3735
22060	22061	1.3573
22061	22062	1.3762
22062	22063	1.3755
22063	22064	1.3752
22064	22065	1.3709
22065	22066	1.3701
22066	22067	1.3950
22067	22068	1.3798
22068	22069	1.3482
22069	22070	1.3006
22070	22071	1.3164
22071	22072	1.3806
22072	22073	1.3712
22073	22074	1.3515
22074	22075	1.3299
22075	22076	1.3463
22076	22077	1.3240
22077	22078	1.3098
22078	22079	1.3081
22079	22080	1.3091
22080	22081	1.3312
22081	22082	1.3474
22082	22083	1.3169
22083	22084	1.3325
22084	22085	1.3534
22085	22086	1.3202
22086	22087	1.3047
22087	22088	1.3562
22088	22089	1.3483
22089	22090	1.3180
22090	22091	1.3045
22091	22092	1.3514
22092	22093	1.3080
22093	22094	1.2983
22094	22095	1.2864
22095	22096	1.3261
22096	22097	1.3190
22097	22098	1.3500
22098	22099	1.3686
22099	22100	1.3310
22100	22101	1.3097
22101	22102	1.3420
22102	22103	1.3277
22103	22104	1.3414
22104	22105	1.3207
22105	22106	1.3064
22106	22107	1.3427
22107	22108	1.3484
22108	22109	1.3111
22109	22110	1.3024
22110	22111	1.3096
22111	22112	1.3120
22112	22113	1.2986
22113	22114	1.3753
22114	22115	1.3999
22115	22116	1.4354
22116	22117	1.4318
22117	22118	1.4250
22118	22119	1.4130
22119	22120	1.3680
22120	22121	1.3868
22121	22122	1.4402
22122	22123	1.4095
22123	22124	1.4076
22124	22125	1.4519
22125	22126	1.4381
22126	22127	1.4673
22127	22128	1.3823
22128	22129	1.4534
22129	22130	1.4546
22130	22131	1.4370
22131	22132	1.3993
22132	22133	1.3999
22133	22134	1.4769
22134	22135	1.4139
22135	22136	1.3879
22136	22137	1.4029
22137	22138	1.4508
22138	22139	1.4472
22139	22140	1.4619
22140	22141	1.4659
22141	22142	1.4558
22142	22143	1.4333
22143	22144	1.3895
22144	22145	1.4508
22145	22146	1.5046
22146	22147	1.4934
22147	22148	1.4681
22148	22149	1.4943
22149	22150	1.4527
22150	22151	1.4535
22151	22152	1.4812
22152	22153	1.4602
22153	22154	1.4051
22154	22155	1.3930
22155	22156	1.3575
22156	22157	1.3382
22157	22158	1.3150
22158	22159	1.3477
22159	22160	1.3584
22160	22161	1.3538
22161	22162	1.3350
22162	22163	1.3593
22163	22164	1.3334
22164	22165	1.3005
22165	22166	1.3258
22166	22167	1.3329
22167	22168	1.3319
22168	22169	1.2894
22169	22170	1.2911
22170	22171	1.3037
22171	22172	1.3222
22172	22173	1.2800
22173	22174	1.3011
22174	22175	1.3173
22175	22176	1.3769
22176	22177	1.3718
22177	22178	1.3519
22178	22179	1.3341
22179	22180	1.3223
22180	22181	1.2822
22181	22182	1.3078
22182	22183	1.3654
22183	22184	1.3635
22184	22185	1.3477
22185	22186	1.3490
22186	22187	1.3638
22187	22188	1.3648
22188	22189	1.3707
22189	22190	1.3896
22190	22191	1.3274
22191	22192	1.3439
22192	22193	1.3204
22193	22194	1.2959
22194	22195	1.2807
22195	22196	1.3108
22196	22197	1.3290
22197	22198	1.2705
22198	22199	1.3058
22199	22200	1.2763
22200	22201	1.3032
22201	22202	1.3189
22202	22203	1.3056
22203	22204	1.3179
22204	22205	1.2951
22205	22206	1.2926
22206	22207	1.3053
22207	22208	1.3378
22208	22209	1.3030
22209	22210	1.2832
22210	22211	1.2765
22211	22212	1.2913
22212	22213	1.2727
22213	22214	1.3133
22214	22215	1.3162
22215	22216	1.2837
22216	22217	1.2532
22217	22218	1.3014
22218	22219	1.2839
22219	22220	1.2867
22220	22221	1.3119
22221	22222	1.2383
22222	22223	1.2581
22223	22224	1.2665
22224	22225	1.2572
22225	22226	1.2472
22226	22227	1.2274
22227	22228	1.2275
22228	22229	1.2059
22229	22230	1.1843
22230	22231	1.2036
22231	22232	1.2401
22232	22233	1.2493
22233	22234	1.2405
22234	22235	1.2057
22235	22236	1.2671
22236	22237	1.2404
22237	22238	1.2482
22238	22239	1.2519
22239	22240	1.2391
22240	22241	1.1969
22241	22242	1.2072
22242	22243	1.2115
22243	22244	1.1956
22244	22245	1.2416
22245	22246	1.2814
22246	22247	1.2974
22247	22248	1.2456
22248	22249	1.2383
22249	22250	1.2169
22250	22251	1.2156
22251	22252	1.1839
22252	22253	1.1758
22253	22254	1.2166
22254	22255	1.2633
22255	22256	1.2719
22256	22257	1.2350
22257	22258	1.2976
22258	22259	1.2603
22259	22260	1.2863
22260	22261	1.2680
22261	22262	1.2635
22262	22263	1.2904
22263	22264	1.2903
22264	22265	1.2728
22265	22266	1.2474
22266	22267	1.2400
22267	22268	1.2184
22268	22269	1.1973
22269	22270	1.1985
22270	22271	1.2232
22271	22272	1.2363
22272	22273	1.2020
22273	22274	1.2319
22274	22275	1.1922
22275	22276	1.2310
22276	22277	1.2409
22277	22278	1.2393
22278	22279	1.1948
22279	22280	1.1872
22280	22281	1.1310
22281	22282	1.1751
22282	22283	1.1492
22283	22284	1.1206
22284	22285	1.1107
22285	22286	1.1692
22286	22287	1.1585
22287	22288	1.1507
22288	22289	1.1110
22289	22290	1.0989
22290	22291	1.1046
22291	22292	1.1376
22292	22293	1.1619
22293	22294	1.1488
22294	22295	1.1509
22295	22296	1.1510
22296	22297	1.0969
22297	22298	1.1227
22298	22299	1.0978
22299	22300	1.0990
22300	22301	1.0757
22301	22302	1.0817
22302	22303	1.0631
22303	22304	1.1066
22304	22305	1.1165
22305	22306	1.1292
22306	22307	1.1353
22307	22308	1.1088
22308	22309	1.0811
22309	22310	1.1026
22310	22311	1.0653
22311	22312	1.1503
22312	22313	1.1472
22313	22314	1.1632
22314	22315	1.1428
22315	22316	1.1220
22316	22317	1.1496
22317	22318	1.1333
22318	22319	1.1515
22319	22320	1.1261
22320	22321	1.1465
22321	22322	1.1550
22322	22323	1.1794
22323	22324	1.0975
22324	22325	1.1433
22325	22326	1.1759
22326	22327	1.1796
22327	22328	1.1930
22328	22329	1.1585
22329	22330	1.1517
22330	22331	1.1616
22331	22332	1.1529
22332	22333	1.1315
22333	22334	1.1398
22334	22335	1.1212
22335	22336	1.1407
22336	22337	1.1527
22337	22338	1.1659
22338	22339	1.1503
22339	22340	1.1541
22340	22341	1.1200
22341	22342	1.0787
22342	22343	1.1131
22343	22344	1.0940
22344	22345	1.1092
22345	22346	1.1201
22346	22347	1.1762
22347	22348	1.1843
22348	22349	1.1596
22349	22350	1.1618
22350	22351	1.1529
22351	22352	1.1561
22352	22353	1.1685
22353	22354	1.1697
22354	22355	1.2534
22355	22356	1.2151
22356	22357	1.2302
22357	22358	1.2432
22358	22359	1.2458
22359	22360	1.2094
22360	22361	1.2009
22361	22362	1.2128
22362	22363	1.2522
22363	22364	1.2695
22364	22365	1.2925
22365	22366	1.3000
22366	22367	1.2648
22367	22368	1.2955
22368	22369	1.2610
22369	22370	1.3075
22370	22371	1.2977
22371	22372	1.2907
22372	22373	1.2450
22373	22374	1.2089
22374	22375	1.2134
22375	22376	1.2127
22376	22377	1.1906
22377	22378	1.2094
22378	22379	1.1748
22379	22380	1.1765
22380	22381	1.2029
22381	22382	1.1628
22382	22383	1.1874
22383	22384	1.2395
22384	22385	1.2621
22385	22386	1.2793
22386	22387	1.2678
22387	22388	1.2732
22388	22389	1.2709
22389	22390	1.2529
22390	22391	1.2510
22391	22392	1.2688
22392	22393	1.2441
22393	22394	1.2294
22394	22395	1.2194
22395	22396	1.1856
22396	22397	1.1882
22397	22398	1.2094
22398	22399	1.1726
22399	22400	1.1897
22400	22401	1.2536
22401	22402	1.2197
22402	22403	1.2734
22403	22404	1.2430
22404	22405	1.2376
22405	22406	1.2260
22406	22407	1.2586
22407	22408	1.2722
22408	22409	1.2581
22409	22410	1.2258
22410	22411	1.2592
22411	22412	1.2961
22412	22413	1.2810
22413	22414	1.2905
22414	22415	1.3121
22415	22416	1.3166
22416	22417	1.3198
22417	22418	1.3220
22418	22419	1.2919
22419	22420	1.2892
22420	22421	1.2790
22421	22422	1.2423
22422	22423	1.2608
22423	22424	1.2368
22424	22425	1.2194
22425	22426	1.2112
22426	22427	1.2157
22427	22428	1.2123
22428	22429	1.1878
22429	22430	1.2068
22430	22431	1.2013
22431	22432	1.2344
22432	22433	1.2034
22433	22434	1.2391
22434	22435	1.2366
22435	22436	1.2260
22436	22437	1.2601
22437	22438	1.2199
22438	22439	1.2098
22439	22440	1.2404
22440	22441	1.2094
22441	22442	1.2166
22442	22443	1.2446
22443	22444	1.1978
22444	22445	1.1387
22445	22446	1.1771
22446	22447	1.1860
22447	22448	1.1910
22448	22449	1.1998
22449	22450	1.2169
22450	22451	1.2146
22451	22452	1.2232
22452	22453	1.2096
22453	22454	1.2280
22454	22455	1.2282
22455	22456	1.1982
22456	22457	1.2011
22457	22458	1.1986
22458	22459	1.2325
22459	22460	1.2533
22460	22461	1.2253
22461	22462	1.2460
22462	22463	1.2761
22463	22464	1.2498
22464	22465	1.2653
22465	22466	1.2115
22466	22467	1.2213
22467	22468	1.2808
22468	22469	1.2409
22469	22470	1.2557
22470	22471	1.2598
22471	22472	1.2751
22472	22473	1.2984
22473	22474	1.2765
22474	22475	1.2257
22475	22476	1.2241
22476	22477	1.1920
22477	22478	1.2411
22478	22479	1.2417
22479	22480	1.2146
22480	22481	1.2134
22481	22482	1.2482
22482	22483	1.2251
22483	22484	1.2235
22484	22485	1.2435
22485	22486	1.2460
22486	22487	1.1888
22487	22488	1.1966
22488	22489	1.2302
22489	22490	1.1966
22490	22491	1.2354
22491	22492	1.1541
22492	22493	1.1766
22493	22494	1.2104
22494	22495	1.2626
22495	22496	1.2605
22496	22497	1.2709
22497	22498	1.2873
22498	22499	1.2927
22499	22500	1.3016
22500	22501	1.2599
22501	22502	1.2826
22502	22503	1.2795
22503	22504	1.2545
22504	22505	1.2799
22505	22506	1.3003
22506	22507	1.2764
22507	22508	1.2654
22508	22509	1.3064
22509	22510	1.2301
22510	22511	1.2344
22511	22512	1.2620
22512	22513	1.2810
22513	22514	1.3252
22514	22515	1.3272
22515	22516	1.3319
22516	22517	1.2998
22517	22518	1.2887
22518	22519	1.2769
22519	22520	1.2981
22520	22521	1.2451
22521	22522	1.2178
22522	22523	1.2116
22523	22524	1.2020
22524	22525	1.2087
22525	22526	1.1872
22526	22527	1.2322
22527	22528	1.2395
22528	22529	1.2267
22529	22530	1.2420
22530	22531	1.2072
22531	22532	1.2142
22532	22533	1.1956
22533	22534	1.2646
22534	22535	1.2460
22535	22536	1.2106
22536	22537	1.2063
22537	22538	1.1317
22538	22539	1.1251
22539	22540	1.1696
22540	22541	1.1595
22541	22542	1.1989
22542	22543	1.1866
22543	22544	1.1872
22544	22545	1.2075
22545	22546	1.1414
22546	22547	1.1653
22547	22548	1.1665
22548	22549	1.1788
22549	22550	1.1709
22550	22551	1.1417
22551	22552	1.2030
22552	22553	1.2064
22553	22554	1.1984
22554	22555	1.2302
22555	22556	1.2010
22556	22557	1.1851
22557	22558	1.1769
22558	22559	1.2142
22559	22560	1.2236
22560	22561	1.2123
22561	22562	1.1929
22562	22563	1.1828
22563	22564	1.1670
22564	22565	1.1223
22565	22566	1.1413
22566	22567	1.1938
22567	22568	1.1976
22568	22569	1.2024
22569	22570	1.2102
22570	22571	1.2112
22571	22572	1.2191
22572	22573	1.2343
22573	22574	1.2504
22574	22575	1.2504
22575	22576	1.2241
22576	22577	1.2341
22577	22578	1.2701
22578	22579	1.2808
22579	22580	1.2730
22580	22581	1.2671
22581	22582	1.3311
22582	22583	1.3061
22583	22584	1.2976
22584	22585	1.3290
22585	22586	1.3648
22586	22587	1.3601
22587	22588	1.2984
22588	22589	1.2840
22589	22590	1.2803
22590	22591	1.3114
22591	22592	1.2948
22592	22593	1.2911
22593	22594	1.2854
22594	22595	1.2926
22595	22596	1.3083
22596	22597	1.3064
22597	22598	1.2736
22598	22599	1.3077
22599	22600	1.2551
22600	22601	1.2223
22601	22602	1.2719
22602	22603	1.2726
22603	22604	1.2555
22604	22605	1.2666
22605	22606	1.2280
22606	22607	1.2196
22607	22608	1.2152
22608	22609	1.1892
22609	22610	1.1660
22610	22611	1.1187
22611	22612	1.1070
22612	22613	1.1536
22613	22614	1.1977
22614	22615	1.2300
22615	22616	1.2746
22616	22617	1.2359
22617	22618	1.3099
22618	22619	1.2613
22619	22620	1.2931
22620	22621	1.3139
22621	22622	1.2716
22622	22623	1.2116
22623	22624	1.2088
22624	22625	1.2586
22625	22626	1.2518
22626	22627	1.2004
22627	22628	1.2448
22628	22629	1.2452
22629	22630	1.2253
22630	22631	1.2358
22631	22632	1.2018
22632	22633	1.2030
22633	22634	1.1835
22634	22635	1.1784
22635	22636	1.2246
22636	22637	1.2249
22637	22638	1.2446
22638	22639	1.1992
22639	22640	1.2133
22640	22641	1.1376
22641	22642	1.1149
22642	22643	1.1477
22643	22644	1.1519
22644	22645	1.1392
22645	22646	1.1940
22646	22647	1.2083
22647	22648	1.2311
22648	22649	1.1712
22649	22650	1.2262
22650	22651	1.2309
22651	22652	1.2093
22652	22653	1.1812
22653	22654	1.2278
22654	22655	1.2546
22655	22656	1.2389
22656	22657	1.2102
22657	22658	1.2030
22658	22659	1.1938
22659	22660	1.2071
22660	22661	1.1913
22661	22662	1.1872
22662	22663	1.1921
22663	22664	1.1987
22664	22665	1.1856
22665	22666	1.2108
22666	22667	1.1530
22667	22668	1.1785
22668	22669	1.2165
22669	22670	1.2353
22670	22671	1.3022
22671	22672	1.2935
22672	22673	1.3072
22673	22674	1.2749
22674	22675	1.2517
22675	22676	1.2739
22676	22677	1.2519
22677	22678	1.2676
22678	22679	1.2680
22679	22680	1.2203
22680	22681	1.2508
22681	22682	1.2556
22682	22683	1.2681
22683	22684	1.2542
22684	22685	1.2992
22685	22686	1.3101
22686	22687	1.3167
22687	22688	1.3095
22688	22689	1.2945
22689	22690	1.3619
22690	22691	1.2879
22691	22692	1.2961
22692	22693	1.3220
22693	22694	1.2992
22694	22695	1.3173
22695	22696	1.3054
22696	22697	1.2899
22697	22698	1.2803
22698	22699	1.2665
22699	22700	1.2346
22700	22701	1.2033
22701	22702	1.2052
22702	22703	1.2286
22703	22704	1.2539
22704	22705	1.2501
22705	22706	1.2446
22706	22707	1.2125
22707	22708	1.2412
22708	22709	1.2216
22709	22710	1.2522
22710	22711	1.2808
22711	22712	1.2692
22712	22713	1.2533
22713	22714	1.2553
22714	22715	1.2202
22715	22716	1.2427
22716	22717	1.2226
22717	22718	1.1939
22718	22719	1.2168
22719	22720	1.2068
22720	22721	1.1797
22721	22722	1.1737
22722	22723	1.1640
22723	22724	1.1480
22724	22725	1.2111
22725	22726	1.2666
22726	22727	1.2389
22727	22728	1.2599
22728	22729	1.2904
22729	22730	1.3278
22730	22731	1.3013
22731	22732	1.3209
22732	22733	1.3557
22733	22734	1.3653
22734	22735	1.3295
22735	22736	1.2898
22736	22737	1.2593
22737	22738	1.2400
22738	22739	1.2709
22739	22740	1.2412
22740	22741	1.2670
22741	22742	1.2686
22742	22743	1.3131
22743	22744	1.2377
22744	22745	1.2783
22745	22746	1.2366
22746	22747	1.2468
22747	22748	1.2568
22748	22749	1.1987
22749	22750	1.2082
22750	22751	1.2342
22751	22752	1.2438
22752	22753	1.1854
22753	22754	1.2496
22754	22755	1.2529
22755	22756	1.2436
22756	22757	1.2403
22757	22758	1.2350
22758	22759	1.1904
22759	22760	1.1779
22760	22761	1.1720
22761	22762	1.2023
22762	22763	1.2497
22763	22764	1.2755
22764	22765	1.2531
22765	22766	1.2198
22766	22767	1.2075
22767	22768	1.2434
22768	22769	1.2315
22769	22770	1.2423
22770	22771	1.2613
22771	22772	1.2162
22772	22773	1.2752
22773	22774	1.2191
22774	22775	1.1990
22775	22776	1.2063
22776	22777	1.2354
22777	22778	1.2395
22778	22779	1.2523
22779	22780	1.2163
22780	22781	1.2025
22781	22782	1.1914
22782	22783	1.2044
22783	22784	1.1819
22784	22785	1.1663
22785	22786	1.1634
22786	22787	1.2043
22787	22788	1.1896
22788	22789	1.1877
22789	22790	1.1823
22790	22791	1.1812
22791	22792	1.1184
22792	22793	1.1760
22793	22794	1.1532
22794	22795	1.1444
22795	22796	1.1899
22796	22797	1.1457
22797	22798	1.1318
22798	22799	1.1018
22799	22800	1.1923
22800	22801	1.1910
22801	22802	1.1981
22802	22803	1.2123
22803	22804	1.2415
22804	22805	1.2164
22805	22806	1.2208
22806	22807	1.2031
22807	22808	1.2158
22808	22809	1.1785
22809	22810	1.1551
22810	22811	1.1513
22811	22812	1.1545
22812	22813	1.2002
22813	22814	1.1744
22814	22815	1.1773
22815	22816	1.2082
22816	22817	1.2024
22817	22818	1.1874
22818	22819	1.1902
22819	22820	1.1502
22820	22821	1.1914
22821	22822	1.1960
22822	22823	1.1909
22823	22824	1.1863
22824	22825	1.2059
22825	22826	1.2510
22826	22827	1.2420
22827	22828	1.2413
22828	22829	1.2546
22829	22830	1.2807
22830	22831	1.2593
22831	22832	1.2420
22832	22833	1.2155
22833	22834	1.2493
22834	22835	1.2746
22835	22836	1.2930
22836	22837	1.2718
22837	22838	1.3163
22838	22839	1.2783
22839	22840	1.2701
22840	22841	1.1987
22841	22842	1.2022
22842	22843	1.1854
22843	22844	1.2031
22844	22845	1.2491
22845	22846	1.2475
22846	22847	1.1952
22847	22848	1.2149
22848	22849	1.2362
22849	22850	1.2188
22850	22851	1.2180
22851	22852	1.1973
22852	22853	1.1776
22853	22854	1.2314
22854	22855	1.2296
22855	22856	1.2663
22856	22857	1.2751
22857	22858	1.2141
22858	22859	1.1818
22859	22860	1.1790
22860	22861	1.2561
22861	22862	1.2655
22862	22863	1.2361
22863	22864	1.2508
22864	22865	1.2638
22865	22866	1.2238
22866	22867	1.2768
22867	22868	1.2848
22868	22869	1.2776
22869	22870	1.2671
22870	22871	1.2532
22871	22872	1.2386
22872	22873	1.2504
22873	22874	1.2521
22874	22875	1.2879
22875	22876	1.3074
22876	22877	1.3031
22877	22878	1.3052
22878	22879	1.2503
22879	22880	1.2416
22880	22881	1.2354
22881	22882	1.2120
22882	22883	1.2335
22883	22884	1.1807
22884	22885	1.1815
22885	22886	1.1960
22886	22887	1.2442
22887	22888	1.2558
22888	22889	1.2700
22889	22890	1.2257
22890	22891	1.2111
22891	22892	1.2127
22892	22893	1.2336
22893	22894	1.2042
22894	22895	1.2678
22895	22896	1.2554
22896	22897	1.2373
22897	22898	1.2776
22898	22899	1.2487
22899	22900	1.2788
22900	22901	1.2866
22901	22902	1.2921
22902	22903	1.2260
22903	22904	1.2732
22904	22905	1.2787
22905	22906	1.2792
22906	22907	1.2518
22907	22908	1.2463
22908	22909	1.2662
22909	22910	1.2798
22910	22911	1.2583
22911	22912	1.2651
22912	22913	1.2013
22913	22914	1.1782
22914	22915	1.1863
22915	22916	1.2396
22916	22917	1.2750
22917	22918	1.2081
22918	22919	1.2067
22919	22920	1.2053
22920	22921	1.2602
22921	22922	1.2915
22922	22923	1.2366
22923	22924	1.2101
22924	22925	1.2156
22925	22926	1.1923
22926	22927	1.2215
22927	22928	1.2406
22928	22929	1.2126
22929	22930	1.2306
22930	22931	1.1999
22931	22932	1.1879
22932	22933	1.1878
22933	22934	1.1655
22934	22935	1.1657
22935	22936	1.1880
22936	22937	1.1870
22937	22938	1.1613
22938	22939	1.1417
22939	22940	1.1322
22940	22941	1.1367
22941	22942	1.1546
22942	22943	1.1247
22943	22944	1.1267
22944	22945	1.1583
22945	22946	1.1858
22946	22947	1.1924
22947	22948	1.1980
22948	22949	1.1878
22949	22950	1.2227
22950	22951	1.2190
22951	22952	1.2157
22952	22953	1.2153
22953	22954	1.2431
22954	22955	1.2242
22955	22956	1.2113
22956	22957	1.2318
22957	22958	1.2510
22958	22959	1.2187
22959	22960	1.2291
22960	22961	1.2431
22961	22962	1.2203
22962	22963	1.2422
22963	22964	1.2674
22964	22965	1.2727
22965	22966	1.3038
22966	22967	1.2634
22967	22968	1.2491
22968	22969	1.2618
22969	22970	1.2267
22970	22971	1.2306
22971	22972	1.2567
22972	22973	1.2309
22973	22974	1.2218
22974	22975	1.2491
22975	22976	1.2189
22976	22977	1.2404
22977	22978	1.2456
22978	22979	1.3044
22979	22980	1.3006
22980	22981	1.3085
22981	22982	1.2717
22982	22983	1.2667
22983	22984	1.2449
22984	22985	1.2845
22985	22986	1.2343
22986	22987	1.2626
22987	22988	1.2534
22988	22989	1.2427
22989	22990	1.2595
22990	22991	1.2757
22991	22992	1.2537
22992	22993	1.2321
22993	22994	1.2280
22994	22995	1.2727
22995	22996	1.2521
22996	22997	1.2813
22997	22998	1.2688
22998	22999	1.2432
22999	23000	1.2445
23000	23001	1.2739
23001	23002	1.2703
23002	23003	1.2400
23003	23004	1.2434
23004	23005	1.2849
23005	23006	1.2550
23006	23007	1.2557
23007	23008	1.2646
23008	23009	1.2267
23009	23010	1.2493
23010	23011	1.2569
23011	23012	1.2544
23012	23013	1.2426
23013	23014	1.2623
23014	23015	1.2432
23015	23016	1.2022
23016	23017	1.2478
23017	23018	1.2419
23018	23019	1.2534
23019	23020	1.2801
23020	23021	1.3321
23021	23022	1.3466
23022	23023	1.3039
23023	23024	1.3227
23024	23025	1.3451
23025	23026	1.3749
23026	23027	1.3738
23027	23028	1.3695
23028	23029	1.3984
23029	23030	1.4186
23030	23031	1.4089
23031	23032	1.4293
23032	23033	1.3926
23033	23034	1.3560
23034	23035	1.3886
23035	23036	1.3875
23036	23037	1.3773
23037	23038	1.3849
23038	23039	1.4547
23039	23040	1.4054
23040	23041	1.3777
23041	23042	1.3727
23042	23043	1.3639
23043	23044	1.3767
23044	23045	1.3683
23045	23046	1.3999
23046	23047	1.3775
23047	23048	1.3555
23048	23049	1.3584
23049	23050	1.3701
23050	23051	1.3549
23051	23052	1.3357
23052	23053	1.3311
23053	23054	1.3457
23054	23055	1.3593
23055	23056	1.3468
23056	23057	1.3840
23057	23058	1.4179
23058	23059	1.3685
23059	23060	1.3585
23060	23061	1.3901
23061	23062	1.4006
23062	23063	1.4056
23063	23064	1.3899
23064	23065	1.3930
23065	23066	1.3751
23066	23067	1.3276
23067	23068	1.3280
23068	23069	1.3173
23069	23070	1.3295
23070	23071	1.3160
23071	23072	1.3153
23072	23073	1.3472
23073	23074	1.3335
23074	23075	1.3341
23075	23076	1.3650
23076	23077	1.3706
23077	23078	1.4185
23078	23079	1.4328
23079	23080	1.4577
23080	23081	1.4101
23081	23082	1.3727
23082	23083	1.3606
23083	23084	1.3846
23084	23085	1.4163
23085	23086	1.4209
23086	23087	1.3962
23087	23088	1.3737
23088	23089	1.4152
23089	23090	1.3983
23090	23091	1.4250
23091	23092	1.3967
23092	23093	1.4219
23093	23094	1.4360
23094	23095	1.4758
23095	23096	1.4624
23096	23097	1.5215
23097	23098	1.4814
23098	23099	1.4784
23099	23100	1.4645
23100	23101	1.4368
23101	23102	1.4581
23102	23103	1.4321
23103	23104	1.4213
23104	23105	1.4716
23105	23106	1.3848
23106	23107	1.4164
23107	23108	1.4077
23108	23109	1.4120
23109	23110	1.4289
23110	23111	1.4133
23111	23112	1.4394
23112	23113	1.4130
23113	23114	1.3887
23114	23115	1.3777
23115	23116	1.3386
23116	23117	1.3268
23117	23118	1.3442
23118	23119	1.3373
23119	23120	1.3424
23120	23121	1.3764
23121	23122	1.3289
23122	23123	1.3593
23123	23124	1.3810
23124	23125	1.3391
23125	23126	1.3354
23126	23127	1.3563
23127	23128	1.3339
23128	23129	1.3632
23129	23130	1.3448
23130	23131	1.3859
23131	23132	1.4118
23132	23133	1.4044
23133	23134	1.4693
23134	23135	1.5008
23135	23136	1.4672
23136	23137	1.5075
23137	23138	1.5003
23138	23139	1.5047
23139	23140	1.5787
23140	23141	1.5577
23141	23142	1.5631
23142	23143	1.5728
23143	23144	1.6063
23144	23145	1.5832
23145	23146	1.5253
23146	23147	1.5292
23147	23148	1.5496
23148	23149	1.5267
23149	23150	1.5175
23150	23151	1.5439
23151	23152	1.5397
23152	23153	1.5454
23153	23154	1.5296
23154	23155	1.5217
23155	23156	1.5353
23156	23157	1.4981
23157	23158	1.4915
23158	23159	1.4887
23159	23160	1.4723
23160	23161	1.4887
23161	23162	1.5034
23162	23163	1.5098
23163	23164	1.5054
23164	23165	1.4577
23165	23166	1.4922
23166	23167	1.5261
23167	23168	1.5212
23168	23169	1.5295
23169	23170	1.5147
23170	23171	1.5339
23171	23172	1.4611
23172	23173	1.4753
23173	23174	1.4882
23174	23175	1.4531
23175	23176	1.4811
23176	23177	1.4995
23177	23178	1.5338
23178	23179	1.5066
23179	23180	1.5362
23180	23181	1.5320
23181	23182	1.5688
23182	23183	1.5653
23183	23184	1.5223
23184	23185	1.5693
23185	23186	1.5502
23186	23187	1.5427
23187	23188	1.5419
23188	23189	1.5617
23189	23190	1.5581
23190	23191	1.5853
23191	23192	1.6109
23192	23193	1.6207
23193	23194	1.6057
23194	23195	1.6282
23195	23196	1.6090
23196	23197	1.6137
23197	23198	1.5811
23198	23199	1.5426
23199	23200	1.5604
23200	23201	1.5774
23201	23202	1.5538
23202	23203	1.6010
23203	23204	1.5684
23204	23205	1.6036
23205	23206	1.6034
23206	23207	1.5705
23207	23208	1.5981
23208	23209	1.5850
23209	23210	1.5901
23210	23211	1.5764
23211	23212	1.5714
23212	23213	1.5641
23213	23214	1.6399
23214	23215	1.5836
23215	23216	1.5817
23216	23217	1.6065
23217	23218	1.6382
23218	23219	1.6073
23219	23220	1.5927
23220	23221	1.5860
23221	23222	1.5871
23222	23223	1.6287
23223	23224	1.5920
23224	23225	1.5744
23225	23226	1.5528
23226	23227	1.5670
23227	23228	1.5995
23228	23229	1.6011
23229	23230	1.5667
23230	23231	1.6160
23231	23232	1.6078
23232	23233	1.6064
23233	23234	1.5590
23234	23235	1.4750
23235	23236	1.4734
23236	23237	1.4606
23237	23238	1.5271
23238	23239	1.5209
23239	23240	1.4992
23240	23241	1.5154
23241	23242	1.5034
23242	23243	1.5134
23243	23244	1.5233
23244	23245	1.5032
23245	23246	1.5666
23246	23247	1.5193
23247	23248	1.5179
23248	23249	1.5469
23249	23250	1.6093
23250	23251	1.6982
23251	23252	1.6738
23252	23253	1.6457
23253	23254	1.6100
23254	23255	1.6204
23255	23256	1.6396
23256	23257	1.6366
23257	23258	1.6236
23258	23259	1.6376
23259	23260	1.6288
23260	23261	1.6029
23261	23262	1.5947
23262	23263	1.5452
23263	23264	1.5404
23264	23265	1.5677
23265	23266	1.5182
23266	23267	1.5000
23267	23268	1.4959
23268	23269	1.4718
23269	23270	1.4514
23270	23271	1.4154
23271	23272	1.4696
23272	23273	1.4423
23273	23274	1.4582
23274	23275	1.4644
23275	23276	1.4431
23276	23277	1.4971
23277	23278	1.5345
23278	23279	1.5149
23279	23280	1.5462
23280	23281	1.5492
23281	23282	1.5245
23282	23283	1.5408
23283	23284	1.5439
23284	23285	1.5614
23285	23286	1.5674
23286	23287	1.5585
23287	23288	1.5522
23288	23289	1.5453
23289	23290	1.5477
23290	23291	1.5599
23291	23292	1.5417
23292	23293	1.5158
23293	23294	1.4864
23294	23295	1.5109
23295	23296	1.5065
23296	23297	1.4772
23297	23298	1.4841
23298	23299	1.5061
23299	23300	1.4974
23300	23301	1.4863
23301	23302	1.5246
23302	23303	1.5413
23303	23304	1.5591
23304	23305	1.5617
23305	23306	1.6192
23306	23307	1.5952
23307	23308	1.5614
23308	23309	1.5485
23309	23310	1.5762
23310	23311	1.6109
23311	23312	1.5797
23312	23313	1.6151
23313	23314	1.6089
23314	23315	1.6094
23315	23316	1.6369
23316	23317	1.6209
23317	23318	1.5763
23318	23319	1.5785
23319	23320	1.5516
23320	23321	1.5516
23321	23322	1.5958
23322	23323	1.5557
23323	23324	1.5703
23324	23325	1.5986
23325	23326	1.5881
23326	23327	1.5950
23327	23328	1.6235
23328	23329	1.6279
23329	23330	1.6564
23330	23331	1.6379
23331	23332	1.6087
23332	23333	1.6307
23333	23334	1.6790
23334	23335	1.6484
23335	23336	1.6119
23336	23337	1.6069
23337	23338	1.5870
23338	23339	1.6225
23339	23340	1.6044
23340	23341	1.6056
23341	23342	1.5789
23342	23343	1.6498
23343	23344	1.6382
23344	23345	1.6510
23345	23346	1.6296
23346	23347	1.6372
23347	23348	1.6493
23348	23349	1.6878
23349	23350	1.6907
23350	23351	1.6919
23351	23352	1.7178
23352	23353	1.7307
23353	23354	1.6751
23354	23355	1.6873
23355	23356	1.6647
23356	23357	1.6686
23357	23358	1.6925
23358	23359	1.6695
23359	23360	1.6711
23360	23361	1.7178
23361	23362	1.7245
23362	23363	1.7350
23363	23364	1.6994
23364	23365	1.6914
23365	23366	1.7726
23366	23367	1.7899
23367	23368	1.7417
23368	23369	1.7174
23369	23370	1.7384
23370	23371	1.6962
23371	23372	1.6866
23372	23373	1.6865
23373	23374	1.6714
23374	23375	1.6794
23375	23376	1.6572
23376	23377	1.6771
23377	23378	1.7227
23378	23379	1.6786
23379	23380	1.6335
23380	23381	1.6219
23381	23382	1.6552
23382	23383	1.6642
23383	23384	1.6774
23384	23385	1.6851
23385	23386	1.6971
23386	23387	1.7142
23387	23388	1.7520
23388	23389	1.7354
23389	23390	1.7425
23390	23391	1.7027
23391	23392	1.7214
23392	23393	1.7327
23393	23394	1.7056
23394	23395	1.7031
23395	23396	1.7419
23396	23397	1.7090
23397	23398	1.6430
23398	23399	1.6283
23399	23400	1.5886
23400	23401	1.5749
23401	23402	1.5834
23402	23403	1.5729
23403	23404	1.5936
23404	23405	1.5848
23405	23406	1.5853
23406	23407	1.6222
23407	23408	1.6173
23408	23409	1.6240
23409	23410	1.6326
23410	23411	1.6136
23411	23412	1.5601
23412	23413	1.5916
23413	23414	1.5418
23414	23415	1.5690
23415	23416	1.5448
23416	23417	1.5075
23417	23418	1.4905
23418	23419	1.5358
23419	23420	1.4906
23420	23421	1.5022
23421	23422	1.4929
23422	23423	1.5034
23423	23424	1.4773
23424	23425	1.4949
23425	23426	1.4308
23426	23427	1.4207
23427	23428	1.3824
23428	23429	1.3755
23429	23430	1.3360
23430	23431	1.3606
23431	23432	1.3968
23432	23433	1.3955
23433	23434	1.3906
23434	23435	1.4117
23435	23436	1.4548
23436	23437	1.4572
23437	23438	1.4605
23438	23439	1.3742
23439	23440	1.3860
23440	23441	1.3977
23441	23442	1.3621
23442	23443	1.3483
23443	23444	1.3193
23444	23445	1.3702
23445	23446	1.3385
23446	23447	1.3934
23447	23448	1.3941
23448	23449	1.3859
23449	23450	1.3411
23450	23451	1.3652
23451	23452	1.4346
23452	23453	1.4107
23453	23454	1.4186
23454	23455	1.4196
23455	23456	1.3976
23456	23457	1.4440
23457	23458	1.4165
23458	23459	1.4026
23459	23460	1.3979
23460	23461	1.3768
23461	23462	1.3748
23462	23463	1.4001
23463	23464	1.3815
23464	23465	1.3739
23465	23466	1.4117
23466	23467	1.3892
23467	23468	1.3872
23468	23469	1.4196
23469	23470	1.4146
23470	23471	1.4008
23471	23472	1.4113
23472	23473	1.4319
23473	23474	1.4143
23474	23475	1.4120
23475	23476	1.4501
23476	23477	1.4530
23477	23478	1.4340
23478	23479	1.4370
23479	23480	1.4113
23480	23481	1.4117
23481	23482	1.3895
23482	23483	1.3926
23483	23484	1.4113
23484	23485	1.3808
23485	23486	1.4065
23486	23487	1.4043
23487	23488	1.4098
23488	23489	1.4056
23489	23490	1.3458
23490	23491	1.3566
23491	23492	1.3388
23492	23493	1.3422
23493	23494	1.3246
23494	23495	1.3151
23495	23496	1.3137
23496	23497	1.3502
23497	23498	1.2912
23498	23499	1.3457
23499	23500	1.3351
23500	23501	1.3611
23501	23502	1.3456
23502	23503	1.3492
23503	23504	1.3498
23504	23505	1.3500
23505	23506	1.3319
23506	23507	1.2849
23507	23508	1.3410
23508	23509	1.3436
23509	23510	1.3818
23510	23511	1.3577
23511	23512	1.3610
23512	23513	1.2924
23513	23514	1.3195
23514	23515	1.2906
23515	23516	1.3193
23516	23517	1.3137
23517	23518	1.3065
23518	23519	1.3054
23519	23520	1.3394
23520	23521	1.3105
23521	23522	1.3042
23522	23523	1.2733
23523	23524	1.3298
23524	23525	1.3597
23525	23526	1.3928
23526	23527	1.4032
23527	23528	1.3843
23528	23529	1.3772
23529	23530	1.3395
23530	23531	1.3979
23531	23532	1.4058
23532	23533	1.4017
23533	23534	1.4156
23534	23535	1.4441
23535	23536	1.4571
23536	23537	1.4370
23537	23538	1.4347
23538	23539	1.4755
23539	23540	1.4607
23540	23541	1.5007
23541	23542	1.4872
23542	23543	1.4940
23543	23544	1.4623
23544	23545	1.5016
23545	23546	1.4704
23546	23547	1.4951
23547	23548	1.4467
23548	23549	1.4806
23549	23550	1.4913
23550	23551	1.4676
23551	23552	1.4328
23552	23553	1.4411
23553	23554	1.4715
23554	23555	1.4925
23555	23556	1.4605
23556	23557	1.4300
23557	23558	1.4072
23558	23559	1.4161
23559	23560	1.3777
23560	23561	1.4177
23561	23562	1.3798
23562	23563	1.3857
23563	23564	1.3496
23564	23565	1.3765
23565	23566	1.3791
23566	23567	1.4145
23567	23568	1.4355
23568	23569	1.4268
23569	23570	1.4211
23570	23571	1.3847
23571	23572	1.3982
23572	23573	1.3957
23573	23574	1.3937
23574	23575	1.3876
23575	23576	1.3877
23576	23577	1.3683
23577	23578	1.3814
23578	23579	1.3885
23579	23580	1.3794
23580	23581	1.3807
23581	23582	1.4062
23582	23583	1.3995
23583	23584	1.3712
23584	23585	1.3706
23585	23586	1.4014
23586	23587	1.4024
23587	23588	1.3991
23588	23589	1.3975
23589	23590	1.4241
23590	23591	1.4630
23591	23592	1.4613
23592	23593	1.4519
23593	23594	1.4285
23594	23595	1.4463
23595	23596	1.4735
23596	23597	1.5057
23597	23598	1.4469
23598	23599	1.4471
23599	23600	1.4553
23600	23601	1.4444
23601	23602	1.4452
23602	23603	1.4673
23603	23604	1.4754
23604	23605	1.4482
23605	23606	1.4220
23606	23607	1.3948
23607	23608	1.4021
23608	23609	1.4246
23609	23610	1.3848
23610	23611	1.4181
23611	23612	1.3932
23612	23613	1.4081
23613	23614	1.3954
23614	23615	1.3946
23615	23616	1.4266
23616	23617	1.4581
23617	23618	1.4578
23618	23619	1.4313
23619	23620	1.4606
23620	23621	1.4646
23621	23622	1.4445
23622	23623	1.4021
23623	23624	1.3871
23624	23625	1.3923
23625	23626	1.4012
23626	23627	1.3959
23627	23628	1.3848
23628	23629	1.4155
23629	23630	1.4437
23630	23631	1.4273
23631	23632	1.4190
23632	23633	1.4095
23633	23634	1.3888
23634	23635	1.4154
23635	23636	1.3825
23636	23637	1.3924
23637	23638	1.4154
23638	23639	1.4193
23639	23640	1.3791
23640	23641	1.3624
23641	23642	1.3895
23642	23643	1.3475
23643	23644	1.3811
23644	23645	1.3637
23645	23646	1.3672
23646	23647	1.3880
23647	23648	1.3907
23648	23649	1.3921
23649	23650	1.4346
23650	23651	1.4330
23651	23652	1.4038
23652	23653	1.4584
23653	23654	1.4462
23654	23655	1.4601
23655	23656	1.4307
23656	23657	1.4197
23657	23658	1.4391
23658	23659	1.4170
23659	23660	1.3915
23660	23661	1.4129
23661	23662	1.3878
23662	23663	1.4108
23663	23664	1.4420
23664	23665	1.4171
23665	23666	1.4266
23666	23667	1.4359
23667	23668	1.4355
23668	23669	1.4017
23669	23670	1.3809
23670	23671	1.3718
23671	23672	1.3939
23672	23673	1.3766
23673	23674	1.3888
23674	23675	1.3970
23675	23676	1.3960
23676	23677	1.4029
23677	23678	1.3787
23678	23679	1.3710
23679	23680	1.3844
23680	23681	1.3847
23681	23682	1.3697
23682	23683	1.3881
23683	23684	1.3911
23684	23685	1.3993
23685	23686	1.3749
23686	23687	1.4090
23687	23688	1.3881
23688	23689	1.4019
23689	23690	1.3526
23690	23691	1.3756
23691	23692	1.3908
23692	23693	1.3967
23693	23694	1.3651
23694	23695	1.3233
23695	23696	1.3099
23696	23697	1.3462
23697	23698	1.3174
23698	23699	1.3091
23699	23700	1.3694
23700	23701	1.3465
23701	23702	1.3161
23702	23703	1.3006
23703	23704	1.3222
23704	23705	1.3201
23705	23706	1.3091
23706	23707	1.3084
23707	23708	1.2779
23708	23709	1.3154
23709	23710	1.2929
23710	23711	1.2694
23711	23712	1.2722
23712	23713	1.2967
23713	23714	1.2985
23714	23715	1.3404
23715	23716	1.3414
23716	23717	1.3080
23717	23718	1.2775
23718	23719	1.2950
23719	23720	1.2773
23720	23721	1.2935
23721	23722	1.3098
23722	23723	1.3641
23723	23724	1.3832
23724	23725	1.3603
23725	23726	1.3488
23726	23727	1.3932
23727	23728	1.3980
23728	23729	1.3897
23729	23730	1.3690
23730	23731	1.3491
23731	23732	1.3357
23732	23733	1.3394
23733	23734	1.3391
23734	23735	1.3512
23735	23736	1.3178
23736	23737	1.3157
23737	23738	1.3200
23738	23739	1.3574
23739	23740	1.3493
23740	23741	1.3760
23741	23742	1.3657
23742	23743	1.3136
23743	23744	1.3169
23744	23745	1.3778
23745	23746	1.2872
23746	23747	1.3263
23747	23748	1.3505
23748	23749	1.3508
23749	23750	1.3337
23750	23751	1.3563
23751	23752	1.3216
23752	23753	1.2987
23753	23754	1.2777
23754	23755	1.3111
23755	23756	1.3030
23756	23757	1.2948
23757	23758	1.2700
23758	23759	1.3142
23759	23760	1.3257
23760	23761	1.3110
23761	23762	1.2799
23762	23763	1.2150
23763	23764	1.2487
23764	23765	1.2376
23765	23766	1.2434
23766	23767	1.2254
23767	23768	1.2471
23768	23769	1.2664
23769	23770	1.2859
23770	23771	1.2825
23771	23772	1.2943
23772	23773	1.3206
23773	23774	1.3263
23774	23775	1.3057
23775	23776	1.3509
23776	23777	1.3566
23777	23778	1.3675
23778	23779	1.3623
23779	23780	1.3689
23780	23781	1.3449
23781	23782	1.3609
23782	23783	1.3513
23783	23784	1.3565
23784	23785	1.3445
23785	23786	1.3272
23786	23787	1.3707
23787	23788	1.3484
23788	23789	1.3701
23789	23790	1.4175
23790	23791	1.3778
23791	23792	1.3887
23792	23793	1.3620
23793	23794	1.3831
23794	23795	1.3619
23795	23796	1.3496
23796	23797	1.3753
23797	23798	1.3461
23798	23799	1.3336
23799	23800	1.3503
23800	23801	1.3038
23801	23802	1.3471
23802	23803	1.3442
23803	23804	1.4159
23804	23805	1.4241
23805	23806	1.4246
23806	23807	1.4285
23807	23808	1.4418
23808	23809	1.4294
23809	23810	1.4236
23810	23811	1.4466
23811	23812	1.4478
23812	23813	1.3794
23813	23814	1.3888
23814	23815	1.3999
23815	23816	1.3965
23816	23817	1.4279
23817	23818	1.4117
23818	23819	1.4304
23819	23820	1.4810
23820	23821	1.4580
23821	23822	1.4639
23822	23823	1.4746
23823	23824	1.4606
23824	23825	1.4362
23825	23826	1.4781
23826	23827	1.4436
23827	23828	1.4625
23828	23829	1.4590
23829	23830	1.5091
23830	23831	1.4981
23831	23832	1.5209
23832	23833	1.5409
23833	23834	1.5331
23834	23835	1.5135
23835	23836	1.4763
23836	23837	1.4216
23837	23838	1.3985
23838	23839	1.4075
23839	23840	1.3899
23840	23841	1.4022
23841	23842	1.3392
23842	23843	1.3117
23843	23844	1.3091
23844	23845	1.2826
23845	23846	1.2933
23846	23847	1.3051
23847	23848	1.3281
23848	23849	1.3480
23849	23850	1.3121
23850	23851	1.3378
23851	23852	1.3538
23852	23853	1.3530
23853	23854	1.3616
23854	23855	1.3885
23855	23856	1.3752
23856	23857	1.3850
23857	23858	1.3390
23858	23859	1.3866
23859	23860	1.3366
23860	23861	1.3697
23861	23862	1.3887
23862	23863	1.4119
23863	23864	1.3881
23864	23865	1.3984
23865	23866	1.3638
23866	23867	1.3602
23867	23868	1.3518
23868	23869	1.3485
23869	23870	1.3860
23870	23871	1.3861
23871	23872	1.4038
23872	23873	1.4077
23873	23874	1.4080
23874	23875	1.3890
23875	23876	1.3523
23876	23877	1.3594
23877	23878	1.3806
23878	23879	1.3572
23879	23880	1.4054
23880	23881	1.4562
23881	23882	1.4625
23882	23883	1.4876
23883	23884	1.4648
23884	23885	1.4731
23885	23886	1.4478
23886	23887	1.4604
23887	23888	1.3993
23888	23889	1.4478
23889	23890	1.4131
23890	23891	1.3958
23891	23892	1.4313
23892	23893	1.3854
23893	23894	1.4558
23894	23895	1.4294
23895	23896	1.4519
23896	23897	1.4711
23897	23898	1.4730
23898	23899	1.4725
23899	23900	1.4736
23900	23901	1.4960
23901	23902	1.4342
23902	23903	1.4303
23903	23904	1.4349
23904	23905	1.4358
23905	23906	1.4650
23906	23907	1.4438
23907	23908	1.5111
23908	23909	1.4333
23909	23910	1.3592
23910	23911	1.3514
23911	23912	1.3342
23912	23913	1.3178
23913	23914	1.3611
23914	23915	1.3608
23915	23916	1.3515
23916	23917	1.2947
23917	23918	1.3621
23918	23919	1.3432
23919	23920	1.3862
23920	23921	1.3669
23921	23922	1.3330
23922	23923	1.3355
23923	23924	1.3520
23924	23925	1.3336
23925	23926	1.2858
23926	23927	1.3016
23927	23928	1.3224
23928	23929	1.3288
23929	23930	1.3247
23930	23931	1.3010
23931	23932	1.2687
23932	23933	1.2662
23933	23934	1.2481
23934	23935	1.2627
23935	23936	1.2877
23936	23937	1.3011
23937	23938	1.2810
23938	23939	1.2850
23939	23940	1.2561
23940	23941	1.2780
23941	23942	1.2732
23942	23943	1.3150
23943	23944	1.2990
23944	23945	1.3027
23945	23946	1.2911
23946	23947	1.2984
23947	23948	1.3339
23948	23949	1.3277
23949	23950	1.2669
23950	23951	1.2677
23951	23952	1.2890
23952	23953	1.3349
23953	23954	1.3135
23954	23955	1.3126
23955	23956	1.3059
23956	23957	1.2925
23957	23958	1.2933
23958	23959	1.2877
23959	23960	1.2781
23960	23961	1.2708
23961	23962	1.2477
23962	23963	1.2721
23963	23964	1.2763
23964	23965	1.2401
23965	23966	1.2740
23966	23967	1.2885
23967	23968	1.2659
23968	23969	1.2858
23969	23970	1.2626
23970	23971	1.2596
23971	23972	1.2787
23972	23973	1.2462
23973	23974	1.2639
23974	23975	1.2686
23975	23976	1.2541
23976	23977	1.3116
23977	23978	1.3122
23978	23979	1.3178
23979	23980	1.2713
23980	23981	1.3270
23981	23982	1.3079
23982	23983	1.3011
23983	23984	1.3003
23984	23985	1.2987
23985	23986	1.2998
23986	23987	1.3307
23987	23988	1.3689
23988	23989	1.3297
23989	23990	1.3315
23990	23991	1.3567
23991	23992	1.3444
23992	23993	1.3431
23993	23994	1.3775
23994	23995	1.3913
23995	23996	1.3771
23996	23997	1.3581
23997	23998	1.3748
23998	23999	1.3502
23999	24000	1.3751
24000	24001	1.3225
24001	24002	1.3116
24002	24003	1.2814
24003	24004	1.3148
24004	24005	1.3136
24005	24006	1.3215
24006	24007	1.3290
24007	24008	1.3467
24008	24009	1.3696
24009	24010	1.3151
24010	24011	1.2974
24011	24012	1.2727
24012	24013	1.3200
24013	24014	1.2594
24014	24015	1.2491
24015	24016	1.3105
24016	24017	1.2779
24017	24018	1.2968
24018	24019	1.2388
24019	24020	1.2385
24020	24021	1.2157
24021	24022	1.1939
24022	24023	1.2399
24023	24024	1.2054
24024	24025	1.2021
24025	24026	1.2261
24026	24027	1.2421
24027	24028	1.2119
24028	24029	1.2325
24029	24030	1.2458
24030	24031	1.1830
24031	24032	1.2076
24032	24033	1.1851
24033	24034	1.2232
24034	24035	1.2757
24035	24036	1.2590
24036	24037	1.2695
24037	24038	1.3030
24038	24039	1.3092
24039	24040	1.3130
24040	24041	1.2552
24041	24042	1.2849
24042	24043	1.2902
24043	24044	1.2552
24044	24045	1.2294
24045	24046	1.2198
24046	24047	1.2342
24047	24048	1.2470
24048	24049	1.2259
24049	24050	1.2453
24050	24051	1.2269
24051	24052	1.2324
24052	24053	1.2055
24053	24054	1.2249
24054	24055	1.2229
24055	24056	1.1994
24056	24057	1.2025
24057	24058	1.2031
24058	24059	1.2065
24059	24060	1.2280
24060	24061	1.2311
24061	24062	1.2042
24062	24063	1.2389
24063	24064	1.2419
24064	24065	1.2482
24065	24066	1.2422
24066	24067	1.2074
24067	24068	1.2453
24068	24069	1.2741
24069	24070	1.2615
24070	24071	1.2586
24071	24072	1.2794
24072	24073	1.2400
24073	24074	1.2946
24074	24075	1.3279
24075	24076	1.2963
24076	24077	1.2617
24077	24078	1.2749
24078	24079	1.2807
24079	24080	1.2697
24080	24081	1.3241
24081	24082	1.3269
24082	24083	1.3330
24083	24084	1.3438
24084	24085	1.2773
24085	24086	1.3134
24086	24087	1.3448
24087	24088	1.3400
24088	24089	1.3271
24089	24090	1.3559
24090	24091	1.3352
24091	24092	1.3518
24092	24093	1.3796
24093	24094	1.3632
24094	24095	1.3188
24095	24096	1.3345
24096	24097	1.3651
24097	24098	1.3818
24098	24099	1.3696
24099	24100	1.3503
24100	24101	1.3177
24101	24102	1.3100
24102	24103	1.3639
24103	24104	1.3327
24104	24105	1.3298
24105	24106	1.3528
24106	24107	1.2949
24107	24108	1.3030
24108	24109	1.3261
24109	24110	1.3334
24110	24111	1.3196
24111	24112	1.2730
24112	24113	1.3385
24113	24114	1.3182
24114	24115	1.3263
24115	24116	1.3242
24116	24117	1.2782
24117	24118	1.2994
24118	24119	1.2921
24119	24120	1.2938
24120	24121	1.3367
24121	24122	1.3499
24122	24123	1.3394
24123	24124	1.3334
24124	24125	1.3375
24125	24126	1.3249
24126	24127	1.3217
24127	24128	1.3668
24128	24129	1.3446
24129	24130	1.3741
24130	24131	1.3884
24131	24132	1.4104
24132	24133	1.3544
24133	24134	1.3538
24134	24135	1.3679
24135	24136	1.3663
24136	24137	1.3390
24137	24138	1.3783
24138	24139	1.3654
24139	24140	1.3054
24140	24141	1.2928
24141	24142	1.2937
24142	24143	1.2943
24143	24144	1.2813
24144	24145	1.2708
24145	24146	1.3025
24146	24147	1.2593
24147	24148	1.2897
24148	24149	1.3081
24149	24150	1.2577
24150	24151	1.2830
24151	24152	1.3035
24152	24153	1.3447
24153	24154	1.3509
24154	24155	1.3452
24155	24156	1.3312
24156	24157	1.3480
24157	24158	1.3275
24158	24159	1.3012
24159	24160	1.3191
24160	24161	1.3200
24161	24162	1.3816
24162	24163	1.3724
24163	24164	1.3794
24164	24165	1.3798
24165	24166	1.3857
24166	24167	1.3573
24167	24168	1.3514
24168	24169	1.4182
24169	24170	1.3753
24170	24171	1.3924
24171	24172	1.4063
24172	24173	1.3758
24173	24174	1.4111
24174	24175	1.3882
24175	24176	1.4179
24176	24177	1.3478
24177	24178	1.3621
24178	24179	1.3588
24179	24180	1.3878
24180	24181	1.3688
24181	24182	1.4254
24182	24183	1.4516
24183	24184	1.4538
24184	24185	1.4721
24185	24186	1.4760
24186	24187	1.5296
24187	24188	1.5583
24188	24189	1.5010
24189	24190	1.4779
24190	24191	1.4454
24191	24192	1.4246
24192	24193	1.3720
24193	24194	1.4656
24194	24195	1.4598
24195	24196	1.4852
24196	24197	1.5226
24197	24198	1.4818
24198	24199	1.4895
24199	24200	1.4512
24200	24201	1.4827
24201	24202	1.4579
24202	24203	1.4416
24203	24204	1.4613
24204	24205	1.5126
24205	24206	1.5250
24206	24207	1.5226
24207	24208	1.5262
24208	24209	1.5470
24209	24210	1.5320
24210	24211	1.5479
24211	24212	1.5438
24212	24213	1.4942
24213	24214	1.4774
24214	24215	1.5193
24215	24216	1.4997
24216	24217	1.5138
24217	24218	1.5041
24218	24219	1.5004
24219	24220	1.5267
24220	24221	1.5736
24221	24222	1.5581
24222	24223	1.5677
24223	24224	1.5532
24224	24225	1.5958
24225	24226	1.6368
24226	24227	1.6180
24227	24228	1.5611
24228	24229	1.5863
24229	24230	1.5964
24230	24231	1.6287
24231	24232	1.6137
24232	24233	1.6325
24233	24234	1.6236
24234	24235	1.6259
24235	24236	1.6193
24236	24237	1.6099
24237	24238	1.5768
24238	24239	1.5679
24239	24240	1.5917
24240	24241	1.5858
24241	24242	1.6327
24242	24243	1.6188
24243	24244	1.6254
24244	24245	1.5820
24245	24246	1.6606
24246	24247	1.6719
24247	24248	1.5558
24248	24249	1.5781
24249	24250	1.6032
24250	24251	1.6140
24251	24252	1.6038
24252	24253	1.6099
24253	24254	1.5886
24254	24255	1.5679
24255	24256	1.5662
24256	24257	1.5549
24257	24258	1.5089
24258	24259	1.5095
24259	24260	1.5088
24260	24261	1.4826
24261	24262	1.4394
24262	24263	1.4869
24263	24264	1.4899
24264	24265	1.4709
24265	24266	1.4228
24266	24267	1.4500
24267	24268	1.4573
24268	24269	1.4458
24269	24270	1.4632
24270	24271	1.4702
24271	24272	1.4749
24272	24273	1.4875
24273	24274	1.4833
24274	24275	1.4931
24275	24276	1.5253
24276	24277	1.5158
24277	24278	1.5271
24278	24279	1.5310
24279	24280	1.5071
24280	24281	1.4852
24281	24282	1.4887
24282	24283	1.5196
24283	24284	1.5423
24284	24285	1.5386
24285	24286	1.5308
24286	24287	1.5335
24287	24288	1.5062
24288	24289	1.4760
24289	24290	1.4997
24290	24291	1.4958
24291	24292	1.5055
24292	24293	1.4984
24293	24294	1.4938
24294	24295	1.4842
24295	24296	1.4845
24296	24297	1.4545
24297	24298	1.4464
24298	24299	1.4259
24299	24300	1.4533
24300	24301	1.4072
24301	24302	1.4055
24302	24303	1.4581
24303	24304	1.5051
24304	24305	1.4869
24305	24306	1.4348
24306	24307	1.4926
24307	24308	1.5028
24308	24309	1.5389
24309	24310	1.5650
24310	24311	1.5764
24311	24312	1.5542
24312	24313	1.5340
24313	24314	1.5146
24314	24315	1.5084
24315	24316	1.5154
24316	24317	1.5094
24317	24318	1.4796
24318	24319	1.5071
24319	24320	1.4594
24320	24321	1.4348
24321	24322	1.4061
24322	24323	1.4350
24323	24324	1.3766
24324	24325	1.4071
24325	24326	1.3641
24326	24327	1.3827
24327	24328	1.4586
24328	24329	1.4476
24329	24330	1.4860
24330	24331	1.4861
24331	24332	1.4784
24332	24333	1.5140
24333	24334	1.5277
24334	24335	1.4758
24335	24336	1.4751
24336	24337	1.4696
24337	24338	1.4752
24338	24339	1.4918
24339	24340	1.4690
24340	24341	1.4508
24341	24342	1.4479
24342	24343	1.4611
24343	24344	1.4696
24344	24345	1.4626
24345	24346	1.4475
24346	24347	1.4263
24347	24348	1.4188
24348	24349	1.4015
24349	24350	1.3936
24350	24351	1.4226
24351	24352	1.3865
24352	24353	1.4124
24353	24354	1.4317
24354	24355	1.4297
24355	24356	1.4588
24356	24357	1.4251
24357	24358	1.4503
24358	24359	1.4303
24359	24360	1.4751
24360	24361	1.4842
24361	24362	1.4910
24362	24363	1.4992
24363	24364	1.4817
24364	24365	1.4893
24365	24366	1.5232
24366	24367	1.5331
24367	24368	1.4833
24368	24369	1.5081
24369	24370	1.5124
24370	24371	1.5378
24371	24372	1.5037
24372	24373	1.5076
24373	24374	1.5088
24374	24375	1.5006
24375	24376	1.5369
24376	24377	1.5159
24377	24378	1.4872
24378	24379	1.5074
24379	24380	1.4642
24380	24381	1.4593
24381	24382	1.4803
24382	24383	1.4779
24383	24384	1.4518
24384	24385	1.4869
24385	24386	1.4884
24386	24387	1.4815
24387	24388	1.4821
24388	24389	1.4998
24389	24390	1.5023
24390	24391	1.5129
24391	24392	1.5035
24392	24393	1.4981
24393	24394	1.5310
24394	24395	1.5460
24395	24396	1.5231
24396	24397	1.5445
24397	24398	1.5201
24398	24399	1.5290
24399	24400	1.5396
24400	24401	1.5340
24401	24402	1.5533
24402	24403	1.5054
24403	24404	1.4942
24404	24405	1.5125
24405	24406	1.5153
24406	24407	1.4875
24407	24408	1.5084
24408	24409	1.4878
24409	24410	1.4882
24410	24411	1.5027
24411	24412	1.4847
24412	24413	1.4820
24413	24414	1.4807
24414	24415	1.4658
24415	24416	1.4464
24416	24417	1.4368
24417	24418	1.4575
24418	24419	1.4637
24419	24420	1.4709
24420	24421	1.4531
24421	24422	1.4396
24422	24423	1.4406
24423	24424	1.4260
24424	24425	1.4370
24425	24426	1.4359
24426	24427	1.4226
24427	24428	1.3997
24428	24429	1.4286
24429	24430	1.4525
24430	24431	1.4680
24431	24432	1.4009
24432	24433	1.3740
24433	24434	1.3831
24434	24435	1.3768
24435	24436	1.4118
24436	24437	1.4131
24437	24438	1.4290
24438	24439	1.4259
24439	24440	1.4780
24440	24441	1.4376
24441	24442	1.4498
24442	24443	1.4403
24443	24444	1.4405
24444	24445	1.4682
24445	24446	1.4704
24446	24447	1.4428
24447	24448	1.4567
24448	24449	1.4378
24449	24450	1.4354
24450	24451	1.4074
24451	24452	1.4056
24452	24453	1.3839
24453	24454	1.3912
24454	24455	1.4098
24455	24456	1.3963
24456	24457	1.4038
24457	24458	1.3999
24458	24459	1.4177
24459	24460	1.4112
24460	24461	1.4286
24461	24462	1.3955
24462	24463	1.4068
24463	24464	1.4203
24464	24465	1.4461
24465	24466	1.4374
24466	24467	1.4384
24467	24468	1.4541
24468	24469	1.4704
24469	24470	1.4301
24470	24471	1.4377
24471	24472	1.4105
24472	24473	1.4224
24473	24474	1.4216
24474	24475	1.4194
24475	24476	1.4451
24476	24477	1.4435
24477	24478	1.4640
24478	24479	1.4660
24479	24480	1.4046
24480	24481	1.3714
24481	24482	1.4086
24482	24483	1.3798
24483	24484	1.4175
24484	24485	1.4098
24485	24486	1.4121
24486	24487	1.3532
24487	24488	1.3743
24488	24489	1.3789
24489	24490	1.3709
24490	24491	1.3786
24491	24492	1.3541
24492	24493	1.3357
24493	24494	1.3508
24494	24495	1.3210
24495	24496	1.3878
24496	24497	1.3759
24497	24498	1.3727
24498	24499	1.3837
24499	24500	1.3782
24500	24501	1.3748
24501	24502	1.3371
24502	24503	1.3442
24503	24504	1.3651
24504	24505	1.3419
24505	24506	1.3430
24506	24507	1.3368
24507	24508	1.3811
24508	24509	1.3615
24509	24510	1.3915
24510	24511	1.4285
24511	24512	1.4520
24512	24513	1.4588
24513	24514	1.4247
24514	24515	1.4576
24515	24516	1.4505
24516	24517	1.3673
24517	24518	1.4008
24518	24519	1.4067
24519	24520	1.3953
24520	24521	1.3769
24521	24522	1.3631
24522	24523	1.3666
24523	24524	1.4088
24524	24525	1.4044
24525	24526	1.3924
24526	24527	1.3725
24527	24528	1.3552
24528	24529	1.3737
24529	24530	1.3495
24530	24531	1.3330
24531	24532	1.3313
24532	24533	1.3117
24533	24534	1.3319
24534	24535	1.3469
24535	24536	1.3435
24536	24537	1.3489
24537	24538	1.3128
24538	24539	1.2991
24539	24540	1.3404
24540	24541	1.3445
24541	24542	1.3160
24542	24543	1.3366
24543	24544	1.2901
24544	24545	1.2933
24545	24546	1.2809
24546	24547	1.3277
24547	24548	1.3225
24548	24549	1.2882
24549	24550	1.3093
24550	24551	1.2803
24551	24552	1.3321
24552	24553	1.3226
24553	24554	1.2828
24554	24555	1.3217
24555	24556	1.2769
24556	24557	1.2808
24557	24558	1.2655
24558	24559	1.3165
24559	24560	1.2947
24560	24561	1.2831
24561	24562	1.2838
24562	24563	1.3242
24563	24564	1.3488
24564	24565	1.3522
24565	24566	1.3326
24566	24567	1.3255
24567	24568	1.3345
24568	24569	1.3323
24569	24570	1.3242
24570	24571	1.4103
24571	24572	1.3837
24572	24573	1.3315
24573	24574	1.3557
24574	24575	1.3664
24575	24576	1.3721
24576	24577	1.3566
24577	24578	1.3518
24578	24579	1.3718
24579	24580	1.3745
24580	24581	1.3831
24581	24582	1.3523
24582	24583	1.3818
24583	24584	1.3735
24584	24585	1.3691
24585	24586	1.3730
24586	24587	1.3370
24587	24588	1.3094
24588	24589	1.2582
24589	24590	1.2797
24590	24591	1.2857
24591	24592	1.2848
24592	24593	1.2775
24593	24594	1.2584
24594	24595	1.2213
24595	24596	1.2794
24596	24597	1.2641
24597	24598	1.2841
24598	24599	1.2947
24599	24600	1.2430
24600	24601	1.2629
24601	24602	1.2373
24602	24603	1.2797
24603	24604	1.2807
24604	24605	1.3352
24605	24606	1.3076
24606	24607	1.3037
24607	24608	1.3168
24608	24609	1.3034
24609	24610	1.2956
24610	24611	1.3093
24611	24612	1.2909
24612	24613	1.2874
24613	24614	1.3124
24614	24615	1.3015
24615	24616	1.2719
24616	24617	1.2613
24617	24618	1.2846
24618	24619	1.3085
24619	24620	1.2811
24620	24621	1.2753
24621	24622	1.2555
24622	24623	1.2159
24623	24624	1.1779
24624	24625	1.1669
24625	24626	1.1828
24626	24627	1.1545
24627	24628	1.1876
24628	24629	1.1701
24629	24630	1.2035
24630	24631	1.1622
24631	24632	1.1864
24632	24633	1.1899
24633	24634	1.1913
24634	24635	1.1842
24635	24636	1.1831
24636	24637	1.1768
24637	24638	1.1682
24638	24639	1.1744
24639	24640	1.1580
24640	24641	1.1762
24641	24642	1.1352
24642	24643	1.1493
24643	24644	1.1536
24644	24645	1.1264
24645	24646	1.1072
24646	24647	1.1311
24647	24648	1.1447
24648	24649	1.1319
24649	24650	1.1360
24650	24651	1.1507
24651	24652	1.1493
24652	24653	1.1552
24653	24654	1.1902
24654	24655	1.1638
24655	24656	1.1763
24656	24657	1.1777
24657	24658	1.1941
24658	24659	1.1769
24659	24660	1.1900
24660	24661	1.1952
24661	24662	1.2140
24662	24663	1.2211
24663	24664	1.2197
24664	24665	1.2126
24665	24666	1.1999
24666	24667	1.1573
24667	24668	1.2126
24668	24669	1.1766
24669	24670	1.2004
24670	24671	1.2025
24671	24672	1.2333
24672	24673	1.1769
24673	24674	1.2190
24674	24675	1.2193
24675	24676	1.2769
24676	24677	1.2948
24677	24678	1.2860
24678	24679	1.2714
24679	24680	1.2928
24680	24681	1.2543
24681	24682	1.2730
24682	24683	1.3113
24683	24684	1.2637
24684	24685	1.2597
24685	24686	1.2504
24686	24687	1.2591
24687	24688	1.2651
24688	24689	1.2635
24689	24690	1.2319
24690	24691	1.2548
24691	24692	1.2487
24692	24693	1.2614
24693	24694	1.2660
24694	24695	1.2331
24695	24696	1.2414
24696	24697	1.2923
24697	24698	1.2710
24698	24699	1.3007
24699	24700	1.2899
24700	24701	1.2668
24701	24702	1.2452
24702	24703	1.2420
24703	24704	1.2252
24704	24705	1.2142
24705	24706	1.2363
24706	24707	1.1970
24707	24708	1.2250
24708	24709	1.2297
24709	24710	1.2138
24710	24711	1.1847
24711	24712	1.2380
24712	24713	1.1934
24713	24714	1.2042
24714	24715	1.2016
24715	24716	1.2209
24716	24717	1.2070
24717	24718	1.1678
24718	24719	1.1634
24719	24720	1.1181
24720	24721	1.1690
24721	24722	1.1807
24722	24723	1.1489
24723	24724	1.1307
24724	24725	1.1339
24725	24726	1.1318
24726	24727	1.1632
24727	24728	1.1507
24728	24729	1.1608
24729	24730	1.1236
24730	24731	1.1312
24731	24732	1.1774
24732	24733	1.1763
24733	24734	1.1630
24734	24735	1.1535
24735	24736	1.1228
24736	24737	1.1800
24737	24738	1.1652
24738	24739	1.1413
24739	24740	1.1193
24740	24741	1.1125
24741	24742	1.1882
24742	24743	1.1571
24743	24744	1.2019
24744	24745	1.1734
24745	24746	1.1719
24746	24747	1.1218
24747	24748	1.1453
24748	24749	1.1642
24749	24750	1.1850
24750	24751	1.1651
24751	24752	1.1710
24752	24753	1.1729
24753	24754	1.1985
24754	24755	1.1672
24755	24756	1.1271
24756	24757	1.1200
24757	24758	1.1404
24758	24759	1.0880
24759	24760	1.1224
24760	24761	1.1202
24761	24762	1.0611
24762	24763	1.0586
24763	24764	1.0841
24764	24765	1.0912
24765	24766	1.0606
24766	24767	1.1160
24767	24768	1.1044
24768	24769	1.0833
24769	24770	1.0941
24770	24771	1.1075
24771	24772	1.1069
24772	24773	1.1408
24773	24774	1.1354
24774	24775	1.1226
24775	24776	1.1257
24776	24777	1.1175
24777	24778	1.1106
24778	24779	1.1184
24779	24780	1.1011
24780	24781	1.1432
24781	24782	1.1434
24782	24783	1.1296
24783	24784	1.1554
24784	24785	1.1817
24785	24786	1.1537
24786	24787	1.1195
24787	24788	1.1272
24788	24789	1.1368
24789	24790	1.1573
24790	24791	1.1821
24791	24792	1.1837
24792	24793	1.1934
24793	24794	1.1842
24794	24795	1.1953
24795	24796	1.1850
24796	24797	1.1950
24797	24798	1.1587
24798	24799	1.1689
24799	24800	1.1642
24800	24801	1.1645
24801	24802	1.1503
24802	24803	1.1948
24803	24804	1.1630
24804	24805	1.1894
24805	24806	1.1797
24806	24807	1.1438
24807	24808	1.1513
24808	24809	1.1517
24809	24810	1.1583
24810	24811	1.1955
24811	24812	1.2007
24812	24813	1.2308
24813	24814	1.2673
24814	24815	1.2732
24815	24816	1.2817
24816	24817	1.2923
24817	24818	1.2751
24818	24819	1.2808
24819	24820	1.2972
24820	24821	1.2745
24821	24822	1.3207
24822	24823	1.3281
24823	24824	1.3059
24824	24825	1.2898
24825	24826	1.2916
24826	24827	1.2642
24827	24828	1.2425
24828	24829	1.2935
24829	24830	1.2851
24830	24831	1.2559
24831	24832	1.2545
24832	24833	1.2831
24833	24834	1.2229
24834	24835	1.2364
24835	24836	1.2490
24836	24837	1.2683
24837	24838	1.3219
24838	24839	1.3680
24839	24840	1.3425
24840	24841	1.3606
24841	24842	1.3408
24842	24843	1.3311
24843	24844	1.2544
24844	24845	1.2704
24845	24846	1.2223
24846	24847	1.3201
24847	24848	1.3001
24848	24849	1.2712
24849	24850	1.2703
24850	24851	1.2723
24851	24852	1.3280
24852	24853	1.3043
24853	24854	1.3200
24854	24855	1.3270
24855	24856	1.2748
24856	24857	1.2834
24857	24858	1.2873
24858	24859	1.2795
24859	24860	1.2416
24860	24861	1.2781
24861	24862	1.2324
24862	24863	1.2234
24863	24864	1.2606
24864	24865	1.2731
24865	24866	1.2696
24866	24867	1.2487
24867	24868	1.2118
24868	24869	1.1682
24869	24870	1.1695
24870	24871	1.1670
24871	24872	1.1696
24872	24873	1.1517
24873	24874	1.1557
24874	24875	1.1273
24875	24876	1.1562
24876	24877	1.1732
24877	24878	1.2570
24878	24879	1.2029
24879	24880	1.1727
24880	24881	1.1572
24881	24882	1.1973
24882	24883	1.1605
24883	24884	1.1905
24884	24885	1.1850
24885	24886	1.2267
24886	24887	1.2910
24887	24888	1.2476
24888	24889	1.2243
24889	24890	1.1957
24890	24891	1.2393
24891	24892	1.2975
24892	24893	1.2623
24893	24894	1.2402
24894	24895	1.2096
24895	24896	1.2415
24896	24897	1.2313
24897	24898	1.2345
24898	24899	1.2069
24899	24900	1.2532
24900	24901	1.2350
24901	24902	1.1818
24902	24903	1.1966
24903	24904	1.1962
24904	24905	1.1738
24905	24906	1.1661
24906	24907	1.1732
24907	24908	1.1536
24908	24909	1.1621
24909	24910	1.1203
24910	24911	1.1547
24911	24912	1.1528
24912	24913	1.1444
24913	24914	1.1615
24914	24915	1.1975
24915	24916	1.1735
24916	24917	1.1662
24917	24918	1.1790
24918	24919	1.1618
24919	24920	1.1729
24920	24921	1.1685
24921	24922	1.1781
24922	24923	1.1882
24923	24924	1.1532
24924	24925	1.1529
24925	24926	1.1503
24926	24927	1.1328
24927	24928	1.1556
24928	24929	1.1807
24929	24930	1.2024
24930	24931	1.1805
24931	24932	1.1435
24932	24933	1.1015
24933	24934	1.1170
24934	24935	1.1355
24935	24936	1.1489
24936	24937	1.1281
24937	24938	1.1671
24938	24939	1.1857
24939	24940	1.1659
24940	24941	1.1683
24941	24942	1.1307
24942	24943	1.1336
24943	24944	1.1023
24944	24945	1.1009
24945	24946	1.0949
24946	24947	1.0751
24947	24948	1.1456
24948	24949	1.1528
24949	24950	1.1370
24950	24951	1.1400
24951	24952	1.1462
24952	24953	1.1271
24953	24954	1.0729
24954	24955	1.0701
24955	24956	1.0564
24956	24957	1.0777
24957	24958	1.0978
24958	24959	1.0441
24959	24960	1.0916
24960	24961	1.1268
24961	24962	1.0685
24962	24963	1.0951
24963	24964	1.0778
24964	24965	1.1000
24965	24966	1.0932
24966	24967	1.1123
24967	24968	1.0989
24968	24969	1.0862
24969	24970	1.1218
24970	24971	1.0958
24971	24972	1.1651
24972	24973	1.1433
24973	24974	1.1765
24974	24975	1.1336
24975	24976	1.1367
24976	24977	1.1190
24977	24978	1.1334
24978	24979	1.1166
24979	24980	1.0787
24980	24981	1.0777
24981	24982	1.1247
24982	24983	1.1309
24983	24984	1.1253
24984	24985	1.1356
24985	24986	1.1508
24986	24987	1.1195
24987	24988	1.1042
24988	24989	1.0824
24989	24990	1.1006
24990	24991	1.1440
24991	24992	1.1613
24992	24993	1.1909
24993	24994	1.2105
24994	24995	1.1854
24995	24996	1.1995
24996	24997	1.1657
24997	24998	1.2154
24998	24999	1.1729
24999	25000	1.1479
25000	25001	1.1521
25001	25002	1.1351
25002	25003	1.1167
25003	25004	1.1319
25004	25005	1.1712
25005	25006	1.1588
25006	25007	1.1432
25007	25008	1.1350
25008	25009	1.1291
25009	25010	1.1524
25010	25011	1.1967
25011	25012	1.2008
25012	25013	1.1656
25013	25014	1.1609
25014	25015	1.1799
25015	25016	1.1820
25016	25017	1.1708
25017	25018	1.1602
25018	25019	1.1772
25019	25020	1.1534
25020	25021	1.1693
25021	25022	1.1624
25022	25023	1.1716
25023	25024	1.2094
25024	25025	1.1759
25025	25026	1.2208
25026	25027	1.2082
25027	25028	1.1911
25028	25029	1.1447
25029	25030	1.2108
25030	25031	1.1334
25031	25032	1.1976
25032	25033	1.1304
25033	25034	1.1414
25034	25035	1.1576
25035	25036	1.1846
25036	25037	1.1572
25037	25038	1.1618
25038	25039	1.1624
25039	25040	1.1876
25040	25041	1.1974
25041	25042	1.2418
25042	25043	1.2196
25043	25044	1.2373
25044	25045	1.1973
25045	25046	1.2453
25046	25047	1.2700
25047	25048	1.2609
25048	25049	1.2036
25049	25050	1.2178
25050	25051	1.1928
25051	25052	1.2131
25052	25053	1.1890
25053	25054	1.1927
25054	25055	1.1939
25055	25056	1.1795
25056	25057	1.1813
25057	25058	1.1257
25058	25059	1.1052
25059	25060	1.0828
25060	25061	1.1009
25061	25062	1.0664
25062	25063	1.0644
25063	25064	1.1063
25064	25065	1.0795
25065	25066	1.0692
25066	25067	1.1105
25067	25068	1.0834
25068	25069	1.0803
25069	25070	1.1166
25070	25071	1.1140
25071	25072	1.1136
25072	25073	1.1735
25073	25074	1.1582
25074	25075	1.2001
25075	25076	1.1918
25076	25077	1.1681
25077	25078	1.1246
25078	25079	1.1854
25079	25080	1.1930
25080	25081	1.1524
25081	25082	1.1342
25082	25083	1.1398
25083	25084	1.1397
25084	25085	1.1304
25085	25086	1.1137
25086	25087	1.1430
25087	25088	1.1688
25088	25089	1.1477
25089	25090	1.0606
25090	25091	1.1063
25091	25092	1.1292
25092	25093	1.1531
25093	25094	1.1424
25094	25095	1.1505
25095	25096	1.1388
25096	25097	1.0980
25097	25098	1.1330
25098	25099	1.1390
25099	25100	1.1250
25100	25101	1.1864
25101	25102	1.1711
25102	25103	1.2390
25103	25104	1.1943
25104	25105	1.1927
25105	25106	1.1723
25106	25107	1.2091
25107	25108	1.1932
25108	25109	1.2062
25109	25110	1.2097
25110	25111	1.1965
25111	25112	1.1720
25112	25113	1.2043
25113	25114	1.2096
25114	25115	1.2085
25115	25116	1.2163
25116	25117	1.2712
25117	25118	1.2328
25118	25119	1.2530
25119	25120	1.2320
25120	25121	1.2254
25121	25122	1.2569
25122	25123	1.1948
25123	25124	1.1920
25124	25125	1.1704
25125	25126	1.1344
25126	25127	1.2141
25127	25128	1.1985
25128	25129	1.2490
25129	25130	1.2370
25130	25131	1.1982
25131	25132	1.1888
25132	25133	1.2109
25133	25134	1.1906
25134	25135	1.2145
25135	25136	1.2125
25136	25137	1.2518
25137	25138	1.2188
25138	25139	1.2292
25139	25140	1.2444
25140	25141	1.2289
25141	25142	1.2841
25142	25143	1.3011
25143	25144	1.2711
25144	25145	1.2604
25145	25146	1.2655
25146	25147	1.2703
25147	25148	1.2106
25148	25149	1.2303
25149	25150	1.2249
25150	25151	1.2560
25151	25152	1.2762
25152	25153	1.3120
25153	25154	1.2700
25154	25155	1.2694
25155	25156	1.2604
25156	25157	1.2526
25157	25158	1.2436
25158	25159	1.2426
25159	25160	1.2673
25160	25161	1.2761
25161	25162	1.2532
25162	25163	1.2478
25163	25164	1.2550
25164	25165	1.2674
25165	25166	1.2274
25166	25167	1.2044
25167	25168	1.2433
25168	25169	1.2875
25169	25170	1.2427
25170	25171	1.2299
25171	25172	1.2123
25172	25173	1.2254
25173	25174	1.2732
25174	25175	1.2502
25175	25176	1.2297
25176	25177	1.2137
25177	25178	1.1979
25178	25179	1.2382
25179	25180	1.2256
25180	25181	1.2143
25181	25182	1.1904
25182	25183	1.1912
25183	25184	1.1331
25184	25185	1.1554
25185	25186	1.1326
25186	25187	1.1453
25187	25188	1.1917
25188	25189	1.2227
25189	25190	1.2257
25190	25191	1.2885
25191	25192	1.2596
25192	25193	1.2798
25193	25194	1.2767
25194	25195	1.2768
25195	25196	1.2527
25196	25197	1.2474
25197	25198	1.2841
25198	25199	1.3097
25199	25200	1.3088
25200	25201	1.2902
25201	25202	1.2725
25202	25203	1.2752
25203	25204	1.3279
25204	25205	1.3172
25205	25206	1.3287
25206	25207	1.3359
25207	25208	1.3547
25208	25209	1.3628
25209	25210	1.3482
25210	25211	1.3243
25211	25212	1.3113
25212	25213	1.3047
25213	25214	1.2877
25214	25215	1.3027
25215	25216	1.3234
25216	25217	1.3315
25217	25218	1.3121
25218	25219	1.2879
25219	25220	1.2735
25220	25221	1.2797
25221	25222	1.2806
25222	25223	1.2996
25223	25224	1.3234
25224	25225	1.3067
25225	25226	1.2961
25226	25227	1.3135
25227	25228	1.3067
25228	25229	1.3084
25229	25230	1.3407
25230	25231	1.3445
25231	25232	1.3330
25232	25233	1.3130
25233	25234	1.2746
25234	25235	1.3364
25235	25236	1.3716
25236	25237	1.3973
25237	25238	1.3835
25238	25239	1.3530
25239	25240	1.3256
25240	25241	1.3450
25241	25242	1.3350
25242	25243	1.3252
25243	25244	1.3214
25244	25245	1.3618
25245	25246	1.3832
25246	25247	1.3421
25247	25248	1.3617
25248	25249	1.3123
25249	25250	1.3146
25250	25251	1.3006
25251	25252	1.2774
25252	25253	1.2506
25253	25254	1.2550
25254	25255	1.2414
25255	25256	1.2276
25256	25257	1.2395
25257	25258	1.1836
25258	25259	1.1967
25259	25260	1.2152
25260	25261	1.2361
25261	25262	1.2144
25262	25263	1.2259
25263	25264	1.1804
25264	25265	1.2289
25265	25266	1.1674
25266	25267	1.1930
25267	25268	1.1477
25268	25269	1.2006
25269	25270	1.1757
25270	25271	1.1560
25271	25272	1.1614
25272	25273	1.1725
25273	25274	1.1415
25274	25275	1.1516
25275	25276	1.2070
25276	25277	1.1591
25277	25278	1.0989
25278	25279	1.1805
25279	25280	1.1618
25280	25281	1.1686
25281	25282	1.1923
25282	25283	1.1684
25283	25284	1.2037
25284	25285	1.1995
25285	25286	1.2250
25286	25287	1.2409
25287	25288	1.2284
25288	25289	1.2348
25289	25290	1.2350
25290	25291	1.2753
25291	25292	1.2740
25292	25293	1.2558
25293	25294	1.2359
25294	25295	1.1769
25295	25296	1.2015
25296	25297	1.2388
25297	25298	1.3191
25298	25299	1.2702
25299	25300	1.2285
25300	25301	1.2253
25301	25302	1.2246
25302	25303	1.2601
25303	25304	1.2023
25304	25305	1.2423
25305	25306	1.1951
25306	25307	1.2249
25307	25308	1.2399
25308	25309	1.2391
25309	25310	1.2875
25310	25311	1.3003
25311	25312	1.3096
25312	25313	1.2689
25313	25314	1.2658
25314	25315	1.2208
25315	25316	1.2600
25316	25317	1.2736
25317	25318	1.2761
25318	25319	1.2824
25319	25320	1.2544
25320	25321	1.2635
25321	25322	1.2639
25322	25323	1.3169
25323	25324	1.2952
25324	25325	1.3280
25325	25326	1.2977
25326	25327	1.2643
25327	25328	1.2849
25328	25329	1.2947
25329	25330	1.3190
25330	25331	1.3231
25331	25332	1.3169
25332	25333	1.3031
25333	25334	1.3293
25334	25335	1.3252
25335	25336	1.3358
25336	25337	1.3405
25337	25338	1.3458
25338	25339	1.3179
25339	25340	1.3112
25340	25341	1.3174
25341	25342	1.3188
25342	25343	1.2887
25343	25344	1.2880
25344	25345	1.2711
25345	25346	1.2052
25346	25347	1.2662
25347	25348	1.2798
25348	25349	1.2735
25349	25350	1.3026
25350	25351	1.2514
25351	25352	1.2536
25352	25353	1.2576
25353	25354	1.2614
25354	25355	1.2606
25355	25356	1.2658
25356	25357	1.2429
25357	25358	1.2768
25358	25359	1.2310
25359	25360	1.2200
25360	25361	1.1992
25361	25362	1.2105
25362	25363	1.1931
25363	25364	1.1802
25364	25365	1.1874
25365	25366	1.2328
25366	25367	1.2314
25367	25368	1.2167
25368	25369	1.2235
25369	25370	1.1793
25370	25371	1.1425
25371	25372	1.1715
25372	25373	1.1384
25373	25374	1.1639
25374	25375	1.1825
25375	25376	1.2060
25376	25377	1.2156
25377	25378	1.1953
25378	25379	1.2142
25379	25380	1.2241
25380	25381	1.2525
25381	25382	1.2545
25382	25383	1.2467
25383	25384	1.2196
25384	25385	1.2120
25385	25386	1.2335
25386	25387	1.2337
25387	25388	1.2129
25388	25389	1.2238
25389	25390	1.2021
25390	25391	1.2465
25391	25392	1.1863
25392	25393	1.1870
25393	25394	1.2213
25394	25395	1.2366
25395	25396	1.2274
25396	25397	1.2893
25397	25398	1.2206
25398	25399	1.2184
25399	25400	1.2403
25400	25401	1.2141
25401	25402	1.1776
25402	25403	1.2346
25403	25404	1.2604
25404	25405	1.2352
25405	25406	1.2355
25406	25407	1.2499
25407	25408	1.2316
25408	25409	1.1990
25409	25410	1.2149
25410	25411	1.2365
25411	25412	1.2136
25412	25413	1.2356
25413	25414	1.2164
25414	25415	1.2615
25415	25416	1.2849
25416	25417	1.2792
25417	25418	1.2862
25418	25419	1.2864
25419	25420	1.2784
25420	25421	1.3111
25421	25422	1.3369
25422	25423	1.2768
25423	25424	1.2898
25424	25425	1.3033
25425	25426	1.2944
25426	25427	1.2935
25427	25428	1.2366
25428	25429	1.2709
25429	25430	1.2727
25430	25431	1.2998
25431	25432	1.2878
25432	25433	1.3009
25433	25434	1.2998
25434	25435	1.3171
25435	25436	1.3212
25436	25437	1.2561
25437	25438	1.2766
25438	25439	1.2401
25439	25440	1.2645
25440	25441	1.2772
25441	25442	1.2922
25442	25443	1.3113
25443	25444	1.3130
25444	25445	1.3170
25445	25446	1.2871
25446	25447	1.2848
25447	25448	1.2793
25448	25449	1.2851
25449	25450	1.3138
25450	25451	1.3539
25451	25452	1.3569
25452	25453	1.3312
25453	25454	1.2935
25454	25455	1.2734
25455	25456	1.3123
25456	25457	1.2950
25457	25458	1.3157
25458	25459	1.3136
25459	25460	1.3108
25460	25461	1.3173
25461	25462	1.3069
25462	25463	1.3358
25463	25464	1.3346
25464	25465	1.3538
25465	25466	1.3730
25466	25467	1.3228
25467	25468	1.3289
25468	25469	1.3313
25469	25470	1.3427
25470	25471	1.3504
25471	25472	1.3475
25472	25473	1.3026
25473	25474	1.3171
25474	25475	1.2868
25475	25476	1.2832
25476	25477	1.2766
25477	25478	1.3338
25478	25479	1.2846
25479	25480	1.3715
25480	25481	1.3678
25481	25482	1.3431
25482	25483	1.3211
25483	25484	1.3285
25484	25485	1.3483
25485	25486	1.3316
25486	25487	1.3511
25487	25488	1.3486
25488	25489	1.3526
25489	25490	1.3604
25490	25491	1.3630
25491	25492	1.3724
25492	25493	1.3163
25493	25494	1.3185
25494	25495	1.4006
25495	25496	1.3559
25496	25497	1.3882
25497	25498	1.3744
25498	25499	1.3548
25499	25500	1.3279
25500	25501	1.3777
25501	25502	1.3955
25502	25503	1.3756
25503	25504	1.4167
25504	25505	1.3901
25505	25506	1.3476
25506	25507	1.3846
25507	25508	1.3969
25508	25509	1.3865
25509	25510	1.3555
25510	25511	1.3580
25511	25512	1.3387
25512	25513	1.3805
25513	25514	1.4235
25514	25515	1.3914
25515	25516	1.4146
25516	25517	1.4054
25517	25518	1.4574
25518	25519	1.4638
25519	25520	1.4549
25520	25521	1.4124
25521	25522	1.4171
25522	25523	1.4334
25523	25524	1.4551
25524	25525	1.4729
25525	25526	1.4842
25526	25527	1.4833
25527	25528	1.4664
25528	25529	1.3818
25529	25530	1.4325
25530	25531	1.4553
25531	25532	1.4770
25532	25533	1.4254
25533	25534	1.4641
25534	25535	1.4849
25535	25536	1.4898
25536	25537	1.4803
25537	25538	1.4754
25538	25539	1.4693
25539	25540	1.4785
25540	25541	1.4660
25541	25542	1.4604
25542	25543	1.4768
25543	25544	1.4815
25544	25545	1.4710
25545	25546	1.4769
25546	25547	1.3987
25547	25548	1.4362
25548	25549	1.3997
25549	25550	1.4111
25550	25551	1.4107
25551	25552	1.3800
25552	25553	1.3868
25553	25554	1.3919
25554	25555	1.4073
25555	25556	1.4565
25556	25557	1.4432
25557	25558	1.4496
25558	25559	1.4290
25559	25560	1.3917
25560	25561	1.3945
25561	25562	1.4016
25562	25563	1.3934
25563	25564	1.4100
25564	25565	1.4068
25565	25566	1.3820
25566	25567	1.4027
25567	25568	1.3882
25568	25569	1.4082
25569	25570	1.4238
25570	25571	1.4077
25571	25572	1.3626
25572	25573	1.3753
25573	25574	1.4183
25574	25575	1.3726
25575	25576	1.3428
25576	25577	1.3038
25577	25578	1.3102
25578	25579	1.3162
25579	25580	1.3436
25580	25581	1.3329
25581	25582	1.3239
25582	25583	1.2932
25583	25584	1.2638
25584	25585	1.2179
25585	25586	1.2844
25586	25587	1.3299
25587	25588	1.3241
25588	25589	1.3154
25589	25590	1.2844
25590	25591	1.3112
25591	25592	1.3218
25592	25593	1.3202
25593	25594	1.3582
25594	25595	1.3371
25595	25596	1.3188
25596	25597	1.3424
25597	25598	1.3383
25598	25599	1.3661
25599	25600	1.3685
25600	25601	1.3096
25601	25602	1.3241
25602	25603	1.2987
25603	25604	1.2786
25604	25605	1.3066
25605	25606	1.3068
25606	25607	1.3391
25607	25608	1.3533
25608	25609	1.3836
25609	25610	1.3307
25610	25611	1.2810
25611	25612	1.3540
25612	25613	1.3201
25613	25614	1.3174
25614	25615	1.3338
25615	25616	1.3729
25616	25617	1.2711
25617	25618	1.2542
25618	25619	1.2915
25619	25620	1.3269
25620	25621	1.3216
25621	25622	1.3220
25622	25623	1.3200
25623	25624	1.3519
25624	25625	1.3510
25625	25626	1.3341
25626	25627	1.3423
25627	25628	1.3695
25628	25629	1.3988
25629	25630	1.3917
25630	25631	1.4237
25631	25632	1.3987
25632	25633	1.4387
25633	25634	1.3977
25634	25635	1.4326
25635	25636	1.3982
25636	25637	1.4097
25637	25638	1.4207
25638	25639	1.4093
25639	25640	1.4669
25640	25641	1.4698
25641	25642	1.4725
25642	25643	1.4844
25643	25644	1.5310
25644	25645	1.4563
25645	25646	1.4409
25646	25647	1.4448
25647	25648	1.4481
25648	25649	1.4678
25649	25650	1.4526
25650	25651	1.3780
25651	25652	1.4261
25652	25653	1.4154
25653	25654	1.4404
25654	25655	1.4710
25655	25656	1.4072
25656	25657	1.4174
25657	25658	1.4349
25658	25659	1.4319
25659	25660	1.4260
25660	25661	1.3956
25661	25662	1.4081
25662	25663	1.3914
25663	25664	1.4071
25664	25665	1.4144
25665	25666	1.4286
25666	25667	1.4380
25667	25668	1.4061
25668	25669	1.4364
25669	25670	1.4148
25670	25671	1.4308
25671	25672	1.4500
25672	25673	1.4080
25673	25674	1.4460
25674	25675	1.4386
25675	25676	1.3821
25676	25677	1.3794
25677	25678	1.3453
25678	25679	1.3861
25679	25680	1.4324
25680	25681	1.4103
25681	25682	1.3976
25682	25683	1.4464
25683	25684	1.4742
25684	25685	1.4229
25685	25686	1.4302
25686	25687	1.4493
25687	25688	1.4478
25688	25689	1.4271
25689	25690	1.4432
25690	25691	1.4249
25691	25692	1.4226
25692	25693	1.4254
25693	25694	1.4579
25694	25695	1.4757
25695	25696	1.4485
25696	25697	1.4595
25697	25698	1.4541
25698	25699	1.4544
25699	25700	1.4632
25700	25701	1.4816
25701	25702	1.4554
25702	25703	1.5303
25703	25704	1.5086
25704	25705	1.5268
25705	25706	1.5103
25706	25707	1.5176
25707	25708	1.5103
25708	25709	1.4492
25709	25710	1.5219
25710	25711	1.5528
25711	25712	1.5655
25712	25713	1.5733
25713	25714	1.5763
25714	25715	1.5803
25715	25716	1.5155
25716	25717	1.5604
25717	25718	1.5095
25718	25719	1.5766
25719	25720	1.5456
25720	25721	1.5499
25721	25722	1.4860
25722	25723	1.4742
25723	25724	1.4921
25724	25725	1.5196
25725	25726	1.5227
25726	25727	1.5235
25727	25728	1.5239
25728	25729	1.5110
25729	25730	1.5763
25730	25731	1.5113
25731	25732	1.5544
25732	25733	1.5538
25733	25734	1.5759
25734	25735	1.5601
25735	25736	1.5483
25736	25737	1.5467
25737	25738	1.6071
25738	25739	1.5649
25739	25740	1.5454
25740	25741	1.5199
25741	25742	1.4804
25742	25743	1.4850
25743	25744	1.5076
25744	25745	1.5211
25745	25746	1.4976
25746	25747	1.4797
25747	25748	1.4381
25748	25749	1.4797
25749	25750	1.4666
25750	25751	1.4971
25751	25752	1.4579
25752	25753	1.4544
25753	25754	1.4523
25754	25755	1.4557
25755	25756	1.4718
25756	25757	1.5412
25757	25758	1.5649
25758	25759	1.5176
25759	25760	1.5797
25760	25761	1.5779
25761	25762	1.5678
25762	25763	1.5821
25763	25764	1.5518
25764	25765	1.5122
25765	25766	1.5283
25766	25767	1.4871
25767	25768	1.4913
25768	25769	1.4734
25769	25770	1.4838
25770	25771	1.5234
25771	25772	1.5676
25772	25773	1.5670
25773	25774	1.5530
25774	25775	1.5401
25775	25776	1.5328
25776	25777	1.5889
25777	25778	1.6408
25778	25779	1.6200
25779	25780	1.5775
25780	25781	1.5428
25781	25782	1.5836
25782	25783	1.5246
25783	25784	1.5439
25784	25785	1.5208
25785	25786	1.5611
25786	25787	1.5728
25787	25788	1.6114
25788	25789	1.6022
25789	25790	1.5971
25790	25791	1.5976
25791	25792	1.6164
25792	25793	1.6006
25793	25794	1.6059
25794	25795	1.5998
25795	25796	1.6089
25796	25797	1.5862
25797	25798	1.5430
25798	25799	1.5626
25799	25800	1.5400
25800	25801	1.5790
25801	25802	1.5360
25802	25803	1.5739
25803	25804	1.5651
25804	25805	1.5197
25805	25806	1.5372
25806	25807	1.4915
25807	25808	1.4651
25808	25809	1.5289
25809	25810	1.5753
25810	25811	1.5929
25811	25812	1.5877
25812	25813	1.6115
25813	25814	1.6247
25814	25815	1.6571
25815	25816	1.6066
25816	25817	1.6254
25817	25818	1.5601
25818	25819	1.5660
25819	25820	1.5317
25820	25821	1.5231
25821	25822	1.5518
25822	25823	1.4627
25823	25824	1.4646
25824	25825	1.4934
25825	25826	1.5089
25826	25827	1.4943
25827	25828	1.4871
25828	25829	1.4797
25829	25830	1.4983
25830	25831	1.4783
25831	25832	1.4592
25832	25833	1.4754
25833	25834	1.4519
25834	25835	1.4826
25835	25836	1.4654
25836	25837	1.4783
25837	25838	1.4680
25838	25839	1.4545
25839	25840	1.4457
25840	25841	1.4630
25841	25842	1.4521
25842	25843	1.3869
25843	25844	1.4010
25844	25845	1.4088
25845	25846	1.3689
25846	25847	1.3678
25847	25848	1.4112
25848	25849	1.4116
25849	25850	1.4214
25850	25851	1.4336
25851	25852	1.4402
25852	25853	1.4469
25853	25854	1.4714
25854	25855	1.4220
25855	25856	1.4231
25856	25857	1.4230
25857	25858	1.4259
25858	25859	1.4037
25859	25860	1.3829
25860	25861	1.4040
25861	25862	1.3824
25862	25863	1.3621
25863	25864	1.3977
25864	25865	1.3741
25865	25866	1.3924
25866	25867	1.3581
25867	25868	1.3554
25868	25869	1.3911
25869	25870	1.4587
25870	25871	1.4279
25871	25872	1.4532
25872	25873	1.4532
25873	25874	1.4518
25874	25875	1.4635
25875	25876	1.4194
25876	25877	1.3757
25877	25878	1.3750
25878	25879	1.4438
25879	25880	1.4022
25880	25881	1.3939
25881	25882	1.4481
25882	25883	1.4439
25883	25884	1.4446
25884	25885	1.4551
25885	25886	1.4697
25886	25887	1.4673
25887	25888	1.4722
25888	25889	1.4728
25889	25890	1.4995
25890	25891	1.4984
25891	25892	1.5335
25892	25893	1.5579
25893	25894	1.5699
25894	25895	1.5927
25895	25896	1.5106
25896	25897	1.5689
25897	25898	1.6214
25898	25899	1.5858
25899	25900	1.5508
25900	25901	1.5546
25901	25902	1.5994
25902	25903	1.5614
25903	25904	1.6009
25904	25905	1.5632
25905	25906	1.5618
25906	25907	1.5385
25907	25908	1.5172
25908	25909	1.4837
25909	25910	1.4751
25910	25911	1.5056
25911	25912	1.4896
25912	25913	1.5023
25913	25914	1.4967
25914	25915	1.5248
25915	25916	1.5418
25916	25917	1.5007
25917	25918	1.5325
25918	25919	1.5204
25919	25920	1.5304
25920	25921	1.4994
25921	25922	1.5316
25922	25923	1.5153
25923	25924	1.5480
25924	25925	1.5352
25925	25926	1.5462
25926	25927	1.5180
25927	25928	1.4987
25928	25929	1.5042
25929	25930	1.4734
25930	25931	1.4478
25931	25932	1.4087
25932	25933	1.4326
25933	25934	1.3612
25934	25935	1.3965
25935	25936	1.3718
25936	25937	1.3745
25937	25938	1.3456
25938	25939	1.3346
25939	25940	1.3080
25940	25941	1.3151
25941	25942	1.3143
25942	25943	1.3372
25943	25944	1.3857
25944	25945	1.4045
25945	25946	1.3843
25946	25947	1.3551
25947	25948	1.3590
25948	25949	1.3808
25949	25950	1.3307
25950	25951	1.3484
25951	25952	1.3380
25952	25953	1.2922
25953	25954	1.3327
25954	25955	1.3593
25955	25956	1.3830
25956	25957	1.3950
25957	25958	1.3818
25958	25959	1.4188
25959	25960	1.4196
25960	25961	1.4151
25961	25962	1.3987
25962	25963	1.3674
25963	25964	1.3430
25964	25965	1.3386
25965	25966	1.3766
25966	25967	1.3785
25967	25968	1.3896
25968	25969	1.4031
25969	25970	1.3786
25970	25971	1.4210
25971	25972	1.4175
25972	25973	1.4140
25973	25974	1.3792
25974	25975	1.4215
25975	25976	1.4017
25976	25977	1.3811
25977	25978	1.3721
25978	25979	1.4201
25979	25980	1.3727
25980	25981	1.3947
25981	25982	1.4061
25982	25983	1.4358
25983	25984	1.4119
25984	25985	1.3806
25985	25986	1.3691
25986	25987	1.3600
25987	25988	1.3675
25988	25989	1.3448
25989	25990	1.3823
25990	25991	1.3589
25991	25992	1.3653
25992	25993	1.3862
25993	25994	1.3597
25994	25995	1.3525
25995	25996	1.3765
25996	25997	1.3419
25997	25998	1.3618
25998	25999	1.3536
25999	26000	1.3793
26000	26001	1.3999
26001	26002	1.3691
26002	26003	1.3881
26003	26004	1.4183
26004	26005	1.4069
26005	26006	1.3916
26006	26007	1.3577
26007	26008	1.3954
26008	26009	1.3644
26009	26010	1.3365
26010	26011	1.3576
26011	26012	1.3997
26012	26013	1.3749
26013	26014	1.3151
26014	26015	1.3145
26015	26016	1.3395
26016	26017	1.3503
26017	26018	1.3533
26018	26019	1.3293
26019	26020	1.3538
26020	26021	1.3688
26021	26022	1.3682
26022	26023	1.3648
26023	26024	1.3793
26024	26025	1.3444
26025	26026	1.3707
26026	26027	1.3342
26027	26028	1.3252
26028	26029	1.3381
26029	26030	1.3553
26030	26031	1.3970
26031	26032	1.3672
26032	26033	1.3652
26033	26034	1.3840
26034	26035	1.3846
26035	26036	1.4335
26036	26037	1.3857
26037	26038	1.3738
26038	26039	1.3376
26039	26040	1.4153
26040	26041	1.4185
26041	26042	1.4291
26042	26043	1.3714
26043	26044	1.4175
26044	26045	1.3839
26045	26046	1.4009
26046	26047	1.4170
26047	26048	1.4427
26048	26049	1.4144
26049	26050	1.3951
26050	26051	1.3838
26051	26052	1.3857
26052	26053	1.3585
26053	26054	1.3593
26054	26055	1.3634
26055	26056	1.3763
26056	26057	1.3826
26057	26058	1.3921
26058	26059	1.4400
26059	26060	1.4026
26060	26061	1.4034
26061	26062	1.4111
26062	26063	1.4391
26063	26064	1.4419
26064	26065	1.4214
26065	26066	1.4267
26066	26067	1.4159
26067	26068	1.3767
26068	26069	1.3629
26069	26070	1.3519
26070	26071	1.3713
26071	26072	1.3778
26072	26073	1.3883
26073	26074	1.3919
26074	26075	1.3721
26075	26076	1.3234
26076	26077	1.3317
26077	26078	1.3464
26078	26079	1.3123
26079	26080	1.2706
26080	26081	1.2571
26081	26082	1.2996
26082	26083	1.3626
26083	26084	1.3717
26084	26085	1.4344
26085	26086	1.4505
26086	26087	1.4380
26087	26088	1.4420
26088	26089	1.4626
26089	26090	1.4572
26090	26091	1.4828
26091	26092	1.5143
26092	26093	1.4969
26093	26094	1.5056
26094	26095	1.4702
26095	26096	1.4686
26096	26097	1.4782
26097	26098	1.4793
26098	26099	1.4697
26099	26100	1.4422
26100	26101	1.4678
26101	26102	1.4371
26102	26103	1.4582
26103	26104	1.4114
26104	26105	1.4792
26105	26106	1.4850
26106	26107	1.5107
26107	26108	1.5536
26108	26109	1.5547
26109	26110	1.5829
26110	26111	1.5719
26111	26112	1.5449
26112	26113	1.5729
26113	26114	1.5739
26114	26115	1.5456
26115	26116	1.5630
26116	26117	1.5038
26117	26118	1.5579
26118	26119	1.5737
26119	26120	1.5985
26120	26121	1.6068
26121	26122	1.5687
26122	26123	1.5993
26123	26124	1.5322
26124	26125	1.5013
26125	26126	1.5419
26126	26127	1.5224
26127	26128	1.5050
26128	26129	1.4934
26129	26130	1.4698
26130	26131	1.4613
26131	26132	1.4558
26132	26133	1.4333
26133	26134	1.3932
26134	26135	1.3663
26135	26136	1.3688
26136	26137	1.3627
26137	26138	1.3510
26138	26139	1.4044
26139	26140	1.4425
26140	26141	1.4687
26141	26142	1.4486
26142	26143	1.4416
26143	26144	1.4714
26144	26145	1.4876
26145	26146	1.4806
26146	26147	1.4996
26147	26148	1.5021
26148	26149	1.4745
26149	26150	1.4984
26150	26151	1.4629
26151	26152	1.4412
26152	26153	1.4123
26153	26154	1.3820
26154	26155	1.4430
26155	26156	1.4309
26156	26157	1.4361
26157	26158	1.4303
26158	26159	1.4208
26159	26160	1.4266
26160	26161	1.3917
26161	26162	1.3815
26162	26163	1.3504
26163	26164	1.4327
26164	26165	1.4020
26165	26166	1.3950
26166	26167	1.3672
26167	26168	1.3424
26168	26169	1.3188
26169	26170	1.3219
26170	26171	1.2540
26171	26172	1.2639
26172	26173	1.2652
26173	26174	1.2808
26174	26175	1.2794
26175	26176	1.2772
26176	26177	1.3054
26177	26178	1.2765
26178	26179	1.3043
26179	26180	1.3058
26180	26181	1.3015
26181	26182	1.2897
26182	26183	1.3113
26183	26184	1.3052
26184	26185	1.3114
26185	26186	1.2566
26186	26187	1.2563
26187	26188	1.2631
26188	26189	1.2353
26189	26190	1.2495
26190	26191	1.2493
26191	26192	1.2466
26192	26193	1.2797
26193	26194	1.2939
26194	26195	1.2780
26195	26196	1.2457
26196	26197	1.2877
26197	26198	1.2943
26198	26199	1.2824
26199	26200	1.2767
26200	26201	1.2765
26201	26202	1.3190
26202	26203	1.3306
26203	26204	1.3434
26204	26205	1.3738
26205	26206	1.3340
26206	26207	1.3107
26207	26208	1.3026
26208	26209	1.3703
26209	26210	1.3628
26210	26211	1.3826
26211	26212	1.4200
26212	26213	1.3815
26213	26214	1.3331
26214	26215	1.3174
26215	26216	1.3125
26216	26217	1.3059
26217	26218	1.3075
26218	26219	1.3134
26219	26220	1.3245
26220	26221	1.3365
26221	26222	1.2966
26222	26223	1.3147
26223	26224	1.3441
26224	26225	1.3555
26225	26226	1.3222
26226	26227	1.2969
26227	26228	1.2702
26228	26229	1.2674
26229	26230	1.2835
26230	26231	1.2725
26231	26232	1.2656
26232	26233	1.2636
26233	26234	1.3058
26234	26235	1.3469
26235	26236	1.3485
26236	26237	1.3706
26237	26238	1.3679
26238	26239	1.3476
26239	26240	1.3758
26240	26241	1.3230
26241	26242	1.3615
26242	26243	1.3359
26243	26244	1.3548
26244	26245	1.3543
26245	26246	1.3397
26246	26247	1.3205
26247	26248	1.3418
26248	26249	1.3283
26249	26250	1.3132
26250	26251	1.2826
26251	26252	1.3060
26252	26253	1.3011
26253	26254	1.2865
26254	26255	1.3354
26255	26256	1.3377
26256	26257	1.4046
26257	26258	1.3836
26258	26259	1.3806
26259	26260	1.3850
26260	26261	1.3324
26261	26262	1.3574
26262	26263	1.3230
26263	26264	1.3839
26264	26265	1.3790
26265	26266	1.4076
26266	26267	1.3968
26267	26268	1.3806
26268	26269	1.3874
26269	26270	1.3732
26270	26271	1.3741
26271	26272	1.3859
26272	26273	1.3439
26273	26274	1.3593
26274	26275	1.3818
26275	26276	1.3792
26276	26277	1.4208
26277	26278	1.3939
26278	26279	1.3894
26279	26280	1.3875
26280	26281	1.3948
26281	26282	1.3689
26282	26283	1.4030
26283	26284	1.3944
26284	26285	1.4447
26285	26286	1.4529
26286	26287	1.4518
26287	26288	1.4508
26288	26289	1.4928
26289	26290	1.4504
26290	26291	1.4318
26291	26292	1.4431
26292	26293	1.4588
26293	26294	1.4892
26294	26295	1.4702
26295	26296	1.4829
26296	26297	1.5230
26297	26298	1.5096
26298	26299	1.4894
26299	26300	1.4803
26300	26301	1.5079
26301	26302	1.4689
26302	26303	1.4325
26303	26304	1.4556
26304	26305	1.4271
26305	26306	1.4637
26306	26307	1.4468
26307	26308	1.4584
26308	26309	1.4539
26309	26310	1.4798
26310	26311	1.4382
26311	26312	1.5001
26312	26313	1.5022
26313	26314	1.5591
26314	26315	1.5755
26315	26316	1.6068
26316	26317	1.5893
26317	26318	1.5246
26318	26319	1.5643
26319	26320	1.5891
26320	26321	1.5835
26321	26322	1.5734
26322	26323	1.6120
26323	26324	1.6029
26324	26325	1.5845
26325	26326	1.5443
26326	26327	1.5198
26327	26328	1.5616
26328	26329	1.5483
26329	26330	1.5709
26330	26331	1.5947
26331	26332	1.6110
26332	26333	1.6235
26333	26334	1.5967
26334	26335	1.5894
26335	26336	1.5873
26336	26337	1.6040
26337	26338	1.5788
26338	26339	1.6021
26339	26340	1.6086
26340	26341	1.6104
26341	26342	1.6579
26342	26343	1.6354
26343	26344	1.6002
26344	26345	1.6051
26345	26346	1.5782
26346	26347	1.5730
26347	26348	1.5670
26348	26349	1.5759
26349	26350	1.5890
26350	26351	1.5942
26351	26352	1.6007
26352	26353	1.5847
26353	26354	1.5663
26354	26355	1.5566
26355	26356	1.5081
26356	26357	1.4771
26357	26358	1.4700
26358	26359	1.5078
26359	26360	1.5337
26360	26361	1.4969
26361	26362	1.4555
26362	26363	1.4972
26363	26364	1.4724
26364	26365	1.4879
26365	26366	1.4480
26366	26367	1.4216
26367	26368	1.4133
26368	26369	1.4182
26369	26370	1.4128
26370	26371	1.3682
26371	26372	1.4034
26372	26373	1.4363
26373	26374	1.3918
26374	26375	1.3750
26375	26376	1.4033
26376	26377	1.3870
26377	26378	1.3720
26378	26379	1.3487
26379	26380	1.3408
26380	26381	1.3263
26381	26382	1.2801
26382	26383	1.2737
26383	26384	1.3247
26384	26385	1.2643
26385	26386	1.3455
26386	26387	1.3794
26387	26388	1.3493
26388	26389	1.3708
26389	26390	1.3447
26390	26391	1.3044
26391	26392	1.3528
26392	26393	1.3302
26393	26394	1.3778
26394	26395	1.4114
26395	26396	1.3973
26396	26397	1.3769
26397	26398	1.4042
26398	26399	1.4103
26399	26400	1.3872
26400	26401	1.4229
26401	26402	1.3938
26402	26403	1.4013
26403	26404	1.3698
26404	26405	1.3414
26405	26406	1.2973
26406	26407	1.2857
26407	26408	1.3388
26408	26409	1.3076
26409	26410	1.3065
26410	26411	1.3384
26411	26412	1.3505
26412	26413	1.3085
26413	26414	1.2912
26414	26415	1.2795
26415	26416	1.2713
26416	26417	1.3133
26417	26418	1.3175
26418	26419	1.3292
26419	26420	1.2742
26420	26421	1.2033
26421	26422	1.2632
26422	26423	1.2511
26423	26424	1.2491
26424	26425	1.2172
26425	26426	1.2151
26426	26427	1.2524
26427	26428	1.2226
26428	26429	1.2547
26429	26430	1.2819
26430	26431	1.2612
26431	26432	1.3065
26432	26433	1.3127
26433	26434	1.2736
26434	26435	1.2773
26435	26436	1.2607
26436	26437	1.2893
26437	26438	1.3135
26438	26439	1.2689
26439	26440	1.2945
26440	26441	1.3366
26441	26442	1.3039
26442	26443	1.3451
26443	26444	1.3419
26444	26445	1.2758
26445	26446	1.2762
26446	26447	1.3097
26447	26448	1.3024
26448	26449	1.2879
26449	26450	1.2351
26450	26451	1.2535
26451	26452	1.2470
26452	26453	1.2675
26453	26454	1.2081
26454	26455	1.2333
26455	26456	1.1974
26456	26457	1.2163
26457	26458	1.2243
26458	26459	1.2342
26459	26460	1.2363
26460	26461	1.2622
26461	26462	1.2697
26462	26463	1.2421
26463	26464	1.2599
26464	26465	1.2358
26465	26466	1.3053
26466	26467	1.3173
26467	26468	1.2908
26468	26469	1.3200
26469	26470	1.3180
26470	26471	1.3114
26471	26472	1.2794
26472	26473	1.2758
26473	26474	1.2729
26474	26475	1.3023
26475	26476	1.2950
26476	26477	1.2893
26477	26478	1.2489
26478	26479	1.2726
26479	26480	1.3408
26480	26481	1.3134
26481	26482	1.3083
26482	26483	1.3358
26483	26484	1.3012
26484	26485	1.3470
26485	26486	1.2993
26486	26487	1.2914
26487	26488	1.2891
26488	26489	1.3113
26489	26490	1.3245
26490	26491	1.3340
26491	26492	1.3601
26492	26493	1.3675
26493	26494	1.3151
26494	26495	1.2895
26495	26496	1.2767
26496	26497	1.2372
26497	26498	1.2476
26498	26499	1.2468
26499	26500	1.2340
26500	26501	1.2153
26501	26502	1.2174
26502	26503	1.2633
26503	26504	1.2480
26504	26505	1.2649
26505	26506	1.2822
26506	26507	1.2793
26507	26508	1.2405
26508	26509	1.2814
26509	26510	1.2721
26510	26511	1.2461
26511	26512	1.2548
26512	26513	1.2448
26513	26514	1.2409
26514	26515	1.2938
26515	26516	1.2450
26516	26517	1.2593
26517	26518	1.2255
26518	26519	1.2614
26519	26520	1.2729
26520	26521	1.2584
26521	26522	1.2867
26522	26523	1.3015
26523	26524	1.3300
26524	26525	1.3081
26525	26526	1.3048
26526	26527	1.2883
26527	26528	1.3178
26528	26529	1.2898
26529	26530	1.2418
26530	26531	1.2979
26531	26532	1.2980
26532	26533	1.3143
26533	26534	1.3362
26534	26535	1.3399
26535	26536	1.3632
26536	26537	1.3453
26537	26538	1.3220
26538	26539	1.2821
26539	26540	1.3080
26540	26541	1.2695
26541	26542	1.2869
26542	26543	1.3238
26543	26544	1.3576
26544	26545	1.3417
26545	26546	1.3472
26546	26547	1.3721
26547	26548	1.3932
26548	26549	1.3367
26549	26550	1.3419
26550	26551	1.3690
26551	26552	1.4111
26552	26553	1.3766
26553	26554	1.4391
26554	26555	1.3962
26555	26556	1.4222
26556	26557	1.4336
26557	26558	1.4383
26558	26559	1.4209
26559	26560	1.4288
26560	26561	1.3801
26561	26562	1.3776
26562	26563	1.3903
26563	26564	1.4010
26564	26565	1.4102
26565	26566	1.4119
26566	26567	1.4100
26567	26568	1.4441
26568	26569	1.3947
26569	26570	1.4064
26570	26571	1.4090
26571	26572	1.4032
26572	26573	1.4341
26573	26574	1.4858
26574	26575	1.4820
26575	26576	1.5259
26576	26577	1.5207
26577	26578	1.4990
26578	26579	1.4807
26579	26580	1.5097
26580	26581	1.4711
26581	26582	1.4507
26582	26583	1.4771
26583	26584	1.4960
26584	26585	1.5067
26585	26586	1.4799
26586	26587	1.4684
26587	26588	1.4502
26588	26589	1.4408
26589	26590	1.4623
26590	26591	1.5152
26591	26592	1.5120
26592	26593	1.5226
26593	26594	1.5377
26594	26595	1.5468
26595	26596	1.5967
26596	26597	1.4959
26597	26598	1.4992
26598	26599	1.4761
26599	26600	1.4595
26600	26601	1.4302
26601	26602	1.4520
26602	26603	1.4301
26603	26604	1.4627
26604	26605	1.4480
26605	26606	1.4290
26606	26607	1.4112
26607	26608	1.4066
26608	26609	1.4067
26609	26610	1.4228
26610	26611	1.4350
26611	26612	1.4744
26612	26613	1.4390
26613	26614	1.4382
26614	26615	1.3868
26615	26616	1.3771
26616	26617	1.3729
26617	26618	1.3754
26618	26619	1.3616
26619	26620	1.3683
26620	26621	1.4292
26621	26622	1.4315
26622	26623	1.3849
26623	26624	1.3596
26624	26625	1.3750
26625	26626	1.3695
26626	26627	1.4149
26627	26628	1.4494
26628	26629	1.4533
26629	26630	1.5233
26630	26631	1.5166
26631	26632	1.5363
26632	26633	1.4839
26633	26634	1.5139
26634	26635	1.5373
26635	26636	1.5413
26636	26637	1.5690
26637	26638	1.5758
26638	26639	1.5756
26639	26640	1.5727
26640	26641	1.5837
26641	26642	1.5619
26642	26643	1.5286
26643	26644	1.5439
26644	26645	1.5252
26645	26646	1.5526
26646	26647	1.5550
26647	26648	1.5425
26648	26649	1.5383
26649	26650	1.5173
26650	26651	1.5528
26651	26652	1.4938
26652	26653	1.5300
26653	26654	1.5340
26654	26655	1.5755
26655	26656	1.5245
26656	26657	1.5516
26657	26658	1.5331
26658	26659	1.4977
26659	26660	1.5394
26660	26661	1.5361
26661	26662	1.5144
26662	26663	1.5146
26663	26664	1.5069
26664	26665	1.5514
26665	26666	1.4748
26666	26667	1.5120
26667	26668	1.4927
26668	26669	1.4991
26669	26670	1.4789
26670	26671	1.4546
26671	26672	1.4693
26672	26673	1.4937
26673	26674	1.4908
26674	26675	1.5414
26675	26676	1.6007
26676	26677	1.5746
26677	26678	1.5792
26678	26679	1.5973
26679	26680	1.5385
26680	26681	1.5435
26681	26682	1.5124
26682	26683	1.5107
26683	26684	1.5249
26684	26685	1.5301
26685	26686	1.5140
26686	26687	1.5347
26687	26688	1.5244
26688	26689	1.5259
26689	26690	1.5410
26690	26691	1.5936
26691	26692	1.5876
26692	26693	1.6079
26693	26694	1.6029
26694	26695	1.6097
26695	26696	1.6052
26696	26697	1.6135
26697	26698	1.6359
26698	26699	1.6307
26699	26700	1.6563
26700	26701	1.6256
26701	26702	1.6210
26702	26703	1.5967
26703	26704	1.6336
26704	26705	1.6092
26705	26706	1.6211
26706	26707	1.5958
26707	26708	1.5747
26708	26709	1.6061
26709	26710	1.5763
26710	26711	1.5779
26711	26712	1.5611
26712	26713	1.5641
26713	26714	1.5542
26714	26715	1.5735
26715	26716	1.6018
26716	26717	1.5898
26717	26718	1.5559
26718	26719	1.5692
26719	26720	1.6176
26720	26721	1.6134
26721	26722	1.5555
26722	26723	1.5776
26723	26724	1.6203
26724	26725	1.6819
26725	26726	1.7243
26726	26727	1.7246
26727	26728	1.7054
26728	26729	1.6981
26729	26730	1.6780
26730	26731	1.6560
26731	26732	1.6610
26732	26733	1.7037
26733	26734	1.7385
26734	26735	1.7653
26735	26736	1.7524
26736	26737	1.6934
26737	26738	1.6528
26738	26739	1.6500
26739	26740	1.7020
26740	26741	1.7017
26741	26742	1.7475
26742	26743	1.7156
26743	26744	1.6825
26744	26745	1.7140
26745	26746	1.7003
26746	26747	1.7288
26747	26748	1.7005
26748	26749	1.7161
26749	26750	1.7139
26750	26751	1.7246
26751	26752	1.7481
26752	26753	1.7880
26753	26754	1.7421
26754	26755	1.7500
26755	26756	1.7253
26756	26757	1.7274
26757	26758	1.7453
26758	26759	1.7832
26759	26760	1.7353
26760	26761	1.6704
26761	26762	1.7280
26762	26763	1.7606
26763	26764	1.7274
26764	26765	1.7340
26765	26766	1.7266
26766	26767	1.7399
26767	26768	1.8218
26768	26769	1.8090
26769	26770	1.7620
26770	26771	1.7848
26771	26772	1.8117
26772	26773	1.8266
26773	26774	1.8445
26774	26775	1.8607
26775	26776	1.8490
26776	26777	1.9044
26777	26778	1.8576
26778	26779	1.8710
26779	26780	1.8335
26780	26781	1.8355
26781	26782	1.8309
26782	26783	1.7542
26783	26784	1.7556
26784	26785	1.7623
26785	26786	1.7531
26786	26787	1.7298
26787	26788	1.7271
26788	26789	1.6909
26789	26790	1.7129
26790	26791	1.7028
26791	26792	1.6972
26792	26793	1.6334
26793	26794	1.6210
26794	26795	1.6509
26795	26796	1.6459
26796	26797	1.6164
26797	26798	1.6095
26798	26799	1.6395
26799	26800	1.6427
26800	26801	1.6571
26801	26802	1.6017
26802	26803	1.6081
26803	26804	1.5782
26804	26805	1.5843
26805	26806	1.5803
26806	26807	1.5398
26807	26808	1.5583
26808	26809	1.5758
26809	26810	1.5642
26810	26811	1.5846
26811	26812	1.6007
26812	26813	1.5805
26813	26814	1.5879
26814	26815	1.6440
26815	26816	1.6050
26816	26817	1.6072
26817	26818	1.6553
26818	26819	1.6356
26819	26820	1.6406
26820	26821	1.6555
26821	26822	1.6292
26822	26823	1.5985
26823	26824	1.5856
26824	26825	1.5946
26825	26826	1.5788
26826	26827	1.5793
26827	26828	1.6064
26828	26829	1.6325
26829	26830	1.6274
26830	26831	1.6661
26831	26832	1.6468
26832	26833	1.6775
26833	26834	1.6633
26834	26835	1.6599
26835	26836	1.6325
26836	26837	1.6561
26837	26838	1.6778
26838	26839	1.6470
26839	26840	1.6477
26840	26841	1.6637
26841	26842	1.7264
26842	26843	1.7417
26843	26844	1.7656
26844	26845	1.7433
26845	26846	1.7317
26846	26847	1.6805
26847	26848	1.7279
26848	26849	1.7156
26849	26850	1.7247
26850	26851	1.7115
26851	26852	1.6811
26852	26853	1.6987
26853	26854	1.6815
26854	26855	1.7190
26855	26856	1.6636
26856	26857	1.6363
26857	26858	1.6433
26858	26859	1.6155
26859	26860	1.6186
26860	26861	1.6134
26861	26862	1.5906
26862	26863	1.5848
26863	26864	1.6133
26864	26865	1.6373
26865	26866	1.6383
26866	26867	1.6045
26867	26868	1.6343
26868	26869	1.6308
26869	26870	1.5851
26870	26871	1.6093
26871	26872	1.5467
26872	26873	1.5970
26873	26874	1.6123
26874	26875	1.5737
26875	26876	1.5693
26876	26877	1.5701
26877	26878	1.5894
26878	26879	1.5924
26879	26880	1.5707
26880	26881	1.5789
26881	26882	1.6023
26882	26883	1.5988
26883	26884	1.6104
26884	26885	1.6179
26885	26886	1.6121
26886	26887	1.5952
26887	26888	1.6231
26888	26889	1.6571
26889	26890	1.6286
26890	26891	1.6275
26891	26892	1.6501
26892	26893	1.6239
26893	26894	1.6323
26894	26895	1.6442
26895	26896	1.6689
26896	26897	1.6576
26897	26898	1.6298
26898	26899	1.6295
26899	26900	1.6283
26900	26901	1.6156
26901	26902	1.6631
26902	26903	1.6618
26903	26904	1.6232
26904	26905	1.6474
26905	26906	1.5732
26906	26907	1.5358
26907	26908	1.5454
26908	26909	1.5584
26909	26910	1.5287
26910	26911	1.5630
26911	26912	1.5734
26912	26913	1.6000
26913	26914	1.5854
26914	26915	1.6431
26915	26916	1.5708
26916	26917	1.6060
26917	26918	1.5953
26918	26919	1.6589
26919	26920	1.6340
26920	26921	1.6294
26921	26922	1.6471
26922	26923	1.6474
26923	26924	1.6711
26924	26925	1.6631
26925	26926	1.7022
26926	26927	1.6783
26927	26928	1.7367
26928	26929	1.7527
26929	26930	1.7245
26930	26931	1.7424
26931	26932	1.7715
26932	26933	1.7274
26933	26934	1.6624
26934	26935	1.7000
26935	26936	1.6637
26936	26937	1.6864
26937	26938	1.6814
26938	26939	1.6914
26939	26940	1.6886
26940	26941	1.6948
26941	26942	1.6438
26942	26943	1.6783
26943	26944	1.6419
26944	26945	1.6587
26945	26946	1.6939
26946	26947	1.6977
26947	26948	1.6791
26948	26949	1.7184
26949	26950	1.7298
26950	26951	1.7464
26951	26952	1.6936
26952	26953	1.6804
26953	26954	1.7366
26954	26955	1.7289
26955	26956	1.6941
26956	26957	1.7390
26957	26958	1.7411
26958	26959	1.7301
26959	26960	1.7004
26960	26961	1.6948
26961	26962	1.7031
26962	26963	1.7162
26963	26964	1.6853
26964	26965	1.6646
26965	26966	1.6472
26966	26967	1.6479
26967	26968	1.6233
26968	26969	1.6041
26969	26970	1.6318
26970	26971	1.6232
26971	26972	1.6085
26972	26973	1.5830
26973	26974	1.5682
26974	26975	1.5760
26975	26976	1.6025
26976	26977	1.5782
26977	26978	1.6359
26978	26979	1.6312
26979	26980	1.6411
26980	26981	1.6574
26981	26982	1.6561
26982	26983	1.6794
26983	26984	1.6787
26984	26985	1.6953
26985	26986	1.6767
26986	26987	1.6983
26987	26988	1.6884
26988	26989	1.6994
26989	26990	1.7229
26990	26991	1.7569
26991	26992	1.7459
26992	26993	1.7676
26993	26994	1.7574
26994	26995	1.7273
26995	26996	1.7451
26996	26997	1.7052
26997	26998	1.6630
26998	26999	1.6741
26999	27000	1.6924
27000	27001	1.7172
27001	27002	1.7523
27002	27003	1.7285
27003	27004	1.6916
27004	27005	1.7297
27005	27006	1.7381
27006	27007	1.7546
27007	27008	1.7200
27008	27009	1.6974
27009	27010	1.7161
27010	27011	1.7324
27011	27012	1.7025
27012	27013	1.7019
27013	27014	1.7110
27014	27015	1.7104
27015	27016	1.7443
27016	27017	1.7859
27017	27018	1.7940
27018	27019	1.7827
27019	27020	1.7716
27020	27021	1.6943
27021	27022	1.6525
27022	27023	1.7547
27023	27024	1.7781
27024	27025	1.8063
27025	27026	1.8121
27026	27027	1.8076
27027	27028	1.7973
27028	27029	1.8081
27029	27030	1.8726
27030	27031	1.8668
27031	27032	1.9602
27032	27033	1.9101
27033	27034	1.8903
27034	27035	1.9051
27035	27036	1.9237
27036	27037	1.8887
27037	27038	1.8789
27038	27039	1.9152
27039	27040	1.9338
27040	27041	1.9405
27041	27042	1.9711
27042	27043	1.9528
27043	27044	1.9612
27044	27045	1.9286
27045	27046	1.9175
27046	27047	1.9215
27047	27048	1.9762
27048	27049	1.9591
27049	27050	2.0000
27050	27051	2.0209
27051	27052	2.0418
27052	27053	1.9728
27053	27054	2.0408
27054	27055	2.0271
27055	27056	1.9659
27056	27057	2.0269
27057	27058	2.0194
27058	27059	2.0142
27059	27060	2.0282
27060	27061	1.9583
27061	27062	1.9850
27062	27063	1.9570
27063	27064	1.9090
27064	27065	1.9063
27065	27066	1.9515
27066	27067	1.9107
27067	27068	1.8692
27068	27069	1.8507
27069	27070	1.8519
27070	27071	1.8643
27071	27072	1.8566
27072	27073	1.8679
27073	27074	1.9065
27074	27075	1.8607
27075	27076	1.8784
27076	27077	1.8358
27077	27078	1.8146
27078	27079	1.7470
27079	27080	1.7529
27080	27081	1.6916
27081	27082	1.6739
27082	27083	1.7018
27083	27084	1.7107
27084	27085	1.6959
27085	27086	1.7014
27086	27087	1.7308
27087	27088	1.7416
27088	27089	1.7624
27089	27090	1.7541
27090	27091	1.7166
27091	27092	1.7287
27092	27093	1.7362
27093	27094	1.7496
27094	27095	1.7782
27095	27096	1.8167
27096	27097	1.8302
27097	27098	1.7860
27098	27099	1.7683
27099	27100	1.7762
27100	27101	1.7669
27101	27102	1.7634
27102	27103	1.7437
27103	27104	1.7624
27104	27105	1.8021
27105	27106	1.8411
27106	27107	1.8382
27107	27108	1.8441
27108	27109	1.8222
27109	27110	1.8357
27110	27111	1.8418
27111	27112	1.8063
27112	27113	1.7860
27113	27114	1.7674
27114	27115	1.7848
27115	27116	1.8166
27116	27117	1.8648
27117	27118	1.8090
27118	27119	1.8271
27119	27120	1.7672
27120	27121	1.8114
27121	27122	1.7830
27122	27123	1.7490
27123	27124	1.7411
27124	27125	1.7840
27125	27126	1.7406
27126	27127	1.7270
27127	27128	1.7455
27128	27129	1.7802
27129	27130	1.7676
27130	27131	1.7248
27131	27132	1.6962
27132	27133	1.6959
27133	27134	1.6949
27134	27135	1.6714
27135	27136	1.6926
27136	27137	1.7050
27137	27138	1.6636
27138	27139	1.6837
27139	27140	1.6711
27140	27141	1.6603
27141	27142	1.6937
27142	27143	1.7200
27143	27144	1.6552
27144	27145	1.6333
27145	27146	1.6798
27146	27147	1.6687
27147	27148	1.6680
27148	27149	1.6695
27149	27150	1.6227
27150	27151	1.6178
27151	27152	1.6365
27152	27153	1.6251
27153	27154	1.6168
27154	27155	1.6371
27155	27156	1.6369
27156	27157	1.6186
27157	27158	1.6415
27158	27159	1.6259
27159	27160	1.6743
27160	27161	1.6802
27161	27162	1.6379
27162	27163	1.6226
27163	27164	1.6634
27164	27165	1.6623
27165	27166	1.6008
27166	27167	1.6058
27167	27168	1.6553
27168	27169	1.6758
27169	27170	1.6613
27170	27171	1.7015
27171	27172	1.6693
27172	27173	1.6750
27173	27174	1.6823
27174	27175	1.6547
27175	27176	1.6568
27176	27177	1.6598
27177	27178	1.6700
27178	27179	1.6736
27179	27180	1.6584
27180	27181	1.6384
27181	27182	1.6104
27182	27183	1.5968
27183	27184	1.5756
27184	27185	1.5625
27185	27186	1.6093
27186	27187	1.5784
27187	27188	1.5309
27188	27189	1.5652
27189	27190	1.6309
27190	27191	1.6738
27191	27192	1.6162
27192	27193	1.6553
27193	27194	1.6358
27194	27195	1.6214
27195	27196	1.6363
27196	27197	1.6182
27197	27198	1.6502
27198	27199	1.6555
27199	27200	1.6077
27200	27201	1.6382
27201	27202	1.6604
27202	27203	1.6582
27203	27204	1.6358
27204	27205	1.6694
27205	27206	1.6196
27206	27207	1.6653
27207	27208	1.6448
27208	27209	1.6714
27209	27210	1.6136
27210	27211	1.6161
27211	27212	1.6426
27212	27213	1.6813
27213	27214	1.6736
27214	27215	1.6698
27215	27216	1.6628
27216	27217	1.6266
27217	27218	1.6044
27218	27219	1.5990
27219	27220	1.5915
27220	27221	1.5784
27221	27222	1.6026
27222	27223	1.5746
27223	27224	1.6189
27224	27225	1.5954
27225	27226	1.5674
27226	27227	1.5836
27227	27228	1.5844
27228	27229	1.5410
27229	27230	1.5536
27230	27231	1.5482
27231	27232	1.5536
27232	27233	1.5434
27233	27234	1.5696
27234	27235	1.5611
27235	27236	1.5721
27236	27237	1.6056
27237	27238	1.6414
27238	27239	1.6287
27239	27240	1.5768
27240	27241	1.6124
27241	27242	1.5548
27242	27243	1.5700
27243	27244	1.5588
27244	27245	1.5347
27245	27246	1.5769
27246	27247	1.5689
27247	27248	1.5674
27248	27249	1.5824
27249	27250	1.5991
27250	27251	1.6079
27251	27252	1.5712
27252	27253	1.6488
27253	27254	1.5895
27254	27255	1.5842
27255	27256	1.6450
27256	27257	1.6336
27257	27258	1.5884
27258	27259	1.6299
27259	27260	1.6235
27260	27261	1.5832
27261	27262	1.6194
27262	27263	1.6192
27263	27264	1.5916
27264	27265	1.6470
27265	27266	1.5968
27266	27267	1.6106
27267	27268	1.6221
27268	27269	1.6424
27269	27270	1.6478
27270	27271	1.6560
27271	27272	1.5989
27272	27273	1.5854
27273	27274	1.5944
27274	27275	1.5802
27275	27276	1.5711
27276	27277	1.6261
27277	27278	1.5962
27278	27279	1.5821
27279	27280	1.6045
27280	27281	1.6044
27281	27282	1.6043
27282	27283	1.5912
27283	27284	1.5538
27284	27285	1.6215
27285	27286	1.5886
27286	27287	1.6099
27287	27288	1.6162
27288	27289	1.5820
27289	27290	1.6122
27290	27291	1.6184
27291	27292	1.6086
27292	27293	1.5711
27293	27294	1.6043
27294	27295	1.6033
27295	27296	1.5533
27296	27297	1.5728
27297	27298	1.5751
27298	27299	1.5948
27299	27300	1.5668
27300	27301	1.5054
27301	27302	1.4647
27302	27303	1.4790
27303	27304	1.5137
27304	27305	1.5164
27305	27306	1.4970
27306	27307	1.4977
27307	27308	1.4749
27308	27309	1.4586
27309	27310	1.4482
27310	27311	1.4471
27311	27312	1.4345
27312	27313	1.4435
27313	27314	1.4568
27314	27315	1.4802
27315	27316	1.4654
27316	27317	1.5076
27317	27318	1.4773
27318	27319	1.5022
27319	27320	1.5153
27320	27321	1.4928
27321	27322	1.4737
27322	27323	1.4607
27323	27324	1.4694
27324	27325	1.4556
27325	27326	1.5162
27326	27327	1.4805
27327	27328	1.4450
27328	27329	1.4360
27329	27330	1.4172
27330	27331	1.4071
27331	27332	1.4319
27332	27333	1.4378
27333	27334	1.4572
27334	27335	1.4395
27335	27336	1.4873
27336	27337	1.4802
27337	27338	1.4785
27338	27339	1.4591
27339	27340	1.4835
27340	27341	1.5182
27341	27342	1.5347
27342	27343	1.5757
27343	27344	1.5398
27344	27345	1.5325
27345	27346	1.5060
27346	27347	1.4871
27347	27348	1.5096
27348	27349	1.4915
27349	27350	1.4979
27350	27351	1.5045
27351	27352	1.4580
27352	27353	1.4468
27353	27354	1.4262
27354	27355	1.4578
27355	27356	1.4703
27356	27357	1.4671
27357	27358	1.4830
27358	27359	1.4472
27359	27360	1.4620
27360	27361	1.4705
27361	27362	1.4890
27362	27363	1.4515
27363	27364	1.4980
27364	27365	1.4851
27365	27366	1.4800
27366	27367	1.4858
27367	27368	1.4705
27368	27369	1.4952
27369	27370	1.4977
27370	27371	1.5009
27371	27372	1.4521
27372	27373	1.4757
27373	27374	1.4630
27374	27375	1.4524
27375	27376	1.4510
27376	27377	1.4827
27377	27378	1.4907
27378	27379	1.4891
27379	27380	1.4622
27380	27381	1.5150
27381	27382	1.5206
27382	27383	1.5089
27383	27384	1.5335
27384	27385	1.5185
27385	27386	1.5286
27386	27387	1.5124
27387	27388	1.5249
27388	27389	1.5294
27389	27390	1.4924
27390	27391	1.4781
27391	27392	1.4716
27392	27393	1.5230
27393	27394	1.5169
27394	27395	1.4943
27395	27396	1.4935
27396	27397	1.4735
27397	27398	1.4869
27398	27399	1.4925
27399	27400	1.4846
27400	27401	1.5232
27401	27402	1.5320
27402	27403	1.4726
27403	27404	1.4461
27404	27405	1.4851
27405	27406	1.4433
27406	27407	1.4861
27407	27408	1.4903
27408	27409	1.4560
27409	27410	1.4669
27410	27411	1.4983
27411	27412	1.4619
27412	27413	1.4814
27413	27414	1.4555
27414	27415	1.4707
27415	27416	1.4339
27416	27417	1.4637
27417	27418	1.4869
27418	27419	1.4564
27419	27420	1.3865
27420	27421	1.4364
27421	27422	1.4389
27422	27423	1.4437
27423	27424	1.4713
27424	27425	1.5027
27425	27426	1.5148
27426	27427	1.5152
27427	27428	1.5600
27428	27429	1.5965
27429	27430	1.5687
27430	27431	1.5650
27431	27432	1.5402
27432	27433	1.5081
27433	27434	1.5116
27434	27435	1.5131
27435	27436	1.5394
27436	27437	1.5182
27437	27438	1.5393
27438	27439	1.5365
27439	27440	1.5342
27440	27441	1.5224
27441	27442	1.5462
27442	27443	1.5356
27443	27444	1.5332
27444	27445	1.5357
27445	27446	1.5234
27446	27447	1.4568
27447	27448	1.4739
27448	27449	1.4947
27449	27450	1.4724
27450	27451	1.4243
27451	27452	1.4309
27452	27453	1.4001
27453	27454	1.4250
27454	27455	1.4492
27455	27456	1.4901
27456	27457	1.4924
27457	27458	1.4613
27458	27459	1.4725
27459	27460	1.4589
27460	27461	1.4803
27461	27462	1.4636
27462	27463	1.4533
27463	27464	1.4768
27464	27465	1.4598
27465	27466	1.4567
27466	27467	1.4436
27467	27468	1.3863
27468	27469	1.3944
27469	27470	1.4093
27470	27471	1.3769
27471	27472	1.3940
27472	27473	1.4117
27473	27474	1.4182
27474	27475	1.3997
27475	27476	1.4299
27476	27477	1.4667
27477	27478	1.5058
27478	27479	1.4578
27479	27480	1.4625
27480	27481	1.4717
27481	27482	1.4589
27482	27483	1.4491
27483	27484	1.4893
27484	27485	1.4716
27485	27486	1.4640
27486	27487	1.4895
27487	27488	1.4818
27488	27489	1.4795
27489	27490	1.4909
27490	27491	1.5077
27491	27492	1.5001
27492	27493	1.4815
27493	27494	1.4526
27494	27495	1.4823
27495	27496	1.4725
27496	27497	1.4708
27497	27498	1.5034
27498	27499	1.5016
27499	27500	1.4759
27500	27501	1.4527
27501	27502	1.4562
27502	27503	1.4855
27503	27504	1.4656
27504	27505	1.5000
27505	27506	1.4490
27506	27507	1.4576
27507	27508	1.4178
27508	27509	1.4483
27509	27510	1.4271
27510	27511	1.4159
27511	27512	1.4209
27512	27513	1.3927
27513	27514	1.4162
27514	27515	1.4432
27515	27516	1.4576
27516	27517	1.4689
27517	27518	1.4261
27518	27519	1.4332
27519	27520	1.3797
27520	27521	1.4247
27521	27522	1.3934
27522	27523	1.4299
27523	27524	1.4443
27524	27525	1.4282
27525	27526	1.4276
27526	27527	1.4385
27527	27528	1.4195
27528	27529	1.4177
27529	27530	1.4351
27530	27531	1.4432
27531	27532	1.4682
27532	27533	1.4574
27533	27534	1.4461
27534	27535	1.3895
27535	27536	1.3713
27536	27537	1.3699
27537	27538	1.3427
27538	27539	1.3519
27539	27540	1.4031
27540	27541	1.4169
27541	27542	1.4262
27542	27543	1.4144
27543	27544	1.4093
27544	27545	1.3540
27545	27546	1.3659
27546	27547	1.3969
27547	27548	1.3767
27548	27549	1.3520
27549	27550	1.3798
27550	27551	1.3635
27551	27552	1.4043
27552	27553	1.3970
27553	27554	1.3588
27554	27555	1.3169
27555	27556	1.3515
27556	27557	1.3506
27557	27558	1.3629
27558	27559	1.3564
27559	27560	1.3220
27560	27561	1.3384
27561	27562	1.3164
27562	27563	1.3216
27563	27564	1.3652
27564	27565	1.3545
27565	27566	1.3726
27566	27567	1.3463
27567	27568	1.3747
27568	27569	1.3615
27569	27570	1.3404
27570	27571	1.3576
27571	27572	1.3420
27572	27573	1.3834
27573	27574	1.3685
27574	27575	1.3601
27575	27576	1.3397
27576	27577	1.3253
27577	27578	1.3417
27578	27579	1.3234
27579	27580	1.3201
27580	27581	1.3275
27581	27582	1.2845
27582	27583	1.3400
27583	27584	1.3187
27584	27585	1.3253
27585	27586	1.3017
27586	27587	1.3037
27587	27588	1.3132
27588	27589	1.3206
27589	27590	1.3071
27590	27591	1.3026
27591	27592	1.3211
27592	27593	1.3359
27593	27594	1.3576
27594	27595	1.3383
27595	27596	1.2950
27596	27597	1.3208
27597	27598	1.3370
27598	27599	1.3137
27599	27600	1.3393
27600	27601	1.3161
27601	27602	1.3346
27602	27603	1.3659
27603	27604	1.3512
27604	27605	1.3694
27605	27606	1.3822
27606	27607	1.4010
27607	27608	1.3531
27608	27609	1.3782
27609	27610	1.3588
27610	27611	1.4187
27611	27612	1.4313
27612	27613	1.4684
27613	27614	1.3983
27614	27615	1.3801
27615	27616	1.3970
27616	27617	1.3699
27617	27618	1.3847
27618	27619	1.4360
27619	27620	1.4410
27620	27621	1.3890
27621	27622	1.4161
27622	27623	1.4009
27623	27624	1.3760
27624	27625	1.3997
27625	27626	1.3882
27626	27627	1.4267
27627	27628	1.3692
27628	27629	1.4115
27629	27630	1.4161
27630	27631	1.3781
27631	27632	1.3863
27632	27633	1.3949
27633	27634	1.3511
27634	27635	1.3390
27635	27636	1.3636
27636	27637	1.3806
27637	27638	1.4086
27638	27639	1.3796
27639	27640	1.4181
27640	27641	1.3352
27641	27642	1.4091
27642	27643	1.3981
27643	27644	1.4368
27644	27645	1.4219
27645	27646	1.4531
27646	27647	1.4499
27647	27648	1.4071
27648	27649	1.4069
27649	27650	1.3900
27650	27651	1.4042
27651	27652	1.3977
27652	27653	1.4637
27653	27654	1.3789
27654	27655	1.4566
27655	27656	1.4028
27656	27657	1.3857
27657	27658	1.4209
27658	27659	1.4125
27659	27660	1.4134
27660	27661	1.3714
27661	27662	1.3947
27662	27663	1.3922
27663	27664	1.3866
27664	27665	1.3685
27665	27666	1.3843
27666	27667	1.3644
27667	27668	1.3998
27668	27669	1.3252
27669	27670	1.3474
27670	27671	1.3335
27671	27672	1.3356
27672	27673	1.3282
27673	27674	1.3673
27674	27675	1.3962
27675	27676	1.3845
27676	27677	1.3724
27677	27678	1.3221
27678	27679	1.3882
27679	27680	1.3413
27680	27681	1.3386
27681	27682	1.4022
27682	27683	1.4241
27683	27684	1.4306
27684	27685	1.4125
27685	27686	1.4175
27686	27687	1.3750
27687	27688	1.4188
27688	27689	1.4004
27689	27690	1.4423
27690	27691	1.4537
27691	27692	1.4430
27692	27693	1.4070
27693	27694	1.3438
27694	27695	1.3680
27695	27696	1.3878
27696	27697	1.3575
27697	27698	1.3856
27698	27699	1.3655
27699	27700	1.3679
27700	27701	1.3703
27701	27702	1.3563
27702	27703	1.3332
27703	27704	1.3535
27704	27705	1.3481
27705	27706	1.3251
27706	27707	1.3235
27707	27708	1.2821
27708	27709	1.2697
27709	27710	1.2929
27710	27711	1.2393
27711	27712	1.2595
27712	27713	1.2516
27713	27714	1.2418
27714	27715	1.2824
27715	27716	1.2891
27716	27717	1.2710
27717	27718	1.2840
27718	27719	1.3106
27719	27720	1.3086
27720	27721	1.3153
27721	27722	1.3463
27722	27723	1.3247
27723	27724	1.3227
27724	27725	1.3331
27725	27726	1.3267
27726	27727	1.3504
27727	27728	1.3683
27728	27729	1.3073
27729	27730	1.3010
27730	27731	1.3313
27731	27732	1.3260
27732	27733	1.3281
27733	27734	1.3293
27734	27735	1.3521
27735	27736	1.3426
27736	27737	1.3661
27737	27738	1.3697
27738	27739	1.3376
27739	27740	1.2952
27740	27741	1.3055
27741	27742	1.3097
27742	27743	1.3156
27743	27744	1.3385
27744	27745	1.3724
27745	27746	1.3778
27746	27747	1.3856
27747	27748	1.3975
27748	27749	1.3777
27749	27750	1.3930
27750	27751	1.3838
27751	27752	1.3656
27752	27753	1.3753
27753	27754	1.4061
27754	27755	1.3647
27755	27756	1.3943
27756	27757	1.3656
27757	27758	1.3373
27758	27759	1.3609
27759	27760	1.3537
27760	27761	1.3493
27761	27762	1.3561
27762	27763	1.3461
27763	27764	1.3498
27764	27765	1.3104
27765	27766	1.4065
27766	27767	1.3615
27767	27768	1.3811
27768	27769	1.3280
27769	27770	1.3405
27770	27771	1.3149
27771	27772	1.3120
27772	27773	1.3262
27773	27774	1.3494
27774	27775	1.2944
27775	27776	1.2857
27776	27777	1.3092
27777	27778	1.3074
27778	27779	1.3201
27779	27780	1.2984
27780	27781	1.2883
27781	27782	1.3128
27782	27783	1.3227
27783	27784	1.3542
27784	27785	1.2921
27785	27786	1.3090
27786	27787	1.3237
27787	27788	1.3149
27788	27789	1.3853
27789	27790	1.3648
27790	27791	1.3597
27791	27792	1.3732
27792	27793	1.3455
27793	27794	1.3364
27794	27795	1.3329
27795	27796	1.3390
27796	27797	1.3290
27797	27798	1.3253
27798	27799	1.3257
27799	27800	1.3079
27800	27801	1.3188
27801	27802	1.3359
27802	27803	1.3299
27803	27804	1.4019
27804	27805	1.3805
27805	27806	1.3006
27806	27807	1.3340
27807	27808	1.3570
27808	27809	1.3006
27809	27810	1.3367
27810	27811	1.3714
27811	27812	1.3844
27812	27813	1.3286
27813	27814	1.3174
27814	27815	1.3038
27815	27816	1.3244
27816	27817	1.3178
27817	27818	1.3170
27818	27819	1.3500
27819	27820	1.3068
27820	27821	1.2936
27821	27822	1.3151
27822	27823	1.3203
27823	27824	1.3073
27824	27825	1.3378
27825	27826	1.3325
27826	27827	1.3231
27827	27828	1.2820
27828	27829	1.3300
27829	27830	1.2969
27830	27831	1.2673
27831	27832	1.2792
27832	27833	1.3086
27833	27834	1.2941
27834	27835	1.2740
27835	27836	1.2957
27836	27837	1.2746
27837	27838	1.2681
27838	27839	1.2524
27839	27840	1.2790
27840	27841	1.3030
27841	27842	1.2497
27842	27843	1.2675
27843	27844	1.2540
27844	27845	1.2424
27845	27846	1.2411
27846	27847	1.3200
27847	27848	1.2939
27848	27849	1.3252
27849	27850	1.3219
27850	27851	1.2970
27851	27852	1.3069
27852	27853	1.2893
27853	27854	1.3369
27854	27855	1.2911
27855	27856	1.2909
27856	27857	1.2702
27857	27858	1.2765
27858	27859	1.2952
27859	27860	1.2581
27860	27861	1.2830
27861	27862	1.3062
27862	27863	1.3303
27863	27864	1.3505
27864	27865	1.2964
27865	27866	1.3177
27866	27867	1.3101
27867	27868	1.3094
27868	27869	1.2822
27869	27870	1.3044
27870	27871	1.2864
27871	27872	1.3190
27872	27873	1.2888
27873	27874	1.2940
27874	27875	1.3092
27875	27876	1.3545
27876	27877	1.3713
27877	27878	1.3591
27878	27879	1.3815
27879	27880	1.3582
27880	27881	1.3675
27881	27882	1.3492
27882	27883	1.3049
27883	27884	1.3066
27884	27885	1.3028
27885	27886	1.3679
27886	27887	1.3480
27887	27888	1.3910
27888	27889	1.3961
27889	27890	1.4020
27890	27891	1.3596
27891	27892	1.3363
27892	27893	1.3423
27893	27894	1.3427
27894	27895	1.3444
27895	27896	1.3191
27896	27897	1.3058
27897	27898	1.2981
27898	27899	1.2834
27899	27900	1.3110
27900	27901	1.3086
27901	27902	1.2969
27902	27903	1.3128
27903	27904	1.3498
27904	27905	1.3498
27905	27906	1.3205
27906	27907	1.3065
27907	27908	1.3174
27908	27909	1.3177
27909	27910	1.3021
27910	27911	1.3055
27911	27912	1.3202
27912	27913	1.2879
27913	27914	1.3104
27914	27915	1.3114
27915	27916	1.2965
27916	27917	1.3134
27917	27918	1.3077
27918	27919	1.3239
27919	27920	1.2915
27920	27921	1.2986
27921	27922	1.3029
27922	27923	1.3083
27923	27924	1.3312
27924	27925	1.3438
27925	27926	1.3029
27926	27927	1.2774
27927	27928	1.2961
27928	27929	1.3116
27929	27930	1.3233
27930	27931	1.3530
27931	27932	1.3363
27932	27933	1.3315
27933	27934	1.3268
27934	27935	1.3303
27935	27936	1.2825
27936	27937	1.3151
27937	27938	1.2910
27938	27939	1.3007
27939	27940	1.2636
27940	27941	1.2507
27941	27942	1.2841
27942	27943	1.3107
27943	27944	1.2843
27944	27945	1.2778
27945	27946	1.3330
27946	27947	1.3150
27947	27948	1.3367
27948	27949	1.3671
27949	27950	1.3789
27950	27951	1.3854
27951	27952	1.3705
27952	27953	1.3756
27953	27954	1.3493
27954	27955	1.3482
27955	27956	1.3057
27956	27957	1.3174
27957	27958	1.3249
27958	27959	1.3250
27959	27960	1.3227
27960	27961	1.3573
27961	27962	1.3427
27962	27963	1.3530
27963	27964	1.3738
27964	27965	1.3846
27965	27966	1.3858
27966	27967	1.3828
27967	27968	1.3715
27968	27969	1.3918
27969	27970	1.4079
27970	27971	1.3980
27971	27972	1.3888
27972	27973	1.3883
27973	27974	1.3835
27974	27975	1.3468
27975	27976	1.3591
27976	27977	1.3573
27977	27978	1.3791
27978	27979	1.3668
27979	27980	1.3934
27980	27981	1.3897
27981	27982	1.3821
27982	27983	1.3719
27983	27984	1.3517
27984	27985	1.3650
27985	27986	1.3620
27986	27987	1.3654
27987	27988	1.4178
27988	27989	1.4174
27989	27990	1.3664
27990	27991	1.4067
27991	27992	1.3457
27992	27993	1.3774
27993	27994	1.4111
27994	27995	1.3943
27995	27996	1.3834
27996	27997	1.3893
27997	27998	1.4038
27998	27999	1.4133
27999	28000	1.4249
28000	28001	1.4479
28001	28002	1.4487
28002	28003	1.4497
28003	28004	1.4761
28004	28005	1.4572
28005	28006	1.4969
28006	28007	1.5246
28007	28008	1.5043
28008	28009	1.4867
28009	28010	1.5071
28010	28011	1.5037
28011	28012	1.5070
28012	28013	1.4774
28013	28014	1.5124
28014	28015	1.4919
28015	28016	1.5002
28016	28017	1.4969
28017	28018	1.4875
28018	28019	1.5193
28019	28020	1.4991
28020	28021	1.4900
28021	28022	1.4988
28022	28023	1.4956
28023	28024	1.5161
28024	28025	1.5204
28025	28026	1.5102
28026	28027	1.5185
28027	28028	1.5411
28028	28029	1.5700
28029	28030	1.5253
28030	28031	1.5508
28031	28032	1.4960
28032	28033	1.5141
28033	28034	1.4912
28034	28035	1.5053
28035	28036	1.4843
28036	28037	1.4795
28037	28038	1.4999
28038	28039	1.5270
28039	28040	1.5513
28040	28041	1.5129
28041	28042	1.5498
28042	28043	1.4919
28043	28044	1.5203
28044	28045	1.4923
28045	28046	1.4659
28046	28047	1.5292
28047	28048	1.5020
28048	28049	1.5120
28049	28050	1.4582
28050	28051	1.5001
28051	28052	1.5230
28052	28053	1.5071
28053	28054	1.4960
28054	28055	1.4880
28055	28056	1.5222
28056	28057	1.5638
28057	28058	1.5506
28058	28059	1.5569
28059	28060	1.5329
28060	28061	1.5555
28061	28062	1.5074
28062	28063	1.4729
28063	28064	1.4716
28064	28065	1.5031
28065	28066	1.5452
28066	28067	1.4896
28067	28068	1.4645
28068	28069	1.4209
28069	28070	1.4512
28070	28071	1.4337
28071	28072	1.4585
28072	28073	1.4247
28073	28074	1.4861
28074	28075	1.4756
28075	28076	1.4352
28076	28077	1.4692
28077	28078	1.5456
28078	28079	1.5335
28079	28080	1.4514
28080	28081	1.4623
28081	28082	1.4535
28082	28083	1.4767
28083	28084	1.4584
28084	28085	1.4476
28085	28086	1.4187
28086	28087	1.4393
28087	28088	1.4648
28088	28089	1.4560
28089	28090	1.4593
28090	28091	1.4363
28091	28092	1.4791
28092	28093	1.4522
28093	28094	1.4381
28094	28095	1.4602
28095	28096	1.4328
28096	28097	1.3860
28097	28098	1.4342
28098	28099	1.4267
28099	28100	1.4507
28100	28101	1.4504
28101	28102	1.4889
28102	28103	1.4675
28103	28104	1.4721
28104	28105	1.4211
28105	28106	1.4331
28106	28107	1.4351
28107	28108	1.4195
28108	28109	1.4089
28109	28110	1.3852
28110	28111	1.4022
28111	28112	1.4242
28112	28113	1.3610
28113	28114	1.3981
28114	28115	1.3927
28115	28116	1.4465
28116	28117	1.4368
28117	28118	1.4136
28118	28119	1.3325
28119	28120	1.3937
28120	28121	1.3885
28121	28122	1.3976
28122	28123	1.4417
28123	28124	1.4722
28124	28125	1.4262
28125	28126	1.5134
28126	28127	1.4833
28127	28128	1.4491
28128	28129	1.4940
28129	28130	1.4625
28130	28131	1.4654
28131	28132	1.4746
28132	28133	1.4154
28133	28134	1.4466
28134	28135	1.4304
28135	28136	1.4614
28136	28137	1.4230
28137	28138	1.4249
28138	28139	1.3934
28139	28140	1.4482
28140	28141	1.4206
28141	28142	1.4362
28142	28143	1.4592
28143	28144	1.4734
28144	28145	1.4234
28145	28146	1.4082
28146	28147	1.4241
28147	28148	1.4074
28148	28149	1.3862
28149	28150	1.3924
28150	28151	1.3925
28151	28152	1.4184
28152	28153	1.4571
28153	28154	1.4317
28154	28155	1.4514
28155	28156	1.3956
28156	28157	1.3877
28157	28158	1.4085
28158	28159	1.3918
28159	28160	1.3807
28160	28161	1.3913
28161	28162	1.4591
28162	28163	1.4878
28163	28164	1.4611
28164	28165	1.4856
28165	28166	1.4526
28166	28167	1.4484
28167	28168	1.4422
28168	28169	1.4446
28169	28170	1.4366
28170	28171	1.3624
28171	28172	1.3792
28172	28173	1.4025
28173	28174	1.4067
28174	28175	1.3996
28175	28176	1.4027
28176	28177	1.4055
28177	28178	1.4396
28178	28179	1.4283
28179	28180	1.4337
28180	28181	1.4251
28181	28182	1.3729
28182	28183	1.3743
28183	28184	1.3660
28184	28185	1.3782
28185	28186	1.4003
28186	28187	1.3852
28187	28188	1.3975
28188	28189	1.4069
28189	28190	1.3887
28190	28191	1.4083
28191	28192	1.4303
28192	28193	1.4347
28193	28194	1.4041
28194	28195	1.4366
28195	28196	1.4633
28196	28197	1.4328
28197	28198	1.4096
28198	28199	1.4223
28199	28200	1.4487
28200	28201	1.4372
28201	28202	1.4789
28202	28203	1.4674
28203	28204	1.5039
28204	28205	1.5328
28205	28206	1.4999
28206	28207	1.5457
28207	28208	1.5243
28208	28209	1.5561
28209	28210	1.5048
28210	28211	1.4933
28211	28212	1.5311
28212	28213	1.5244
28213	28214	1.4991
28214	28215	1.5115
28215	28216	1.5402
28216	28217	1.5545
28217	28218	1.5714
28218	28219	1.5694
28219	28220	1.5040
28220	28221	1.5186
28221	28222	1.5463
28222	28223	1.5354
28223	28224	1.5232
28224	28225	1.5772
28225	28226	1.5634
28226	28227	1.5256
28227	28228	1.5225
28228	28229	1.5042
28229	28230	1.5022
28230	28231	1.5526
28231	28232	1.5534
28232	28233	1.5060
28233	28234	1.5169
28234	28235	1.5446
28235	28236	1.5831
28236	28237	1.5520
28237	28238	1.5710
28238	28239	1.5094
28239	28240	1.5097
28240	28241	1.5230
28241	28242	1.5561
28242	28243	1.5806
28243	28244	1.5259
28244	28245	1.5024
28245	28246	1.5206
28246	28247	1.4685
28247	28248	1.5109
28248	28249	1.4666
28249	28250	1.4847
28250	28251	1.4837
28251	28252	1.4538
28252	28253	1.5314
28253	28254	1.5242
28254	28255	1.5321
28255	28256	1.5665
28256	28257	1.5669
28257	28258	1.5674
28258	28259	1.5419
28259	28260	1.4790
28260	28261	1.4793
28261	28262	1.4704
28262	28263	1.4940
28263	28264	1.4540
28264	28265	1.4649
28265	28266	1.4801
28266	28267	1.5162
28267	28268	1.4821
28268	28269	1.4725
28269	28270	1.5114
28270	28271	1.4619
28271	28272	1.4889
28272	28273	1.4910
28273	28274	1.4961
28274	28275	1.4563
28275	28276	1.4945
28276	28277	1.5211
28277	28278	1.5300
28278	28279	1.5496
28279	28280	1.5435
28280	28281	1.5449
28281	28282	1.5264
28282	28283	1.5009
28283	28284	1.5263
28284	28285	1.5346
28285	28286	1.5455
28286	28287	1.5549
28287	28288	1.5919
28288	28289	1.6155
28289	28290	1.5981
28290	28291	1.5424
28291	28292	1.5378
28292	28293	1.5590
28293	28294	1.5035
28294	28295	1.5272
28295	28296	1.5347
28296	28297	1.5308
28297	28298	1.4857
28298	28299	1.4835
28299	28300	1.4926
28300	28301	1.4526
28301	28302	1.4588
28302	28303	1.4770
28303	28304	1.4912
28304	28305	1.4204
28305	28306	1.4612
28306	28307	1.4716
28307	28308	1.4842
28308	28309	1.5030
28309	28310	1.5220
28310	28311	1.4492
28311	28312	1.5006
28312	28313	1.5050
28313	28314	1.5131
28314	28315	1.5243
28315	28316	1.5530
28316	28317	1.5531
28317	28318	1.5370
28318	28319	1.5599
28319	28320	1.5966
28320	28321	1.5673
28321	28322	1.6042
28322	28323	1.5987
28323	28324	1.5962
28324	28325	1.6151
28325	28326	1.5606
28326	28327	1.5816
28327	28328	1.5493
28328	28329	1.6236
28329	28330	1.6273
28330	28331	1.6572
28331	28332	1.5879
28332	28333	1.6255
28333	28334	1.5751
28334	28335	1.6014
28335	28336	1.6177
28336	28337	1.6177
28337	28338	1.5583
28338	28339	1.5448
28339	28340	1.5408
28340	28341	1.5694
28341	28342	1.5709
28342	28343	1.6283
28343	28344	1.5797
28344	28345	1.5766
28345	28346	1.5341
28346	28347	1.5380
28347	28348	1.6116
28348	28349	1.5651
28349	28350	1.5380
28350	28351	1.5527
28351	28352	1.5954
28352	28353	1.5680
28353	28354	1.5339
28354	28355	1.5376
28355	28356	1.5583
28356	28357	1.5259
28357	28358	1.4871
28358	28359	1.4945
28359	28360	1.5057
28360	28361	1.4530
28361	28362	1.4599
28362	28363	1.4303
28363	28364	1.4254
28364	28365	1.4437
28365	28366	1.4538
28366	28367	1.4672
28367	28368	1.4570
28368	28369	1.4594
28369	28370	1.4673
28370	28371	1.4518
28371	28372	1.4346
28372	28373	1.4640
28373	28374	1.4725
28374	28375	1.4694
28375	28376	1.4629
28376	28377	1.4277
28377	28378	1.4917
28378	28379	1.4538
28379	28380	1.4891
28380	28381	1.4772
28381	28382	1.5218
28382	28383	1.4703
28383	28384	1.4912
28384	28385	1.5060
28385	28386	1.5179
28386	28387	1.4753
28387	28388	1.4948
28388	28389	1.4808
28389	28390	1.4954
28390	28391	1.4901
28391	28392	1.4499
28392	28393	1.4360
28393	28394	1.4464
28394	28395	1.4113
28395	28396	1.4389
28396	28397	1.4267
28397	28398	1.3980
28398	28399	1.3950
28399	28400	1.3712
28400	28401	1.3367
28401	28402	1.3264
28402	28403	1.3245
28403	28404	1.3198
28404	28405	1.3172
28405	28406	1.3236
28406	28407	1.3289
28407	28408	1.3163
28408	28409	1.3328
28409	28410	1.3358
28410	28411	1.3481
28411	28412	1.3501
28412	28413	1.3605
28413	28414	1.3852
28414	28415	1.4007
28415	28416	1.3886
28416	28417	1.3826
28417	28418	1.3195
28418	28419	1.3273
28419	28420	1.3369
28420	28421	1.3656
28421	28422	1.4192
28422	28423	1.3740
28423	28424	1.3737
28424	28425	1.3551
28425	28426	1.3569
28426	28427	1.3860
28427	28428	1.3655
28428	28429	1.3391
28429	28430	1.3712
28430	28431	1.2944
28431	28432	1.3264
28432	28433	1.2566
28433	28434	1.2172
28434	28435	1.2591
28435	28436	1.2945
28436	28437	1.2967
28437	28438	1.2948
28438	28439	1.3387
28439	28440	1.3330
28440	28441	1.3233
28441	28442	1.3383
28442	28443	1.3496
28443	28444	1.3774
28444	28445	1.3857
28445	28446	1.3883
28446	28447	1.3726
28447	28448	1.4136
28448	28449	1.3913
28449	28450	1.4243
28450	28451	1.4263
28451	28452	1.4441
28452	28453	1.4331
28453	28454	1.4474
28454	28455	1.4722
28455	28456	1.4673
28456	28457	1.4589
28457	28458	1.4666
28458	28459	1.4732
28459	28460	1.4343
28460	28461	1.4486
28461	28462	1.4800
28462	28463	1.4721
28463	28464	1.4594
28464	28465	1.4398
28465	28466	1.4878
28466	28467	1.4778
28467	28468	1.4698
28468	28469	1.4788
28469	28470	1.4620
28470	28471	1.4347
28471	28472	1.4416
28472	28473	1.4474
28473	28474	1.4404
28474	28475	1.3864
28475	28476	1.4267
28476	28477	1.4037
28477	28478	1.4084
28478	28479	1.4253
28479	28480	1.4532
28480	28481	1.4251
28481	28482	1.4440
28482	28483	1.4346
28483	28484	1.4230
28484	28485	1.3921
28485	28486	1.4211
28486	28487	1.4095
28487	28488	1.4437
28488	28489	1.4856
28489	28490	1.5145
28490	28491	1.5022
28491	28492	1.5172
28492	28493	1.5263
28493	28494	1.5135
28494	28495	1.5130
28495	28496	1.5405
28496	28497	1.5040
28497	28498	1.5097
28498	28499	1.5106
28499	28500	1.5095
28500	28501	1.5552
28501	28502	1.5444
28502	28503	1.5220
28503	28504	1.5166
28504	28505	1.5288
28505	28506	1.5403
28506	28507	1.4871
28507	28508	1.4825
28508	28509	1.5043
28509	28510	1.5240
28510	28511	1.4947
28511	28512	1.5373
28512	28513	1.5350
28513	28514	1.5005
28514	28515	1.4914
28515	28516	1.5013
28516	28517	1.4911
28517	28518	1.4862
28518	28519	1.4857
28519	28520	1.4879
28520	28521	1.4906
28521	28522	1.5107
28522	28523	1.5827
28523	28524	1.6150
28524	28525	1.5672
28525	28526	1.6039
28526	28527	1.5715
28527	28528	1.5593
28528	28529	1.5633
28529	28530	1.5578
28530	28531	1.5205
28531	28532	1.5121
28532	28533	1.5292
28533	28534	1.4980
28534	28535	1.5126
28535	28536	1.5317
28536	28537	1.5061
28537	28538	1.5137
28538	28539	1.5543
28539	28540	1.5183
28540	28541	1.5391
28541	28542	1.5256
28542	28543	1.5400
28543	28544	1.4989
28544	28545	1.4716
28545	28546	1.4863
28546	28547	1.4902
28547	28548	1.5004
28548	28549	1.4803
28549	28550	1.5372
28550	28551	1.5312
28551	28552	1.5419
28552	28553	1.5094
28553	28554	1.5183
28554	28555	1.5039
28555	28556	1.5144
28556	28557	1.5005
28557	28558	1.5011
28558	28559	1.4928
28559	28560	1.4944
28560	28561	1.5517
28561	28562	1.5541
28562	28563	1.5721
28563	28564	1.5436
28564	28565	1.5264
28565	28566	1.5362
28566	28567	1.4799
28567	28568	1.4629
28568	28569	1.4975
28569	28570	1.4917
28570	28571	1.5332
28571	28572	1.5375
28572	28573	1.5119
28573	28574	1.4822
28574	28575	1.4531
28575	28576	1.4780
28576	28577	1.4785
28577	28578	1.4705
28578	28579	1.4942
28579	28580	1.4629
28580	28581	1.4643
28581	28582	1.4558
28582	28583	1.4335
28583	28584	1.4836
28584	28585	1.5085
28585	28586	1.4968
28586	28587	1.4730
28587	28588	1.4891
28588	28589	1.4251
28589	28590	1.4752
28590	28591	1.4703
28591	28592	1.4690
28592	28593	1.4483
28593	28594	1.4433
28594	28595	1.4907
28595	28596	1.5044
28596	28597	1.4519
28597	28598	1.4603
28598	28599	1.4504
28599	28600	1.4342
28600	28601	1.4769
28601	28602	1.4586
28602	28603	1.4590
28603	28604	1.4646
28604	28605	1.4678
28605	28606	1.4937
28606	28607	1.4927
28607	28608	1.5012
28608	28609	1.5295
28609	28610	1.5029
28610	28611	1.4812
28611	28612	1.4521
28612	28613	1.4554
28613	28614	1.5131
28614	28615	1.5160
28615	28616	1.5243
28616	28617	1.5760
28617	28618	1.5499
28618	28619	1.5254
28619	28620	1.5509
28620	28621	1.5382
28621	28622	1.5233
28622	28623	1.5347
28623	28624	1.5034
28624	28625	1.4859
28625	28626	1.4905
28626	28627	1.4795
28627	28628	1.4898
28628	28629	1.4399
28629	28630	1.4389
28630	28631	1.4276
28631	28632	1.4194
28632	28633	1.4206
28633	28634	1.4544
28634	28635	1.4252
28635	28636	1.4673
28636	28637	1.4365
28637	28638	1.4442
28638	28639	1.4618
28639	28640	1.4532
28640	28641	1.4474
28641	28642	1.4792
28642	28643	1.4723
28643	28644	1.4523
28644	28645	1.4564
28645	28646	1.4879
28646	28647	1.5118
28647	28648	1.4835
28648	28649	1.4407
28649	28650	1.4518
28650	28651	1.4693
28651	28652	1.4818
28652	28653	1.4790
28653	28654	1.5072
28654	28655	1.5175
28655	28656	1.5246
28656	28657	1.4669
28657	28658	1.4590
28658	28659	1.4951
28659	28660	1.4444
28660	28661	1.4508
28661	28662	1.4715
28662	28663	1.4965
28663	28664	1.4929
28664	28665	1.4585
28665	28666	1.4314
28666	28667	1.4667
28667	28668	1.4876
28668	28669	1.5103
28669	28670	1.5002
28670	28671	1.4968
28671	28672	1.5127
28672	28673	1.4971
28673	28674	1.4836
28674	28675	1.4883
28675	28676	1.4375
28676	28677	1.4505
28677	28678	1.4546
28678	28679	1.4509
28679	28680	1.4279
28680	28681	1.4674
28681	28682	1.4099
28682	28683	1.4580
28683	28684	1.4808
28684	28685	1.4284
28685	28686	1.4620
28686	28687	1.5096
28687	28688	1.4822
28688	28689	1.5185
28689	28690	1.4753
28690	28691	1.4682
28691	28692	1.4641
28692	28693	1.4420
28693	28694	1.4724
28694	28695	1.4177
28695	28696	1.4338
28696	28697	1.4577
28697	28698	1.4376
28698	28699	1.4845
28699	28700	1.4784
28700	28701	1.4706
28701	28702	1.4351
28702	28703	1.4527
28703	28704	1.4844
28704	28705	1.4513
28705	28706	1.4651
28706	28707	1.4429
28707	28708	1.4184
28708	28709	1.4407
28709	28710	1.4625
28710	28711	1.4560
28711	28712	1.4513
28712	28713	1.4124
28713	28714	1.4331
28714	28715	1.4393
28715	28716	1.4607
28716	28717	1.4293
28717	28718	1.4521
28718	28719	1.4166
28719	28720	1.4270
28720	28721	1.4099
28721	28722	1.4375
28722	28723	1.4062
28723	28724	1.4094
28724	28725	1.3593
28725	28726	1.3653
28726	28727	1.3818
28727	28728	1.4144
28728	28729	1.4193
28729	28730	1.3404
28730	28731	1.3777
28731	28732	1.3837
28732	28733	1.3784
28733	28734	1.4159
28734	28735	1.4109
28735	28736	1.3868
28736	28737	1.3838
28737	28738	1.3691
28738	28739	1.4165
28739	28740	1.4103
28740	28741	1.3926
28741	28742	1.3855
28742	28743	1.3740
28743	28744	1.3434
28744	28745	1.3842
28745	28746	1.4011
28746	28747	1.3687
28747	28748	1.3713
28748	28749	1.3532
28749	28750	1.3360
28750	28751	1.3866
28751	28752	1.3567
28752	28753	1.3636
28753	28754	1.3527
28754	28755	1.3710
28755	28756	1.3894
28756	28757	1.3621
28757	28758	1.3392
28758	28759	1.3796
28759	28760	1.3486
28760	28761	1.3529
28761	28762	1.3340
28762	28763	1.3470
28763	28764	1.3329
28764	28765	1.3043
28765	28766	1.3185
28766	28767	1.3103
28767	28768	1.2956
28768	28769	1.3230
28769	28770	1.3594
28770	28771	1.3764
28771	28772	1.3727
28772	28773	1.3367
28773	28774	1.3548
28774	28775	1.3727
28775	28776	1.3480
28776	28777	1.4107
28777	28778	1.3789
28778	28779	1.3670
28779	28780	1.4039
28780	28781	1.3987
28781	28782	1.3944
28782	28783	1.4015
28783	28784	1.3892
28784	28785	1.4173
28785	28786	1.3858
28786	28787	1.4247
28787	28788	1.4063
28788	28789	1.3781
28789	28790	1.3568
28790	28791	1.3836
28791	28792	1.3848
28792	28793	1.3810
28793	28794	1.3891
28794	28795	1.3920
28795	28796	1.3822
28796	28797	1.3237
28797	28798	1.3460
28798	28799	1.4078
28799	28800	1.3205
28800	28801	1.3250
28801	28802	1.2981
28802	28803	1.3022
28803	28804	1.3445
28804	28805	1.3733
28805	28806	1.3603
28806	28807	1.3387
28807	28808	1.3164
28808	28809	1.3144
28809	28810	1.3007
28810	28811	1.3022
28811	28812	1.2935
28812	28813	1.2779
28813	28814	1.2575
28814	28815	1.2689
28815	28816	1.2214
28816	28817	1.2403
28817	28818	1.2577
28818	28819	1.2620
28819	28820	1.2729
28820	28821	1.2676
28821	28822	1.2464
28822	28823	1.2649
28823	28824	1.2376
28824	28825	1.2304
28825	28826	1.2559
28826	28827	1.2644
28827	28828	1.2518
28828	28829	1.2460
28829	28830	1.2466
28830	28831	1.2557
28831	28832	1.2674
28832	28833	1.2906
28833	28834	1.2811
28834	28835	1.3135
28835	28836	1.3706
28836	28837	1.3164
28837	28838	1.2561
28838	28839	1.3113
28839	28840	1.3071
28840	28841	1.3216
28841	28842	1.3069
28842	28843	1.3396
28843	28844	1.3329
28844	28845	1.3308
28845	28846	1.3046
28846	28847	1.3233
28847	28848	1.3274
28848	28849	1.2883
28849	28850	1.3589
28850	28851	1.3582
28851	28852	1.3989
28852	28853	1.4019
28853	28854	1.3957
28854	28855	1.4129
28855	28856	1.3924
28856	28857	1.3826
28857	28858	1.3886
28858	28859	1.3859
28859	28860	1.3848
28860	28861	1.4140
28861	28862	1.4301
28862	28863	1.4174
28863	28864	1.4308
28864	28865	1.4515
28865	28866	1.4270
28866	28867	1.3901
28867	28868	1.4253
28868	28869	1.4477
28869	28870	1.4078
28870	28871	1.3730
28871	28872	1.3447
28872	28873	1.3047
28873	28874	1.3612
28874	28875	1.3599
28875	28876	1.3216
28876	28877	1.3264
28877	28878	1.3220
28878	28879	1.3647
28879	28880	1.3618
28880	28881	1.3563
28881	28882	1.3882
28882	28883	1.3672
28883	28884	1.3916
28884	28885	1.3805
28885	28886	1.3683
28886	28887	1.3841
28887	28888	1.4048
28888	28889	1.3745
28889	28890	1.3762
28890	28891	1.4101
28891	28892	1.3739
28892	28893	1.3599
28893	28894	1.3494
28894	28895	1.3304
28895	28896	1.3459
28896	28897	1.3550
28897	28898	1.3564
28898	28899	1.3721
28899	28900	1.3316
28900	28901	1.4141
28901	28902	1.3966
28902	28903	1.3670
28903	28904	1.4482
28904	28905	1.4418
28905	28906	1.4833
28906	28907	1.4741
28907	28908	1.4668
28908	28909	1.4479
28909	28910	1.4587
28910	28911	1.4750
28911	28912	1.4261
28912	28913	1.4243
28913	28914	1.4230
28914	28915	1.4005
28915	28916	1.4238
28916	28917	1.4072
28917	28918	1.3576
28918	28919	1.3778
28919	28920	1.4158
28920	28921	1.4155
28921	28922	1.3790
28922	28923	1.3851
28923	28924	1.3611
28924	28925	1.3835
28925	28926	1.3075
28926	28927	1.3038
28927	28928	1.3486
28928	28929	1.3141
28929	28930	1.3366
28930	28931	1.3333
28931	28932	1.3333
28932	28933	1.3643
28933	28934	1.2746
28934	28935	1.3000
28935	28936	1.2950
28936	28937	1.3162
28937	28938	1.2960
28938	28939	1.2956
28939	28940	1.2929
28940	28941	1.2852
28941	28942	1.2555
28942	28943	1.2701
28943	28944	1.2962
28944	28945	1.2804
28945	28946	1.3116
28946	28947	1.2941
28947	28948	1.3086
28948	28949	1.2697
28949	28950	1.2899
28950	28951	1.3127
28951	28952	1.3064
28952	28953	1.2959
28953	28954	1.2965
28954	28955	1.3316
28955	28956	1.3802
28956	28957	1.3747
28957	28958	1.3636
28958	28959	1.4139
28959	28960	1.4320
28960	28961	1.3992
28961	28962	1.3977
28962	28963	1.4197
28963	28964	1.4423
28964	28965	1.4087
28965	28966	1.4055
28966	28967	1.3627
28967	28968	1.3535
28968	28969	1.3377
28969	28970	1.3567
28970	28971	1.3494
28971	28972	1.3665
28972	28973	1.3392
28973	28974	1.3152
28974	28975	1.3100
28975	28976	1.3334
28976	28977	1.3420
28977	28978	1.3449
28978	28979	1.3421
28979	28980	1.3661
28980	28981	1.3377
28981	28982	1.3249
28982	28983	1.3686
28983	28984	1.3771
28984	28985	1.3818
28985	28986	1.4016
28986	28987	1.4301
28987	28988	1.4089
28988	28989	1.4492
28989	28990	1.4660
28990	28991	1.4110
28991	28992	1.4389
28992	28993	1.4394
28993	28994	1.4452
28994	28995	1.4434
28995	28996	1.4088
28996	28997	1.4185
28997	28998	1.4260
28998	28999	1.4514
28999	29000	1.4324
29000	29001	1.4025
29001	29002	1.3763
29002	29003	1.3818
29003	29004	1.4165
29004	29005	1.3844
29005	29006	1.4074
29006	29007	1.4169
29007	29008	1.4065
29008	29009	1.4556
29009	29010	1.4069
29010	29011	1.4125
29011	29012	1.3816
29012	29013	1.4258
29013	29014	1.4499
29014	29015	1.4606
29015	29016	1.4766
29016	29017	1.4830
29017	29018	1.4303
29018	29019	1.3997
29019	29020	1.4066
29020	29021	1.4348
29021	29022	1.4261
29022	29023	1.4125
29023	29024	1.4057
29024	29025	1.3784
29025	29026	1.3837
29026	29027	1.3656
29027	29028	1.3438
29028	29029	1.3110
29029	29030	1.3139
29030	29031	1.3082
29031	29032	1.3132
29032	29033	1.3424
29033	29034	1.3746
29034	29035	1.3945
29035	29036	1.3635
29036	29037	1.4057
29037	29038	1.3327
29038	29039	1.3413
29039	29040	1.3423
29040	29041	1.3454
29041	29042	1.3581
29042	29043	1.3229
29043	29044	1.3229
29044	29045	1.3610
29045	29046	1.3026
29046	29047	1.3500
29047	29048	1.3529
29048	29049	1.3516
29049	29050	1.4115
29050	29051	1.3672
29051	29052	1.3268
29052	29053	1.3333
29053	29054	1.3211
29054	29055	1.3501
29055	29056	1.3398
29056	29057	1.3356
29057	29058	1.3212
29058	29059	1.3230
29059	29060	1.3110
29060	29061	1.3271
29061	29062	1.3474
29062	29063	1.3535
29063	29064	1.3788
29064	29065	1.3736
29065	29066	1.3476
29066	29067	1.3489
29067	29068	1.3552
29068	29069	1.3596
29069	29070	1.3566
29070	29071	1.3713
29071	29072	1.3602
29072	29073	1.3957
29073	29074	1.3445
29074	29075	1.3493
29075	29076	1.3536
29076	29077	1.3770
29077	29078	1.4369
29078	29079	1.3891
29079	29080	1.4261
29080	29081	1.4144
29081	29082	1.3928
29082	29083	1.4031
29083	29084	1.3845
29084	29085	1.3773
29085	29086	1.3958
29086	29087	1.3819
29087	29088	1.4077
29088	29089	1.3668
29089	29090	1.3580
29090	29091	1.3397
29091	29092	1.3474
29092	29093	1.3737
29093	29094	1.3841
29094	29095	1.3709
29095	29096	1.3641
29096	29097	1.3634
29097	29098	1.3626
29098	29099	1.3663
29099	29100	1.4143
29100	29101	1.3961
29101	29102	1.4050
29102	29103	1.3559
29103	29104	1.3192
29104	29105	1.3028
29105	29106	1.3094
29106	29107	1.2989
29107	29108	1.3007
29108	29109	1.3310
29109	29110	1.3229
29110	29111	1.3278
29111	29112	1.3185
29112	29113	1.3228
29113	29114	1.3297
29114	29115	1.3234
29115	29116	1.3023
29116	29117	1.3298
29117	29118	1.3461
29118	29119	1.3356
29119	29120	1.3624
29120	29121	1.3193
29121	29122	1.3437
29122	29123	1.3160
29123	29124	1.2712
29124	29125	1.3320
29125	29126	1.3104
29126	29127	1.3530
29127	29128	1.3648
29128	29129	1.3284
29129	29130	1.3788
29130	29131	1.3792
29131	29132	1.3593
29132	29133	1.3500
29133	29134	1.3497
29134	29135	1.3761
29135	29136	1.3875
29136	29137	1.3452
29137	29138	1.3784
29138	29139	1.3562
29139	29140	1.3467
29140	29141	1.3720
29141	29142	1.3842
29142	29143	1.3398
29143	29144	1.3993
29144	29145	1.3870
29145	29146	1.3780
29146	29147	1.3824
29147	29148	1.3714
29148	29149	1.3862
29149	29150	1.3651
29150	29151	1.3932
29151	29152	1.4225
29152	29153	1.3864
29153	29154	1.3558
29154	29155	1.3488
29155	29156	1.3293
29156	29157	1.3580
29157	29158	1.3541
29158	29159	1.3629
29159	29160	1.3471
29160	29161	1.3932
29161	29162	1.3470
29162	29163	1.3255
29163	29164	1.3461
29164	29165	1.3821
29165	29166	1.4299
29166	29167	1.4193
29167	29168	1.4368
29168	29169	1.4161
29169	29170	1.4063
29170	29171	1.3812
29171	29172	1.4125
29172	29173	1.4042
29173	29174	1.4035
29174	29175	1.4217
29175	29176	1.4086
29176	29177	1.4235
29177	29178	1.4417
29178	29179	1.4593
29179	29180	1.4655
29180	29181	1.4558
29181	29182	1.4673
29182	29183	1.4790
29183	29184	1.5021
29184	29185	1.4896
29185	29186	1.5417
29186	29187	1.5755
29187	29188	1.5447
29188	29189	1.5188
29189	29190	1.5275
29190	29191	1.5104
29191	29192	1.5023
29192	29193	1.4964
29193	29194	1.5057
29194	29195	1.5177
29195	29196	1.5037
29196	29197	1.4956
29197	29198	1.5003
29198	29199	1.4953
29199	29200	1.4987
29200	29201	1.5354
29201	29202	1.4928
29202	29203	1.5073
29203	29204	1.5218
29204	29205	1.4909
29205	29206	1.5302
29206	29207	1.4965
29207	29208	1.4886
29208	29209	1.4775
29209	29210	1.4462
29210	29211	1.4943
29211	29212	1.5166
29212	29213	1.5115
29213	29214	1.5035
29214	29215	1.4924
29215	29216	1.4911
29216	29217	1.5168
29217	29218	1.5170
29218	29219	1.5173
29219	29220	1.5232
29220	29221	1.5468
29221	29222	1.5661
29222	29223	1.5473
29223	29224	1.5095
29224	29225	1.4854
29225	29226	1.4967
29226	29227	1.5219
29227	29228	1.5065
29228	29229	1.5221
29229	29230	1.4844
29230	29231	1.4833
29231	29232	1.4739
29232	29233	1.4576
29233	29234	1.4358
29234	29235	1.4227
29235	29236	1.4460
29236	29237	1.4594
29237	29238	1.5092
29238	29239	1.4405
29239	29240	1.4350
29240	29241	1.4562
29241	29242	1.4868
29242	29243	1.4691
29243	29244	1.4473
29244	29245	1.4485
29245	29246	1.4994
29246	29247	1.4470
29247	29248	1.4480
29248	29249	1.4341
29249	29250	1.4116
29250	29251	1.4081
29251	29252	1.4069
29252	29253	1.3879
29253	29254	1.3553
29254	29255	1.3779
29255	29256	1.4032
29256	29257	1.4356
29257	29258	1.3825
29258	29259	1.3766
29259	29260	1.3981
29260	29261	1.4211
29261	29262	1.4356
29262	29263	1.4634
29263	29264	1.4740
29264	29265	1.4596
29265	29266	1.4585
29266	29267	1.4569
29267	29268	1.4261
29268	29269	1.4020
29269	29270	1.4335
29270	29271	1.4574
29271	29272	1.4257
29272	29273	1.4346
29273	29274	1.4376
29274	29275	1.4494
29275	29276	1.4458
29276	29277	1.4373
29277	29278	1.4737
29278	29279	1.4657
29279	29280	1.4516
29280	29281	1.4694
29281	29282	1.4191
29282	29283	1.4717
29283	29284	1.4970
29284	29285	1.4516
29285	29286	1.4974
29286	29287	1.4720
29287	29288	1.4596
29288	29289	1.4122
29289	29290	1.4155
29290	29291	1.4156
29291	29292	1.4318
29292	29293	1.4190
29293	29294	1.4093
29294	29295	1.4325
29295	29296	1.4562
29296	29297	1.4480
29297	29298	1.3973
29298	29299	1.3578
29299	29300	1.4052
29300	29301	1.3889
29301	29302	1.4439
29302	29303	1.4209
29303	29304	1.4105
29304	29305	1.4482
29305	29306	1.4315
29306	29307	1.4051
29307	29308	1.4319
29308	29309	1.4448
29309	29310	1.4513
29310	29311	1.4232
29311	29312	1.3936
29312	29313	1.4569
29313	29314	1.4635
29314	29315	1.4709
29315	29316	1.4621
29316	29317	1.4755
29317	29318	1.4151
29318	29319	1.4548
29319	29320	1.4396
29320	29321	1.3829
29321	29322	1.4076
29322	29323	1.4515
29323	29324	1.4515
29324	29325	1.4492
29325	29326	1.4787
29326	29327	1.4468
29327	29328	1.4686
29328	29329	1.4477
29329	29330	1.4906
29330	29331	1.4854
29331	29332	1.4785
29332	29333	1.4540
29333	29334	1.4470
29334	29335	1.4619
29335	29336	1.4950
29336	29337	1.4655
29337	29338	1.4557
29338	29339	1.4859
29339	29340	1.4698
29340	29341	1.4560
29341	29342	1.4742
29342	29343	1.4490
29343	29344	1.4432
29344	29345	1.4534
29345	29346	1.4087
29346	29347	1.4231
29347	29348	1.4152
29348	29349	1.4171
29349	29350	1.4450
29350	29351	1.4275
29351	29352	1.4186
29352	29353	1.4108
29353	29354	1.4065
29354	29355	1.4124
29355	29356	1.4170
29356	29357	1.3881
29357	29358	1.3965
29358	29359	1.4501
29359	29360	1.4539
29360	29361	1.3958
29361	29362	1.4167
29362	29363	1.3807
29363	29364	1.4362
29364	29365	1.4252
29365	29366	1.3822
29366	29367	1.3842
29367	29368	1.3997
29368	29369	1.3781
29369	29370	1.4061
29370	29371	1.4201
29371	29372	1.4915
29372	29373	1.4803
29373	29374	1.4897
29374	29375	1.4920
29375	29376	1.4833
29376	29377	1.4714
29377	29378	1.5176
29378	29379	1.4612
29379	29380	1.4254
29380	29381	1.4420
29381	29382	1.4266
29382	29383	1.4247
29383	29384	1.4439
29384	29385	1.4144
29385	29386	1.4184
29386	29387	1.3944
29387	29388	1.4242
29388	29389	1.4034
29389	29390	1.4174
29390	29391	1.3834
29391	29392	1.3910
29392	29393	1.3626
29393	29394	1.3793
29394	29395	1.4003
29395	29396	1.4025
29396	29397	1.4516
29397	29398	1.4203
29398	29399	1.4220
29399	29400	1.4064
29400	29401	1.4032
29401	29402	1.4244
29402	29403	1.4064
29403	29404	1.3901
29404	29405	1.3897
29405	29406	1.4231
29406	29407	1.4071
29407	29408	1.3883
29408	29409	1.3861
29409	29410	1.3365
29410	29411	1.3658
29411	29412	1.3768
29412	29413	1.3464
29413	29414	1.3692
29414	29415	1.3363
29415	29416	1.3506
29416	29417	1.4023
29417	29418	1.4075
29418	29419	1.3878
29419	29420	1.3721
29420	29421	1.3666
29421	29422	1.3513
29422	29423	1.3981
29423	29424	1.3803
29424	29425	1.3872
29425	29426	1.3741
29426	29427	1.4092
29427	29428	1.3974
29428	29429	1.3575
29429	29430	1.3980
29430	29431	1.3821
29431	29432	1.3952
29432	29433	1.3733
29433	29434	1.3746
29434	29435	1.3808
29435	29436	1.4118
29436	29437	1.4014
29437	29438	1.4061
29438	29439	1.3929
29439	29440	1.3560
29440	29441	1.4036
29441	29442	1.3928
29442	29443	1.3881
29443	29444	1.4097
29444	29445	1.3997
29445	29446	1.4005
29446	29447	1.4191
29447	29448	1.3722
29448	29449	1.4180
29449	29450	1.3963
29450	29451	1.3849
29451	29452	1.3696
29452	29453	1.3918
29453	29454	1.4001
29454	29455	1.4152
29455	29456	1.4077
29456	29457	1.4018
29457	29458	1.4048
29458	29459	1.4355
29459	29460	1.3991
29460	29461	1.3554
29461	29462	1.3386
29462	29463	1.3434
29463	29464	1.3600
29464	29465	1.3202
29465	29466	1.3035
29466	29467	1.3160
29467	29468	1.3062
29468	29469	1.3049
29469	29470	1.2804
29470	29471	1.3169
29471	29472	1.3331
29472	29473	1.2726
29473	29474	1.3130
29474	29475	1.3058
29475	29476	1.3113
29476	29477	1.3477
29477	29478	1.3538
29478	29479	1.3341
29479	29480	1.2838
29480	29481	1.3011
29481	29482	1.3000
29482	29483	1.3471
29483	29484	1.2990
29484	29485	1.3052
29485	29486	1.2964
29486	29487	1.2664
29487	29488	1.3085
29488	29489	1.2848
29489	29490	1.2945
29490	29491	1.2783
29491	29492	1.2313
29492	29493	1.2947
29493	29494	1.2748
29494	29495	1.2711
29495	29496	1.2709
29496	29497	1.2874
29497	29498	1.2659
29498	29499	1.2858
29499	29500	1.2614
29500	29501	1.2594
29501	29502	1.2259
29502	29503	1.1726
29503	29504	1.1862
29504	29505	1.2080
29505	29506	1.2029
29506	29507	1.1856
29507	29508	1.1952
29508	29509	1.2166
29509	29510	1.1953
29510	29511	1.2180
29511	29512	1.2282
29512	29513	1.1753
29513	29514	1.1879
29514	29515	1.2065
29515	29516	1.1868
29516	29517	1.1832
29517	29518	1.1942
29518	29519	1.1752
29519	29520	1.2033
29520	29521	1.2057
29521	29522	1.1955
29522	29523	1.2070
29523	29524	1.1929
29524	29525	1.1851
29525	29526	1.1781
29526	29527	1.1956
29527	29528	1.2238
29528	29529	1.1959
29529	29530	1.1604
29530	29531	1.1945
29531	29532	1.1854
29532	29533	1.2156
29533	29534	1.1853
29534	29535	1.2069
29535	29536	1.1906
29536	29537	1.1964
29537	29538	1.1991
29538	29539	1.2165
29539	29540	1.2079
29540	29541	1.2080
29541	29542	1.2445
29542	29543	1.2583
29543	29544	1.2587
29544	29545	1.2121
29545	29546	1.2291
29546	29547	1.2150
29547	29548	1.2476
29548	29549	1.2238
29549	29550	1.1945
29550	29551	1.2395
29551	29552	1.1952
29552	29553	1.1550
29553	29554	1.1696
29554	29555	1.1845
29555	29556	1.1809
29556	29557	1.2166
29557	29558	1.1594
29558	29559	1.2293
29559	29560	1.2429
29560	29561	1.2316
29561	29562	1.2588
29562	29563	1.2461
29563	29564	1.2772
29564	29565	1.2555
29565	29566	1.2446
29566	29567	1.2230
29567	29568	1.2362
29568	29569	1.2552
29569	29570	1.2489
29570	29571	1.2221
29571	29572	1.2457
29572	29573	1.2264
29573	29574	1.2493
29574	29575	1.2659
29575	29576	1.2761
29576	29577	1.2578
29577	29578	1.2586
29578	29579	1.2269
29579	29580	1.1969
29580	29581	1.2403
29581	29582	1.2131
29582	29583	1.2120
29583	29584	1.2134
29584	29585	1.2754
29585	29586	1.2277
29586	29587	1.1956
29587	29588	1.1807
29588	29589	1.2491
29589	29590	1.2225
29590	29591	1.2360
29591	29592	1.2708
29592	29593	1.2522
29593	29594	1.2339
29594	29595	1.2442
29595	29596	1.2523
29596	29597	1.2254
29597	29598	1.1986
29598	29599	1.2138
29599	29600	1.1641
29600	29601	1.1998
29601	29602	1.1802
29602	29603	1.1795
29603	29604	1.1560
29604	29605	1.1910
29605	29606	1.2024
29606	29607	1.1501
29607	29608	1.1758
29608	29609	1.1436
29609	29610	1.1817
29610	29611	1.1549
29611	29612	1.1847
29612	29613	1.1897
29613	29614	1.1907
29614	29615	1.1786
29615	29616	1.1965
29616	29617	1.1944
29617	29618	1.1564
29618	29619	1.1627
29619	29620	1.1948
29620	29621	1.1459
29621	29622	1.1388
29622	29623	1.1427
29623	29624	1.1507
29624	29625	1.1155
29625	29626	1.1354
29626	29627	1.1546
29627	29628	1.1434
29628	29629	1.1583
29629	29630	1.1740
29630	29631	1.1292
29631	29632	1.1531
29632	29633	1.1025
29633	29634	1.1012
29634	29635	1.0997
29635	29636	1.0830
29636	29637	1.0624
29637	29638	1.0859
29638	29639	1.0808
29639	29640	1.1118
29640	29641	1.1416
29641	29642	1.1000
29642	29643	1.0862
29643	29644	1.0453
29644	29645	1.0613
29645	29646	1.0662
29646	29647	1.1217
29647	29648	1.1359
29648	29649	1.1524
29649	29650	1.1598
29650	29651	1.1678
29651	29652	1.1292
29652	29653	1.1267
29653	29654	1.1524
29654	29655	1.1576
29655	29656	1.1482
29656	29657	1.1464
29657	29658	1.1189
29658	29659	1.1464
29659	29660	1.1424
29660	29661	1.1352
29661	29662	1.1681
29662	29663	1.1865
29663	29664	1.1467
29664	29665	1.1289
29665	29666	1.1407
29666	29667	1.1675
29667	29668	1.1126
29668	29669	1.1367
29669	29670	1.1391
29670	29671	1.1345
29671	29672	1.1462
29672	29673	1.1387
29673	29674	1.1398
29674	29675	1.1570
29675	29676	1.1696
29676	29677	1.1249
29677	29678	1.1380
29678	29679	1.1464
29679	29680	1.1537
29680	29681	1.2044
29681	29682	1.1928
29682	29683	1.1832
29683	29684	1.2136
29684	29685	1.2445
29685	29686	1.2445
29686	29687	1.2660
29687	29688	1.2116
29688	29689	1.2022
29689	29690	1.2619
29690	29691	1.2674
29691	29692	1.2833
29692	29693	1.2601
29693	29694	1.2869
29694	29695	1.2710
29695	29696	1.3163
29696	29697	1.2945
29697	29698	1.2876
29698	29699	1.3143
29699	29700	1.3247
29700	29701	1.3007
29701	29702	1.2976
29702	29703	1.3029
29703	29704	1.2646
29704	29705	1.2239
29705	29706	1.2829
29706	29707	1.2890
29707	29708	1.2939
29708	29709	1.3122
29709	29710	1.3221
29710	29711	1.2417
29711	29712	1.2321
29712	29713	1.2509
29713	29714	1.2575
29714	29715	1.2270
29715	29716	1.2171
29716	29717	1.2172
29717	29718	1.2390
29718	29719	1.2649
29719	29720	1.2331
29720	29721	1.2581
29721	29722	1.2418
29722	29723	1.2371
29723	29724	1.2315
29724	29725	1.2623
29725	29726	1.2907
29726	29727	1.2712
29727	29728	1.2724
29728	29729	1.2908
29729	29730	1.2674
29730	29731	1.2558
29731	29732	1.2808
29732	29733	1.2631
29733	29734	1.3058
29734	29735	1.2707
29735	29736	1.2419
29736	29737	1.2765
29737	29738	1.2570
29738	29739	1.2701
29739	29740	1.2921
29740	29741	1.2672
29741	29742	1.2760
29742	29743	1.2416
29743	29744	1.2224
29744	29745	1.2214
29745	29746	1.2012
29746	29747	1.2182
29747	29748	1.1811
29748	29749	1.2007
29749	29750	1.2074
29750	29751	1.2232
29751	29752	1.2606
29752	29753	1.2516
29753	29754	1.2208
29754	29755	1.2346
29755	29756	1.2133
29756	29757	1.2214
29757	29758	1.2336
29758	29759	1.2128
29759	29760	1.2246
29760	29761	1.2083
29761	29762	1.2057
29762	29763	1.2104
29763	29764	1.2141
29764	29765	1.2188
29765	29766	1.2491
29766	29767	1.2108
29767	29768	1.1951
29768	29769	1.1888
29769	29770	1.2131
29770	29771	1.1971
29771	29772	1.1705
29772	29773	1.1943
29773	29774	1.2043
29774	29775	1.2050
29775	29776	1.2043
29776	29777	1.2084
29777	29778	1.2160
29778	29779	1.1492
29779	29780	1.1770
29780	29781	1.2030
29781	29782	1.1406
29782	29783	1.1989
29783	29784	1.2245
29784	29785	1.1889
29785	29786	1.2141
29786	29787	1.2060
29787	29788	1.2363
29788	29789	1.1861
29789	29790	1.1777
29790	29791	1.2162
29791	29792	1.2461
29792	29793	1.2871
29793	29794	1.2651
29794	29795	1.2288
29795	29796	1.2439
29796	29797	1.2521
29797	29798	1.2531
29798	29799	1.2331
29799	29800	1.2132
29800	29801	1.2052
29801	29802	1.1876
29802	29803	1.2256
29803	29804	1.1968
29804	29805	1.2008
29805	29806	1.2187
29806	29807	1.2437
29807	29808	1.2568
29808	29809	1.2079
29809	29810	1.2192
29810	29811	1.2017
29811	29812	1.2012
29812	29813	1.2114
29813	29814	1.2030
29814	29815	1.1924
29815	29816	1.1368
29816	29817	1.1174
29817	29818	1.1226
29818	29819	1.1403
29819	29820	1.1734
29820	29821	1.1662
29821	29822	1.1682
29822	29823	1.1695
29823	29824	1.2126
29824	29825	1.1976
29825	29826	1.2076
29826	29827	1.1719
29827	29828	1.1568
29828	29829	1.1320
29829	29830	1.1520
29830	29831	1.1223
29831	29832	1.1136
29832	29833	1.1544
29833	29834	1.1426
29834	29835	1.1497
29835	29836	1.1953
29836	29837	1.1816
29837	29838	1.1757
29838	29839	1.2009
29839	29840	1.1833
29840	29841	1.1623
29841	29842	1.1851
29842	29843	1.1942
29843	29844	1.1870
29844	29845	1.1516
29845	29846	1.1719
29846	29847	1.1594
29847	29848	1.1484
29848	29849	1.1565
29849	29850	1.1422
29850	29851	1.1643
29851	29852	1.1267
29852	29853	1.1417
29853	29854	1.1741
29854	29855	1.1761
29855	29856	1.1833
29856	29857	1.1751
29857	29858	1.2053
29858	29859	1.1995
29859	29860	1.1452
29860	29861	1.1267
29861	29862	1.1591
29862	29863	1.1424
29863	29864	1.1533
29864	29865	1.1244
29865	29866	1.0731
29866	29867	1.0642
29867	29868	1.0838
29868	29869	1.0868
29869	29870	1.1089
29870	29871	1.1060
29871	29872	1.0699
29872	29873	1.0489
29873	29874	1.0506
29874	29875	1.0858
29875	29876	1.1114
29876	29877	1.0577
29877	29878	1.0390
29878	29879	1.0532
29879	29880	1.0585
29880	29881	1.1052
29881	29882	1.0746
29882	29883	1.0855
29883	29884	1.0941
29884	29885	1.0857
29885	29886	1.1048
29886	29887	1.0739
29887	29888	1.0961
29888	29889	1.1113
29889	29890	1.0967
29890	29891	1.0752
29891	29892	1.1001
29892	29893	1.1119
29893	29894	1.0740
29894	29895	1.1376
29895	29896	1.1332
29896	29897	1.1221
29897	29898	1.1714
29898	29899	1.1974
29899	29900	1.1842
29900	29901	1.1709
29901	29902	1.1439
29902	29903	1.1780
29903	29904	1.1501
29904	29905	1.1272
29905	29906	1.1489
29906	29907	1.1814
29907	29908	1.2234
29908	29909	1.2439
29909	29910	1.2398
29910	29911	1.1862
29911	29912	1.1861
29912	29913	1.2060
29913	29914	1.1522
29914	29915	1.1916
29915	29916	1.2008
29916	29917	1.2296
29917	29918	1.2121
29918	29919	1.2373
29919	29920	1.2463
29920	29921	1.2312
29921	29922	1.2651
29922	29923	1.2339
29923	29924	1.2641
29924	29925	1.2445
29925	29926	1.2629
29926	29927	1.2535
29927	29928	1.2504
29928	29929	1.3122
29929	29930	1.2744
29930	29931	1.3162
29931	29932	1.3422
29932	29933	1.3602
29933	29934	1.3696
29934	29935	1.3694
29935	29936	1.3766
29936	29937	1.3511
29937	29938	1.3743
29938	29939	1.4098
29939	29940	1.3927
29940	29941	1.4152
29941	29942	1.4221
29942	29943	1.3950
29943	29944	1.4159
29944	29945	1.4265
29945	29946	1.4034
29946	29947	1.4015
29947	29948	1.4058
29948	29949	1.3906
29949	29950	1.3946
29950	29951	1.4216
29951	29952	1.4054
29952	29953	1.3852
29953	29954	1.3843
29954	29955	1.3962
29955	29956	1.3900
29956	29957	1.3993
29957	29958	1.3706
29958	29959	1.3786
29959	29960	1.3950
29960	29961	1.4391
29961	29962	1.4248
29962	29963	1.4009
29963	29964	1.4768
29964	29965	1.4193
29965	29966	1.3548
29966	29967	1.3582
29967	29968	1.3549
29968	29969	1.3993
29969	29970	1.4296
29970	29971	1.3819
29971	29972	1.4419
29972	29973	1.3913
29973	29974	1.4376
29974	29975	1.4380
29975	29976	1.3867
29976	29977	1.4218
29977	29978	1.3784
29978	29979	1.3983
29979	29980	1.3991
29980	29981	1.3429
29981	29982	1.3688
29982	29983	1.3773
29983	29984	1.4080
29984	29985	1.3741
29985	29986	1.3771
29986	29987	1.3856
29987	29988	1.3720
29988	29989	1.3498
29989	29990	1.3684
29990	29991	1.3416
29991	29992	1.3914
29992	29993	1.3640
29993	29994	1.3682
29994	29995	1.3943
29995	29996	1.4278
29996	29997	1.3899
29997	29998	1.3827
29998	29999	1.3712
29999	30000	1.4178
30000	30001	1.3769
30001	30002	1.3830
30002	30003	1.3971
30003	30004	1.3991
30004	30005	1.4216
30005	30006	1.4199
30006	30007	1.4351
30007	30008	1.4457
30008	30009	1.4087
30009	30010	1.4502
30010	30011	1.4381
30011	30012	1.4205
30012	30013	1.4520
30013	30014	1.4164
30014	30015	1.3957
30015	30016	1.4177
30016	30017	1.4813
30017	30018	1.4266
30018	30019	1.4293
30019	30020	1.4380
30020	30021	1.4129
30021	30022	1.4122
30022	30023	1.3743
30023	30024	1.4437
30024	30025	1.3921
30025	30026	1.4126
30026	30027	1.4289
30027	30028	1.4020
30028	30029	1.4128
30029	30030	1.3981
30030	30031	1.4071
30031	30032	1.4070
30032	30033	1.3822
30033	30034	1.3855
30034	30035	1.4046
30035	30036	1.4367
30036	30037	1.4040
30037	30038	1.3871
30038	30039	1.4180
30039	30040	1.4201
30040	30041	1.4486
30041	30042	1.4465
30042	30043	1.4555
30043	30044	1.4177
30044	30045	1.4166
30045	30046	1.4223
30046	30047	1.4726
30047	30048	1.4660
30048	30049	1.4177
30049	30050	1.3900
30050	30051	1.4003
30051	30052	1.4355
30052	30053	1.3914
30053	30054	1.3958
30054	30055	1.3921
30055	30056	1.3786
30056	30057	1.3896
30057	30058	1.3301
30058	30059	1.3418
30059	30060	1.3156
30060	30061	1.2591
30061	30062	1.2736
30062	30063	1.2924
30063	30064	1.3053
30064	30065	1.2890
30065	30066	1.2334
30066	30067	1.2591
30067	30068	1.2144
30068	30069	1.2192
30069	30070	1.1980
30070	30071	1.1925
30071	30072	1.1608
30072	30073	1.1546
30073	30074	1.1830
30074	30075	1.2244
30075	30076	1.2232
30076	30077	1.2327
30077	30078	1.2113
30078	30079	1.1953
30079	30080	1.1918
30080	30081	1.2005
30081	30082	1.1713
30082	30083	1.1670
30083	30084	1.2281
30084	30085	1.2321
30085	30086	1.2266
30086	30087	1.1829
30087	30088	1.1837
30088	30089	1.2043
30089	30090	1.2409
30090	30091	1.2205
30091	30092	1.2399
30092	30093	1.2419
30093	30094	1.1997
30094	30095	1.1729
30095	30096	1.1302
30096	30097	1.1386
30097	30098	1.1612
30098	30099	1.1801
30099	30100	1.1367
30100	30101	1.1337
30101	30102	1.1269
30102	30103	1.1532
30103	30104	1.1424
30104	30105	1.1501
30105	30106	1.1464
30106	30107	1.1495
30107	30108	1.1721
30108	30109	1.1737
30109	30110	1.1832
30110	30111	1.2077
30111	30112	1.2544
30112	30113	1.2058
30113	30114	1.2124
30114	30115	1.2208
30115	30116	1.1733
30116	30117	1.1509
30117	30118	1.1971
30118	30119	1.2285
30119	30120	1.2006
30120	30121	1.2290
30121	30122	1.2256
30122	30123	1.2059
30123	30124	1.2552
30124	30125	1.2284
30125	30126	1.2180
30126	30127	1.2141
30127	30128	1.2491
30128	30129	1.2605
30129	30130	1.2828
30130	30131	1.2452
30131	30132	1.2811
30132	30133	1.2561
30133	30134	1.2633
30134	30135	1.2994
30135	30136	1.2893
30136	30137	1.2679
30137	30138	1.2583
30138	30139	1.2411
30139	30140	1.2215
30140	30141	1.2319
30141	30142	1.2733
30142	30143	1.3071
30143	30144	1.2610
30144	30145	1.2993
30145	30146	1.2715
30146	30147	1.2389
30147	30148	1.2796
30148	30149	1.2813
30149	30150	1.2909
30150	30151	1.2958
30151	30152	1.2950
30152	30153	1.2711
30153	30154	1.2838
30154	30155	1.2720
30155	30156	1.2931
30156	30157	1.3195
30157	30158	1.2695
30158	30159	1.3003
30159	30160	1.2857
30160	30161	1.2845
30161	30162	1.2695
30162	30163	1.2930
30163	30164	1.3007
30164	30165	1.2865
30165	30166	1.2557
30166	30167	1.2317
30167	30168	1.2744
30168	30169	1.2891
30169	30170	1.3023
30170	30171	1.3159
30171	30172	1.3307
30172	30173	1.2684
30173	30174	1.3046
30174	30175	1.2592
30175	30176	1.2650
30176	30177	1.2818
30177	30178	1.2906
30178	30179	1.2816
30179	30180	1.3022
30180	30181	1.3056
30181	30182	1.3350
30182	30183	1.3157
30183	30184	1.3197
30184	30185	1.3561
30185	30186	1.3355
30186	30187	1.3295
30187	30188	1.3060
30188	30189	1.3290
30189	30190	1.3389
30190	30191	1.3794
30191	30192	1.3701
30192	30193	1.3711
30193	30194	1.3600
30194	30195	1.3691
30195	30196	1.3990
30196	30197	1.4664
30197	30198	1.3971
30198	30199	1.4276
30199	30200	1.3770
30200	30201	1.3696
30201	30202	1.3917
30202	30203	1.4159
30203	30204	1.4242
30204	30205	1.3915
30205	30206	1.3830
30206	30207	1.3686
30207	30208	1.3983
30208	30209	1.4186
30209	30210	1.4481
30210	30211	1.4339
30211	30212	1.4643
30212	30213	1.4850
30213	30214	1.4729
30214	30215	1.4726
30215	30216	1.4786
30216	30217	1.4947
30217	30218	1.4663
30218	30219	1.4801
30219	30220	1.4926
30220	30221	1.5062
30221	30222	1.4787
30222	30223	1.4492
30223	30224	1.4579
30224	30225	1.4598
30225	30226	1.4454
30226	30227	1.4226
30227	30228	1.3638
30228	30229	1.4024
30229	30230	1.3676
30230	30231	1.3987
30231	30232	1.4356
30232	30233	1.4451
30233	30234	1.4208
30234	30235	1.3861
30235	30236	1.3981
30236	30237	1.4248
30237	30238	1.3896
30238	30239	1.3880
30239	30240	1.3370
30240	30241	1.3360
30241	30242	1.3566
30242	30243	1.3526
30243	30244	1.3455
30244	30245	1.3204
30245	30246	1.3156
30246	30247	1.3454
30247	30248	1.3668
30248	30249	1.3433
30249	30250	1.3397
30250	30251	1.2720
30251	30252	1.3253
30252	30253	1.3125
30253	30254	1.3573
30254	30255	1.3909
30255	30256	1.4003
30256	30257	1.3651
30257	30258	1.3879
30258	30259	1.3732
30259	30260	1.3937
30260	30261	1.3960
30261	30262	1.3838
30262	30263	1.3971
30263	30264	1.3792
30264	30265	1.3604
30265	30266	1.3607
30266	30267	1.4111
30267	30268	1.3732
30268	30269	1.4028
30269	30270	1.4043
30270	30271	1.3824
30271	30272	1.3586
30272	30273	1.3495
30273	30274	1.3559
30274	30275	1.3519
30275	30276	1.3298
30276	30277	1.3394
30277	30278	1.3592
30278	30279	1.4017
30279	30280	1.4134
30280	30281	1.4206
30281	30282	1.4385
30282	30283	1.3959
30283	30284	1.4310
30284	30285	1.4131
30285	30286	1.4392
30286	30287	1.4103
30287	30288	1.4292
30288	30289	1.4137
30289	30290	1.4054
30290	30291	1.4343
30291	30292	1.4195
30292	30293	1.4234
30293	30294	1.4539
30294	30295	1.4135
30295	30296	1.4121
30296	30297	1.3725
30297	30298	1.3926
30298	30299	1.3868
30299	30300	1.3924
30300	30301	1.3736
30301	30302	1.3539
30302	30303	1.3451
30303	30304	1.3980
30304	30305	1.3699
30305	30306	1.4041
30306	30307	1.4443
30307	30308	1.4330
30308	30309	1.4184
30309	30310	1.4302
30310	30311	1.4223
30311	30312	1.4421
30312	30313	1.4144
30313	30314	1.4229
30314	30315	1.4315
30315	30316	1.4501
30316	30317	1.4312
30317	30318	1.4898
30318	30319	1.4596
30319	30320	1.4260
30320	30321	1.4486
30321	30322	1.5179
30322	30323	1.5082
30323	30324	1.5287
30324	30325	1.5047
30325	30326	1.4553
30326	30327	1.4699
30327	30328	1.4858
30328	30329	1.4850
30329	30330	1.4774
30330	30331	1.4635
30331	30332	1.4480
30332	30333	1.4676
30333	30334	1.5170
30334	30335	1.5209
30335	30336	1.5470
30336	30337	1.5224
30337	30338	1.5466
30338	30339	1.5277
30339	30340	1.5099
30340	30341	1.4841
30341	30342	1.4499
30342	30343	1.4506
30343	30344	1.4505
30344	30345	1.4640
30345	30346	1.4200
30346	30347	1.3858
30347	30348	1.4068
30348	30349	1.4159
30349	30350	1.3856
30350	30351	1.3859
30351	30352	1.3785
30352	30353	1.3399
30353	30354	1.3651
30354	30355	1.3247
30355	30356	1.3303
30356	30357	1.3419
30357	30358	1.3423
30358	30359	1.3539
30359	30360	1.3357
30360	30361	1.3722
30361	30362	1.3295
30362	30363	1.3406
30363	30364	1.2731
30364	30365	1.2467
30365	30366	1.2302
30366	30367	1.2487
30367	30368	1.2288
30368	30369	1.2376
30369	30370	1.2427
30370	30371	1.2400
30371	30372	1.2294
30372	30373	1.2590
30373	30374	1.2864
30374	30375	1.2630
30375	30376	1.2810
30376	30377	1.3211
30377	30378	1.3114
30378	30379	1.3034
30379	30380	1.3431
30380	30381	1.3657
30381	30382	1.3474
30382	30383	1.3010
30383	30384	1.3442
30384	30385	1.3374
30385	30386	1.3491
30386	30387	1.3455
30387	30388	1.3425
30388	30389	1.3502
30389	30390	1.3321
30390	30391	1.3686
30391	30392	1.3406
30392	30393	1.3241
30393	30394	1.2805
30394	30395	1.3216
30395	30396	1.2858
30396	30397	1.2730
30397	30398	1.2508
30398	30399	1.2057
30399	30400	1.2391
30400	30401	1.2311
30401	30402	1.2356
30402	30403	1.2539
30403	30404	1.2610
30404	30405	1.2443
30405	30406	1.2904
30406	30407	1.2878
30407	30408	1.2531
30408	30409	1.2727
30409	30410	1.3129
30410	30411	1.2782
30411	30412	1.2535
30412	30413	1.2543
30413	30414	1.3043
30414	30415	1.3022
30415	30416	1.2907
30416	30417	1.3534
30417	30418	1.3344
30418	30419	1.3134
30419	30420	1.3154
30420	30421	1.3261
30421	30422	1.3010
30422	30423	1.2596
30423	30424	1.2950
30424	30425	1.2873
30425	30426	1.3318
30426	30427	1.3046
30427	30428	1.2514
30428	30429	1.2520
30429	30430	1.2309
30430	30431	1.2022
30431	30432	1.2254
30432	30433	1.2595
30433	30434	1.3052
30434	30435	1.3052
30435	30436	1.3037
30436	30437	1.2691
30437	30438	1.3127
30438	30439	1.3483
30439	30440	1.3773
30440	30441	1.3695
30441	30442	1.4155
30442	30443	1.4386
30443	30444	1.4453
30444	30445	1.4078
30445	30446	1.3873
30446	30447	1.4297
30447	30448	1.4047
30448	30449	1.4042
30449	30450	1.4126
30450	30451	1.4370
30451	30452	1.4209
30452	30453	1.3908
30453	30454	1.3643
30454	30455	1.3617
30455	30456	1.3379
30456	30457	1.3383
30457	30458	1.3538
30458	30459	1.3190
30459	30460	1.3354
30460	30461	1.2916
30461	30462	1.2847
30462	30463	1.3050
30463	30464	1.3151
30464	30465	1.2999
30465	30466	1.2948
30466	30467	1.2782
30467	30468	1.3029
30468	30469	1.3281
30469	30470	1.3106
30470	30471	1.3128
30471	30472	1.3099
30472	30473	1.2601
30473	30474	1.2811
30474	30475	1.3264
30475	30476	1.2936
30476	30477	1.2901
30477	30478	1.3062
30478	30479	1.3171
30479	30480	1.3085
30480	30481	1.2838
30481	30482	1.3137
30482	30483	1.3156
30483	30484	1.3085
30484	30485	1.2809
30485	30486	1.2880
30486	30487	1.2988
30487	30488	1.3317
30488	30489	1.3305
30489	30490	1.3413
30490	30491	1.3109
30491	30492	1.3433
30492	30493	1.3756
30493	30494	1.3786
30494	30495	1.3540
30495	30496	1.3118
30496	30497	1.3010
30497	30498	1.3078
30498	30499	1.2905
30499	30500	1.2912
30500	30501	1.3594
30501	30502	1.3403
30502	30503	1.2666
30503	30504	1.2936
30504	30505	1.2771
30505	30506	1.2742
30506	30507	1.2741
30507	30508	1.3289
30508	30509	1.3416
30509	30510	1.3042
30510	30511	1.3149
30511	30512	1.3351
30512	30513	1.3440
30513	30514	1.3747
30514	30515	1.3515
30515	30516	1.3460
30516	30517	1.3360
30517	30518	1.3507
30518	30519	1.3270
30519	30520	1.3164
30520	30521	1.3415
30521	30522	1.3357
30522	30523	1.3150
30523	30524	1.3377
30524	30525	1.3248
30525	30526	1.3268
30526	30527	1.3570
30527	30528	1.3505
30528	30529	1.3129
30529	30530	1.3335
30530	30531	1.3049
30531	30532	1.3035
30532	30533	1.2621
30533	30534	1.3024
30534	30535	1.3117
30535	30536	1.2412
30536	30537	1.2996
30537	30538	1.2995
30538	30539	1.2782
30539	30540	1.2762
30540	30541	1.2433
30541	30542	1.2151
30542	30543	1.2469
30543	30544	1.2184
30544	30545	1.2424
30545	30546	1.2396
30546	30547	1.1843
30547	30548	1.2308
30548	30549	1.2567
30549	30550	1.2413
30550	30551	1.2311
30551	30552	1.2333
30552	30553	1.2502
30553	30554	1.2381
30554	30555	1.2195
30555	30556	1.2585
30556	30557	1.2501
30557	30558	1.2429
30558	30559	1.2617
30559	30560	1.2985
30560	30561	1.2910
30561	30562	1.2534
30562	30563	1.2719
30563	30564	1.2729
30564	30565	1.2167
30565	30566	1.2315
30566	30567	1.2725
30567	30568	1.2491
30568	30569	1.2611
30569	30570	1.2444
30570	30571	1.2391
30571	30572	1.2314
30572	30573	1.2604
30573	30574	1.2923
30574	30575	1.2794
30575	30576	1.2753
30576	30577	1.2776
30577	30578	1.2930
30578	30579	1.3143
30579	30580	1.2868
30580	30581	1.3330
30581	30582	1.3128
30582	30583	1.2624
30583	30584	1.2687
30584	30585	1.2653
30585	30586	1.2466
30586	30587	1.2536
30587	30588	1.2719
30588	30589	1.2556
30589	30590	1.2680
30590	30591	1.3075
30591	30592	1.3126
30592	30593	1.2398
30593	30594	1.2324
30594	30595	1.2453
30595	30596	1.2979
30596	30597	1.2727
30597	30598	1.2432
30598	30599	1.2102
30599	30600	1.2326
30600	30601	1.2634
30601	30602	1.2558
30602	30603	1.2368
30603	30604	1.2351
30604	30605	1.2296
30605	30606	1.2379
30606	30607	1.2160
30607	30608	1.2213
30608	30609	1.1970
30609	30610	1.2166
30610	30611	1.1800
30611	30612	1.2045
30612	30613	1.2045
30613	30614	1.2159
30614	30615	1.2400
30615	30616	1.2720
30616	30617	1.2413
30617	30618	1.2459
30618	30619	1.2655
30619	30620	1.2618
30620	30621	1.2468
30621	30622	1.2486
30622	30623	1.2331
30623	30624	1.1992
30624	30625	1.2144
30625	30626	1.2229
30626	30627	1.2052
30627	30628	1.1881
30628	30629	1.2451
30629	30630	1.2315
30630	30631	1.2335
30631	30632	1.2443
30632	30633	1.2908
30633	30634	1.3002
30634	30635	1.2977
30635	30636	1.3242
30636	30637	1.3042
30637	30638	1.2708
30638	30639	1.2860
30639	30640	1.2587
30640	30641	1.2572
30641	30642	1.2287
30642	30643	1.2563
30643	30644	1.2199
30644	30645	1.2309
30645	30646	1.2336
30646	30647	1.2312
30647	30648	1.2674
30648	30649	1.2647
30649	30650	1.2941
30650	30651	1.2647
30651	30652	1.2426
30652	30653	1.2386
30653	30654	1.2573
30654	30655	1.2565
30655	30656	1.2268
30656	30657	1.2337
30657	30658	1.2594
30658	30659	1.2386
30659	30660	1.2422
30660	30661	1.2440
30661	30662	1.2498
30662	30663	1.2595
30663	30664	1.2151
30664	30665	1.2195
30665	30666	1.2079
30666	30667	1.1441
30667	30668	1.1699
30668	30669	1.2235
30669	30670	1.2139
30670	30671	1.2281
30671	30672	1.2197
30672	30673	1.2054
30673	30674	1.1896
30674	30675	1.2085
30675	30676	1.2150
30676	30677	1.2282
30677	30678	1.2412
30678	30679	1.2373
30679	30680	1.2248
30680	30681	1.2114
30681	30682	1.2212
30682	30683	1.2114
30683	30684	1.1995
30684	30685	1.2153
30685	30686	1.1915
30686	30687	1.1739
30687	30688	1.1718
30688	30689	1.1611
30689	30690	1.2217
30690	30691	1.2232
30691	30692	1.2171
30692	30693	1.1953
30693	30694	1.1686
30694	30695	1.2026
30695	30696	1.2032
30696	30697	1.1905
30697	30698	1.1879
30698	30699	1.1830
30699	30700	1.1898
30700	30701	1.1624
30701	30702	1.1877
30702	30703	1.2030
30703	30704	1.1615
30704	30705	1.1847
30705	30706	1.2114
30706	30707	1.2080
30707	30708	1.2137
30708	30709	1.2023
30709	30710	1.2157
30710	30711	1.2510
30711	30712	1.2493
30712	30713	1.2882
30713	30714	1.3119
30714	30715	1.3054
30715	30716	1.2877
30716	30717	1.2925
30717	30718	1.2350
30718	30719	1.2719
30719	30720	1.2400
30720	30721	1.2521
30721	30722	1.2660
30722	30723	1.2260
30723	30724	1.2131
30724	30725	1.2460
30725	30726	1.2232
30726	30727	1.2550
30727	30728	1.1890
30728	30729	1.1971
30729	30730	1.2133
30730	30731	1.2810
30731	30732	1.2642
30732	30733	1.2711
30733	30734	1.2670
30734	30735	1.1942
30735	30736	1.2266
30736	30737	1.2287
30737	30738	1.2492
30738	30739	1.2724
30739	30740	1.2124
30740	30741	1.2482
30741	30742	1.2243
30742	30743	1.1769
30743	30744	1.1896
30744	30745	1.1822
30745	30746	1.2323
30746	30747	1.2190
30747	30748	1.2082
30748	30749	1.1841
30749	30750	1.2282
30750	30751	1.2109
30751	30752	1.2321
30752	30753	1.1801
30753	30754	1.1425
30754	30755	1.1805
30755	30756	1.1746
30756	30757	1.1453
30757	30758	1.1737
30758	30759	1.1646
30759	30760	1.1366
30760	30761	1.1088
30761	30762	1.1347
30762	30763	1.1624
30763	30764	1.1700
30764	30765	1.1964
30765	30766	1.1734
30766	30767	1.1646
30767	30768	1.2167
30768	30769	1.2251
30769	30770	1.1812
30770	30771	1.1710
30771	30772	1.1547
30772	30773	1.1711
30773	30774	1.1777
30774	30775	1.1598
30775	30776	1.1438
30776	30777	1.1508
30777	30778	1.1716
30778	30779	1.1671
30779	30780	1.1722
30780	30781	1.2260
30781	30782	1.2131
30782	30783	1.1984
30783	30784	1.2050
30784	30785	1.1760
30785	30786	1.2311
30786	30787	1.2678
30787	30788	1.3243
30788	30789	1.2967
30789	30790	1.3111
30790	30791	1.2948
30791	30792	1.2966
30792	30793	1.3547
30793	30794	1.3704
30794	30795	1.3767
30795	30796	1.3557
30796	30797	1.4147
30797	30798	1.4288
30798	30799	1.3860
30799	30800	1.3825
30800	30801	1.4155
30801	30802	1.3692
30802	30803	1.3708
30803	30804	1.3651
30804	30805	1.3878
30805	30806	1.3752
30806	30807	1.3729
30807	30808	1.3937
30808	30809	1.3850
30809	30810	1.3508
30810	30811	1.3601
30811	30812	1.3762
30812	30813	1.3879
30813	30814	1.3732
30814	30815	1.3729
30815	30816	1.4046
30816	30817	1.3792
30817	30818	1.4037
30818	30819	1.3115
30819	30820	1.3377
30820	30821	1.3611
30821	30822	1.3468
30822	30823	1.3264
30823	30824	1.3226
30824	30825	1.3041
30825	30826	1.3161
30826	30827	1.3186
30827	30828	1.3340
30828	30829	1.3177
30829	30830	1.3411
30830	30831	1.3527
30831	30832	1.3187
30832	30833	1.3713
30833	30834	1.4137
30834	30835	1.4393
30835	30836	1.4116
30836	30837	1.4045
30837	30838	1.4252
30838	30839	1.4055
30839	30840	1.4463
30840	30841	1.3990
30841	30842	1.3608
30842	30843	1.3925
30843	30844	1.3937
30844	30845	1.3792
30845	30846	1.4156
30846	30847	1.4318
30847	30848	1.4690
30848	30849	1.4355
30849	30850	1.4202
30850	30851	1.4395
30851	30852	1.3819
30852	30853	1.4278
30853	30854	1.3960
30854	30855	1.3932
30855	30856	1.3639
30856	30857	1.4069
30857	30858	1.3877
30858	30859	1.4106
30859	30860	1.3729
30860	30861	1.3757
30861	30862	1.3751
30862	30863	1.3581
30863	30864	1.3336
30864	30865	1.3136
30865	30866	1.2673
30866	30867	1.2813
30867	30868	1.2826
30868	30869	1.2737
30869	30870	1.2903
30870	30871	1.2727
30871	30872	1.2900
30872	30873	1.2914
30873	30874	1.2746
30874	30875	1.2126
30875	30876	1.2709
30876	30877	1.2411
30877	30878	1.2439
30878	30879	1.2019
30879	30880	1.2242
30880	30881	1.2303
30881	30882	1.2758
30882	30883	1.3048
30883	30884	1.2824
30884	30885	1.2538
30885	30886	1.2700
30886	30887	1.2794
30887	30888	1.2748
30888	30889	1.2650
30889	30890	1.2454
30890	30891	1.2347
30891	30892	1.2605
30892	30893	1.2413
30893	30894	1.2873
30894	30895	1.3095
30895	30896	1.3426
30896	30897	1.3395
30897	30898	1.3646
30898	30899	1.3750
30899	30900	1.2653
30900	30901	1.2708
30901	30902	1.2628
30902	30903	1.2405
30903	30904	1.2302
30904	30905	1.2258
30905	30906	1.2339
30906	30907	1.2133
30907	30908	1.2166
30908	30909	1.1928
30909	30910	1.2172
30910	30911	1.2229
30911	30912	1.1909
30912	30913	1.1970
30913	30914	1.2169
30914	30915	1.2206
30915	30916	1.2310
30916	30917	1.2458
30917	30918	1.2261
30918	30919	1.2299
30919	30920	1.2231
30920	30921	1.1961
30921	30922	1.1651
30922	30923	1.1522
30923	30924	1.1817
30924	30925	1.1716
30925	30926	1.2256
30926	30927	1.2389
30927	30928	1.2186
30928	30929	1.2160
30929	30930	1.2371
30930	30931	1.2746
30931	30932	1.2918
30932	30933	1.2917
30933	30934	1.2762
30934	30935	1.2464
30935	30936	1.2563
30936	30937	1.2827
30937	30938	1.2791
30938	30939	1.2428
30939	30940	1.2777
30940	30941	1.2602
30941	30942	1.2114
30942	30943	1.2298
30943	30944	1.2858
30944	30945	1.2403
30945	30946	1.2646
30946	30947	1.2966
30947	30948	1.2572
30948	30949	1.2488
30949	30950	1.3269
30950	30951	1.3476
30951	30952	1.2949
30952	30953	1.2795
30953	30954	1.2834
30954	30955	1.2917
30955	30956	1.2030
30956	30957	1.2808
30957	30958	1.2518
30958	30959	1.2555
30959	30960	1.2225
30960	30961	1.2361
30961	30962	1.2731
30962	30963	1.2658
30963	30964	1.2410
30964	30965	1.2703
30965	30966	1.3092
30966	30967	1.3585
30967	30968	1.3575
30968	30969	1.3630
30969	30970	1.3221
30970	30971	1.3723
30971	30972	1.3268
30972	30973	1.3382
30973	30974	1.3516
30974	30975	1.3681
30975	30976	1.3507
30976	30977	1.3457
30977	30978	1.3199
30978	30979	1.3328
30979	30980	1.3141
30980	30981	1.3285
30981	30982	1.3049
30982	30983	1.3112
30983	30984	1.2652
30984	30985	1.2915
30985	30986	1.3101
30986	30987	1.2923
30987	30988	1.3149
30988	30989	1.2810
30989	30990	1.2818
30990	30991	1.2974
30991	30992	1.3295
30992	30993	1.3146
30993	30994	1.3042
30994	30995	1.2798
30995	30996	1.2809
30996	30997	1.2204
30997	30998	1.2077
30998	30999	1.2387
30999	31000	1.2079
31000	31001	1.2132
31001	31002	1.2472
31002	31003	1.2135
31003	31004	1.2697
31004	31005	1.2667
31005	31006	1.2549
31006	31007	1.2611
31007	31008	1.2812
31008	31009	1.2724
31009	31010	1.2487
31010	31011	1.2622
31011	31012	1.2442
31012	31013	1.2539
31013	31014	1.1928
31014	31015	1.1925
31015	31016	1.2006
31016	31017	1.2083
31017	31018	1.2379
31018	31019	1.2625
31019	31020	1.2455
31020	31021	1.2360
31021	31022	1.2609
31022	31023	1.2761
31023	31024	1.2905
31024	31025	1.3054
31025	31026	1.2989
31026	31027	1.3062
31027	31028	1.3068
31028	31029	1.2952
31029	31030	1.3131
31030	31031	1.2708
31031	31032	1.2811
31032	31033	1.2841
31033	31034	1.2727
31034	31035	1.3621
31035	31036	1.3419
31036	31037	1.2946
31037	31038	1.2900
31038	31039	1.2964
31039	31040	1.2988
31040	31041	1.2833
31041	31042	1.2965
31042	31043	1.3494
31043	31044	1.3545
31044	31045	1.3410
31045	31046	1.3313
31046	31047	1.2890
31047	31048	1.3179
31048	31049	1.3316
31049	31050	1.3242
31050	31051	1.2972
31051	31052	1.3218
31052	31053	1.3022
31053	31054	1.2799
31054	31055	1.3234
31055	31056	1.2850
31056	31057	1.2863
31057	31058	1.2932
31058	31059	1.3026
31059	31060	1.3183
31060	31061	1.3078
31061	31062	1.2773
31062	31063	1.2595
31063	31064	1.2300
31064	31065	1.2500
31065	31066	1.2956
31066	31067	1.2665
31067	31068	1.2953
31068	31069	1.2880
31069	31070	1.2958
31070	31071	1.3082
31071	31072	1.3062
31072	31073	1.2984
31073	31074	1.3066
31074	31075	1.2901
31075	31076	1.2702
31076	31077	1.2616
31077	31078	1.2818
31078	31079	1.2519
31079	31080	1.2523
31080	31081	1.2323
31081	31082	1.2536
31082	31083	1.2446
31083	31084	1.2559
31084	31085	1.2729
31085	31086	1.2370
31086	31087	1.2764
31087	31088	1.2248
31088	31089	1.2160
31089	31090	1.2143
31090	31091	1.2438
31091	31092	1.2574
31092	31093	1.2714
31093	31094	1.2555
31094	31095	1.1861
31095	31096	1.2101
31096	31097	1.2219
31097	31098	1.1932
31098	31099	1.2144
31099	31100	1.2474
31100	31101	1.2588
31101	31102	1.2811
31102	31103	1.2408
31103	31104	1.2677
31104	31105	1.2428
31105	31106	1.2455
31106	31107	1.2573
31107	31108	1.2285
31108	31109	1.2641
31109	31110	1.2750
31110	31111	1.2590
31111	31112	1.2777
31112	31113	1.2549
31113	31114	1.2703
31114	31115	1.3285
31115	31116	1.3482
31116	31117	1.3221
31117	31118	1.3232
31118	31119	1.2743
31119	31120	1.3114
31120	31121	1.3149
31121	31122	1.2901
31122	31123	1.3113
31123	31124	1.3088
31124	31125	1.2900
31125	31126	1.2910
31126	31127	1.3184
31127	31128	1.2961
31128	31129	1.3108
31129	31130	1.2767
31130	31131	1.2897
31131	31132	1.2702
31132	31133	1.2849
31133	31134	1.2683
31134	31135	1.2933
31135	31136	1.3046
31136	31137	1.3061
31137	31138	1.3395
31138	31139	1.2931
31139	31140	1.3435
31140	31141	1.3218
31141	31142	1.3436
31142	31143	1.3005
31143	31144	1.2886
31144	31145	1.3055
31145	31146	1.3435
31146	31147	1.3150
31147	31148	1.3394
31148	31149	1.3406
31149	31150	1.3644
31150	31151	1.3510
31151	31152	1.3504
31152	31153	1.3473
31153	31154	1.2950
31154	31155	1.3245
31155	31156	1.3304
31156	31157	1.3285
31157	31158	1.3066
31158	31159	1.3669
31159	31160	1.3331
31160	31161	1.3437
31161	31162	1.3541
31162	31163	1.3380
31163	31164	1.3386
31164	31165	1.2964
31165	31166	1.3328
31166	31167	1.2804
31167	31168	1.2747
31168	31169	1.3295
31169	31170	1.2494
31170	31171	1.2427
31171	31172	1.2717
31172	31173	1.2881
31173	31174	1.2904
31174	31175	1.2422
31175	31176	1.2503
31176	31177	1.2871
31177	31178	1.2579
31178	31179	1.2403
31179	31180	1.2567
31180	31181	1.2478
31181	31182	1.2358
31182	31183	1.2356
31183	31184	1.2720
31184	31185	1.2720
31185	31186	1.3063
31186	31187	1.3493
31187	31188	1.2971
31188	31189	1.2880
31189	31190	1.2993
31190	31191	1.2861
31191	31192	1.3258
31192	31193	1.3312
31193	31194	1.2903
31194	31195	1.2969
31195	31196	1.2158
31196	31197	1.2532
31197	31198	1.2182
31198	31199	1.2282
31199	31200	1.2418
31200	31201	1.2386
31201	31202	1.2329
31202	31203	1.2391
31203	31204	1.2400
31204	31205	1.2044
31205	31206	1.2118
31206	31207	1.2055
31207	31208	1.2230
31208	31209	1.1905
31209	31210	1.2063
31210	31211	1.2046
31211	31212	1.2384
31212	31213	1.2341
31213	31214	1.2164
31214	31215	1.1928
31215	31216	1.2220
31216	31217	1.2416
31217	31218	1.2631
31218	31219	1.2596
31219	31220	1.2430
31220	31221	1.2487
31221	31222	1.2688
31222	31223	1.2313
31223	31224	1.1842
31224	31225	1.2641
31225	31226	1.2390
31226	31227	1.2438
31227	31228	1.2702
31228	31229	1.2584
31229	31230	1.2321
31230	31231	1.2505
31231	31232	1.2432
31232	31233	1.2925
31233	31234	1.2799
31234	31235	1.2365
31235	31236	1.2208
31236	31237	1.2884
31237	31238	1.2566
31238	31239	1.2322
31239	31240	1.2524
31240	31241	1.2428
31241	31242	1.2663
31242	31243	1.2634
31243	31244	1.2761
31244	31245	1.2832
31245	31246	1.2735
31246	31247	1.2595
31247	31248	1.2754
31248	31249	1.3184
31249	31250	1.3047
31250	31251	1.2665
31251	31252	1.2964
31252	31253	1.3116
31253	31254	1.3444
31254	31255	1.3134
31255	31256	1.3907
31256	31257	1.3567
31257	31258	1.3430
31258	31259	1.3450
31259	31260	1.3778
31260	31261	1.4094
31261	31262	1.3526
31262	31263	1.3531
31263	31264	1.3204
31264	31265	1.3218
31265	31266	1.3571
31266	31267	1.3347
31267	31268	1.2869
31268	31269	1.3241
31269	31270	1.3358
31270	31271	1.3460
31271	31272	1.3747
31272	31273	1.3680
31273	31274	1.3406
31274	31275	1.3439
31275	31276	1.3501
31276	31277	1.3366
31277	31278	1.3064
31278	31279	1.3773
31279	31280	1.3429
31280	31281	1.3317
31281	31282	1.3310
31282	31283	1.3546
31283	31284	1.3472
31284	31285	1.3203
31285	31286	1.3442
31286	31287	1.3239
31287	31288	1.3452
31288	31289	1.4025
31289	31290	1.3795
31290	31291	1.3645
31291	31292	1.3663
31292	31293	1.3375
31293	31294	1.3409
31294	31295	1.3367
31295	31296	1.3410
31296	31297	1.3520
31297	31298	1.3711
31298	31299	1.3373
31299	31300	1.3620
31300	31301	1.3553
31301	31302	1.3805
31302	31303	1.3819
31303	31304	1.4005
31304	31305	1.3380
31305	31306	1.3639
31306	31307	1.3540
31307	31308	1.3618
31308	31309	1.3862
31309	31310	1.4015
31310	31311	1.4489
31311	31312	1.4026
31312	31313	1.3833
31313	31314	1.3771
31314	31315	1.3966
31315	31316	1.4179
31316	31317	1.4495
31317	31318	1.4572
31318	31319	1.4406
31319	31320	1.4431
31320	31321	1.4206
31321	31322	1.4181
31322	31323	1.3987
31323	31324	1.4120
31324	31325	1.4109
31325	31326	1.4223
31326	31327	1.4030
31327	31328	1.4495
31328	31329	1.4220
31329	31330	1.4228
31330	31331	1.4233
31331	31332	1.4290
31332	31333	1.3632
31333	31334	1.3627
31334	31335	1.3772
31335	31336	1.3848
31336	31337	1.4244
31337	31338	1.4112
31338	31339	1.4142
31339	31340	1.3828
31340	31341	1.3593
31341	31342	1.3366
31342	31343	1.3710
31343	31344	1.3471
31344	31345	1.3653
31345	31346	1.3705
31346	31347	1.3555
31347	31348	1.3367
31348	31349	1.3138
31349	31350	1.3742
31350	31351	1.3404
31351	31352	1.3606
31352	31353	1.3339
31353	31354	1.3694
31354	31355	1.3789
31355	31356	1.3917
31356	31357	1.3531
31357	31358	1.3736
31358	31359	1.3823
31359	31360	1.3796
31360	31361	1.3731
31361	31362	1.3642
31362	31363	1.3422
31363	31364	1.3811
31364	31365	1.3684
31365	31366	1.3615
31366	31367	1.3784
31367	31368	1.4006
31368	31369	1.3900
31369	31370	1.3201
31370	31371	1.3747
31371	31372	1.3419
31372	31373	1.3485
31373	31374	1.3365
31374	31375	1.3512
31375	31376	1.3665
31376	31377	1.4059
31377	31378	1.4343
31378	31379	1.4425
31379	31380	1.4536
31380	31381	1.4614
31381	31382	1.4670
31382	31383	1.4451
31383	31384	1.4215
31384	31385	1.4515
31385	31386	1.4511
31386	31387	1.4263
31387	31388	1.3892
31388	31389	1.4155
31389	31390	1.4400
31390	31391	1.4107
31391	31392	1.4376
31392	31393	1.4662
31393	31394	1.5193
31394	31395	1.4198
31395	31396	1.4383
31396	31397	1.4389
31397	31398	1.4378
31398	31399	1.4281
31399	31400	1.4427
31400	31401	1.4466
31401	31402	1.4295
31402	31403	1.4609
31403	31404	1.4892
31404	31405	1.4374
31405	31406	1.4300
31406	31407	1.4433
31407	31408	1.4126
31408	31409	1.3714
31409	31410	1.3714
31410	31411	1.3657
31411	31412	1.3692
31412	31413	1.3889
31413	31414	1.3500
31414	31415	1.3641
31415	31416	1.3665
31416	31417	1.3303
31417	31418	1.3669
31418	31419	1.3576
31419	31420	1.3189
31420	31421	1.3388
31421	31422	1.3407
31422	31423	1.2907
31423	31424	1.3147
31424	31425	1.3286
31425	31426	1.3307
31426	31427	1.3462
31427	31428	1.4048
31428	31429	1.3977
31429	31430	1.3593
31430	31431	1.3049
31431	31432	1.3280
31432	31433	1.3299
31433	31434	1.3176
31434	31435	1.3351
31435	31436	1.3621
31436	31437	1.3360
31437	31438	1.3141
31438	31439	1.3096
31439	31440	1.3274
31440	31441	1.3447
31441	31442	1.3807
31442	31443	1.3701
31443	31444	1.3717
31444	31445	1.4058
31445	31446	1.4095
31446	31447	1.3978
31447	31448	1.3634
31448	31449	1.3661
31449	31450	1.3650
31450	31451	1.3320
31451	31452	1.3555
31452	31453	1.3153
31453	31454	1.3197
31454	31455	1.3774
31455	31456	1.3156
31456	31457	1.3271
31457	31458	1.3245
31458	31459	1.3183
31459	31460	1.3239
31460	31461	1.3251
31461	31462	1.3351
31462	31463	1.3275
31463	31464	1.3634
31464	31465	1.3579
31465	31466	1.3709
31466	31467	1.3357
31467	31468	1.3468
31468	31469	1.3345
31469	31470	1.3734
31470	31471	1.3624
31471	31472	1.3924
31472	31473	1.4218
31473	31474	1.3954
31474	31475	1.3784
31475	31476	1.4273
31476	31477	1.3865
31477	31478	1.4003
31478	31479	1.3603
31479	31480	1.3633
31480	31481	1.3407
31481	31482	1.3492
31482	31483	1.3422
31483	31484	1.3823
31484	31485	1.3497
31485	31486	1.3498
31486	31487	1.3612
31487	31488	1.3119
31488	31489	1.2899
31489	31490	1.2895
31490	31491	1.3034
31491	31492	1.3190
31492	31493	1.3249
31493	31494	1.2896
31494	31495	1.2959
31495	31496	1.2444
31496	31497	1.2737
31497	31498	1.2497
31498	31499	1.2735
31499	31500	1.3507
31500	31501	1.3383
31501	31502	1.3018
31502	31503	1.3263
31503	31504	1.3105
31504	31505	1.3015
31505	31506	1.2698
31506	31507	1.2995
31507	31508	1.3198
31508	31509	1.2699
31509	31510	1.2871
31510	31511	1.2666
31511	31512	1.2558
31512	31513	1.2739
31513	31514	1.2644
31514	31515	1.2743
31515	31516	1.3173
31516	31517	1.2747
31517	31518	1.2840
31518	31519	1.2436
31519	31520	1.2459
31520	31521	1.2584
31521	31522	1.2484
31522	31523	1.2733
31523	31524	1.2771
31524	31525	1.2721
31525	31526	1.2672
31526	31527	1.2582
31527	31528	1.2168
31528	31529	1.2303
31529	31530	1.2880
31530	31531	1.2604
31531	31532	1.2407
31532	31533	1.2391
31533	31534	1.2644
31534	31535	1.2451
31535	31536	1.2403
31536	31537	1.2298
31537	31538	1.2521
31538	31539	1.2476
31539	31540	1.2437
31540	31541	1.2634
31541	31542	1.2886
31542	31543	1.2778
31543	31544	1.2852
31544	31545	1.3390
31545	31546	1.2876
31546	31547	1.2843
31547	31548	1.2827
31548	31549	1.2859
31549	31550	1.2468
31550	31551	1.2386
31551	31552	1.2798
31552	31553	1.2732
31553	31554	1.2596
31554	31555	1.2770
31555	31556	1.2648
31556	31557	1.2793
31557	31558	1.2728
31558	31559	1.2693
31559	31560	1.2224
31560	31561	1.2464
31561	31562	1.2707
31562	31563	1.2622
31563	31564	1.2512
31564	31565	1.2783
31565	31566	1.2538
31566	31567	1.2553
31567	31568	1.2460
31568	31569	1.2293
31569	31570	1.2273
31570	31571	1.2311
31571	31572	1.2423
31572	31573	1.2279
31573	31574	1.2476
31574	31575	1.2207
31575	31576	1.1920
31576	31577	1.2130
31577	31578	1.1886
31578	31579	1.2287
31579	31580	1.2571
31580	31581	1.2265
31581	31582	1.2293
31582	31583	1.2256
31583	31584	1.2034
31584	31585	1.2299
31585	31586	1.2477
31586	31587	1.2573
31587	31588	1.2644
31588	31589	1.2367
31589	31590	1.2124
31590	31591	1.2243
31591	31592	1.2344
31592	31593	1.2058
31593	31594	1.2181
31594	31595	1.2158
31595	31596	1.2650
31596	31597	1.2579
31597	31598	1.2303
31598	31599	1.2150
31599	31600	1.2433
31600	31601	1.2300
31601	31602	1.2578
31602	31603	1.2269
31603	31604	1.1982
31604	31605	1.2103
31605	31606	1.2436
31606	31607	1.2064
31607	31608	1.2126
31608	31609	1.2239
31609	31610	1.2100
31610	31611	1.1946
31611	31612	1.1772
31612	31613	1.1914
31613	31614	1.2164
31614	31615	1.1982
31615	31616	1.1992
31616	31617	1.1779
31617	31618	1.1499
31618	31619	1.1421
31619	31620	1.2150
31620	31621	1.1886
31621	31622	1.2039
31622	31623	1.2440
31623	31624	1.2229
31624	31625	1.2532
31625	31626	1.3080
31626	31627	1.2586
31627	31628	1.2904
31628	31629	1.2843
31629	31630	1.2835
31630	31631	1.2762
31631	31632	1.3008
31632	31633	1.2810
31633	31634	1.3256
31634	31635	1.2999
31635	31636	1.2831
31636	31637	1.2700
31637	31638	1.2993
31638	31639	1.3113
31639	31640	1.3179
31640	31641	1.3536
31641	31642	1.2962
31642	31643	1.2983
31643	31644	1.2881
31644	31645	1.3008
31645	31646	1.3106
31646	31647	1.2680
31647	31648	1.2492
31648	31649	1.2174
31649	31650	1.2627
31650	31651	1.2247
31651	31652	1.2268
31652	31653	1.2508
31653	31654	1.2456
31654	31655	1.2355
31655	31656	1.2532
31656	31657	1.2344
31657	31658	1.2364
31658	31659	1.2085
31659	31660	1.2330
31660	31661	1.2515
31661	31662	1.2902
31662	31663	1.2622
31663	31664	1.2692
31664	31665	1.2694
31665	31666	1.2897
31666	31667	1.3153
31667	31668	1.2916
31668	31669	1.2344
31669	31670	1.2391
31670	31671	1.2535
31671	31672	1.2979
31672	31673	1.3207
31673	31674	1.2851
31674	31675	1.3116
31675	31676	1.3061
31676	31677	1.3162
31677	31678	1.2991
31678	31679	1.3071
31679	31680	1.3073
31680	31681	1.3033
31681	31682	1.2510
31682	31683	1.2819
31683	31684	1.2722
31684	31685	1.2295
31685	31686	1.2493
31686	31687	1.2477
31687	31688	1.2725
31688	31689	1.2704
31689	31690	1.2145
31690	31691	1.1889
31691	31692	1.2279
31692	31693	1.2137
31693	31694	1.2174
31694	31695	1.2234
31695	31696	1.1914
31696	31697	1.2241
31697	31698	1.2685
31698	31699	1.2166
31699	31700	1.2188
31700	31701	1.2094
31701	31702	1.2044
31702	31703	1.1956
31703	31704	1.2153
31704	31705	1.1731
31705	31706	1.1654
31706	31707	1.1537
31707	31708	1.1654
31708	31709	1.1247
31709	31710	1.1567
31710	31711	1.1756
31711	31712	1.1824
31712	31713	1.2015
31713	31714	1.2186
31714	31715	1.2217
31715	31716	1.2174
31716	31717	1.1660
31717	31718	1.1531
31718	31719	1.1745
31719	31720	1.1448
31720	31721	1.1112
31721	31722	1.1353
31722	31723	1.1624
31723	31724	1.1772
31724	31725	1.1668
31725	31726	1.2213
31726	31727	1.1866
31727	31728	1.2332
31728	31729	1.2146
31729	31730	1.1739
31730	31731	1.1612
31731	31732	1.1424
31732	31733	1.1800
31733	31734	1.1877
31734	31735	1.1781
31735	31736	1.1803
31736	31737	1.1584
31737	31738	1.1753
31738	31739	1.1361
31739	31740	1.1242
31740	31741	1.1369
31741	31742	1.1128
31742	31743	1.0757
31743	31744	1.1273
31744	31745	1.0807
31745	31746	1.0970
31746	31747	1.0937
31747	31748	1.0709
31748	31749	1.1077
31749	31750	1.1086
31750	31751	1.1250
31751	31752	1.1238
31752	31753	1.0888
31753	31754	1.1023
31754	31755	1.1116
31755	31756	1.1320
31756	31757	1.1281
31757	31758	1.0948
31758	31759	1.0704
31759	31760	1.0831
31760	31761	1.1214
31761	31762	1.1138
31762	31763	1.1512
31763	31764	1.1438
31764	31765	1.1626
31765	31766	1.1348
31766	31767	1.1840
31767	31768	1.1534
31768	31769	1.1645
31769	31770	1.1952
31770	31771	1.2242
31771	31772	1.2116
31772	31773	1.2237
31773	31774	1.2054
31774	31775	1.2076
31775	31776	1.2383
31776	31777	1.2361
31777	31778	1.2492
31778	31779	1.2660
31779	31780	1.2320
31780	31781	1.2498
31781	31782	1.1572
31782	31783	1.1840
31783	31784	1.2021
31784	31785	1.1746
31785	31786	1.1680
31786	31787	1.1723
31787	31788	1.1762
31788	31789	1.2067
31789	31790	1.2003
31790	31791	1.1970
31791	31792	1.1588
31792	31793	1.1543
31793	31794	1.2034
31794	31795	1.1558
31795	31796	1.1394
31796	31797	1.1420
31797	31798	1.1538
31798	31799	1.1084
31799	31800	1.1089
31800	31801	1.1241
31801	31802	1.1482
31802	31803	1.1665
31803	31804	1.1636
31804	31805	1.1713
31805	31806	1.2519
31806	31807	1.2378
31807	31808	1.2477
31808	31809	1.2484
31809	31810	1.2383
31810	31811	1.2077
31811	31812	1.2478
31812	31813	1.2360
31813	31814	1.2258
31814	31815	1.2514
31815	31816	1.2221
31816	31817	1.2102
31817	31818	1.2399
31818	31819	1.2907
31819	31820	1.2453
31820	31821	1.2034
31821	31822	1.2279
31822	31823	1.2408
31823	31824	1.2006
31824	31825	1.2777
31825	31826	1.2758
31826	31827	1.2442
31827	31828	1.2408
31828	31829	1.2280
31829	31830	1.2562
31830	31831	1.2428
31831	31832	1.2480
31832	31833	1.2430
31833	31834	1.2448
31834	31835	1.2703
31835	31836	1.2545
31836	31837	1.2352
31837	31838	1.2141
31838	31839	1.1821
31839	31840	1.2112
31840	31841	1.2143
31841	31842	1.2365
31842	31843	1.1797
31843	31844	1.2144
31844	31845	1.2100
31845	31846	1.2059
31846	31847	1.2020
31847	31848	1.1687
31848	31849	1.1967
31849	31850	1.1445
31850	31851	1.0909
31851	31852	1.1442
31852	31853	1.1152
31853	31854	1.1434
31854	31855	1.1145
31855	31856	1.1245
31856	31857	1.1658
31857	31858	1.1692
31858	31859	1.1658
31859	31860	1.1838
31860	31861	1.1543
31861	31862	1.1450
31862	31863	1.1296
31863	31864	1.1772
31864	31865	1.1445
31865	31866	1.1753
31866	31867	1.1761
31867	31868	1.1494
31868	31869	1.1534
31869	31870	1.0947
31870	31871	1.1373
31871	31872	1.1190
31872	31873	1.1355
31873	31874	1.1550
31874	31875	1.1704
31875	31876	1.1533
31876	31877	1.1280
31877	31878	1.1271
31878	31879	1.1011
31879	31880	1.0691
31880	31881	1.0864
31881	31882	1.0679
31882	31883	1.0630
31883	31884	1.0980
31884	31885	1.0777
31885	31886	1.0909
31886	31887	1.0721
31887	31888	1.0946
31888	31889	1.1029
31889	31890	1.0993
31890	31891	1.1112
31891	31892	1.0998
31892	31893	1.1336
31893	31894	1.0911
31894	31895	1.0929
31895	31896	1.1380
31896	31897	1.1311
31897	31898	1.1144
31898	31899	1.1298
31899	31900	1.1262
31900	31901	1.1659
31901	31902	1.1406
31902	31903	1.1754
31903	31904	1.1846
31904	31905	1.1925
31905	31906	1.2262
31906	31907	1.1648
31907	31908	1.1689
31908	31909	1.1643
31909	31910	1.1687
31910	31911	1.1984
31911	31912	1.1917
31912	31913	1.2299
31913	31914	1.1846
31914	31915	1.2117
31915	31916	1.1759
31916	31917	1.1907
31917	31918	1.2179
31918	31919	1.1976
31919	31920	1.1864
31920	31921	1.1737
31921	31922	1.1811
31922	31923	1.1743
31923	31924	1.1608
31924	31925	1.1760
31925	31926	1.1764
31926	31927	1.2151
31927	31928	1.1988
31928	31929	1.2136
31929	31930	1.1985
31930	31931	1.1945
31931	31932	1.1863
31932	31933	1.1689
31933	31934	1.2180
31934	31935	1.1840
31935	31936	1.2696
31936	31937	1.2286
31937	31938	1.2287
31938	31939	1.1999
31939	31940	1.2110
31940	31941	1.2153
31941	31942	1.2045
31942	31943	1.2353
31943	31944	1.3012
31944	31945	1.2642
31945	31946	1.2613
31946	31947	1.2721
31947	31948	1.3101
31948	31949	1.2812
31949	31950	1.2512
31950	31951	1.2526
31951	31952	1.2541
31952	31953	1.2746
31953	31954	1.3037
31954	31955	1.3087
31955	31956	1.2967
31956	31957	1.2762
31957	31958	1.2307
31958	31959	1.2441
31959	31960	1.2711
31960	31961	1.2624
31961	31962	1.2562
31962	31963	1.2609
31963	31964	1.2322
31964	31965	1.2245
31965	31966	1.2502
31966	31967	1.2503
31967	31968	1.2640
31968	31969	1.2736
31969	31970	1.3187
31970	31971	1.3216
31971	31972	1.3202
31972	31973	1.3030
31973	31974	1.3122
31974	31975	1.3074
31975	31976	1.3187
31976	31977	1.3249
31977	31978	1.3343
31978	31979	1.3184
31979	31980	1.3161
31980	31981	1.2813
31981	31982	1.2787
31982	31983	1.2758
31983	31984	1.2721
31984	31985	1.3299
31985	31986	1.3446
31986	31987	1.3141
31987	31988	1.3526
31988	31989	1.3431
31989	31990	1.3211
31990	31991	1.3093
31991	31992	1.3080
31992	31993	1.2974
31993	31994	1.2873
31994	31995	1.2628
31995	31996	1.2989
31996	31997	1.3354
31997	31998	1.3157
31998	31999	1.3059
31999	32000	1.3024
32000	32001	1.3284
32001	32002	1.3417
32002	32003	1.3160
32003	32004	1.3319
32004	32005	1.3447
32005	32006	1.3149
32006	32007	1.2917
32007	32008	1.3289
32008	32009	1.3071
32009	32010	1.2898
32010	32011	1.2364
32011	32012	1.2094
32012	32013	1.2151
32013	32014	1.1765
32014	32015	1.1906
32015	32016	1.1823
32016	32017	1.2001
32017	32018	1.1811
32018	32019	1.2105
32019	32020	1.1939
32020	32021	1.2373
32021	32022	1.2276
32022	32023	1.2715
32023	32024	1.2264
32024	32025	1.2430
32025	32026	1.2500
32026	32027	1.2584
32027	32028	1.2678
32028	32029	1.2488
32029	32030	1.2880
32030	32031	1.2633
32031	32032	1.2661
32032	32033	1.2584
32033	32034	1.3003
32034	32035	1.3133
32035	32036	1.2943
32036	32037	1.3017
32037	32038	1.3342
32038	32039	1.3379
32039	32040	1.3432
32040	32041	1.3373
32041	32042	1.3517
32042	32043	1.3754
32043	32044	1.3286
32044	32045	1.3239
32045	32046	1.3322
32046	32047	1.3366
32047	32048	1.3519
32048	32049	1.3624
32049	32050	1.3685
32050	32051	1.3940
32051	32052	1.3891
32052	32053	1.3488
32053	32054	1.3368
32054	32055	1.3414
32055	32056	1.3079
32056	32057	1.3213
32057	32058	1.3102
32058	32059	1.3292
32059	32060	1.2876
32060	32061	1.2838
32061	32062	1.2830
32062	32063	1.2855
32063	32064	1.2774
32064	32065	1.3043
32065	32066	1.2891
32066	32067	1.3007
32067	32068	1.2683
32068	32069	1.2527
32069	32070	1.2504
32070	32071	1.2100
32071	32072	1.2301
32072	32073	1.2569
32073	32074	1.2764
32074	32075	1.2786
32075	32076	1.2775
32076	32077	1.2323
32077	32078	1.2430
32078	32079	1.2737
32079	32080	1.2644
32080	32081	1.2296
32081	32082	1.2413
32082	32083	1.2623
32083	32084	1.2535
32084	32085	1.2581
32085	32086	1.2484
32086	32087	1.2285
32087	32088	1.2825
32088	32089	1.2511
32089	32090	1.2407
32090	32091	1.2398
32091	32092	1.2087
32092	32093	1.2548
32093	32094	1.2891
32094	32095	1.2825
32095	32096	1.2804
32096	32097	1.2738
32097	32098	1.2417
32098	32099	1.2268
32099	32100	1.2585
32100	32101	1.2724
32101	32102	1.2810
32102	32103	1.3156
32103	32104	1.2479
32104	32105	1.2942
32105	32106	1.2818
32106	32107	1.2567
32107	32108	1.2563
32108	32109	1.2643
32109	32110	1.2279
32110	32111	1.1970
32111	32112	1.2091
32112	32113	1.2212
32113	32114	1.2291
32114	32115	1.1791
32115	32116	1.1810
32116	32117	1.1816
32117	32118	1.1653
32118	32119	1.1726
32119	32120	1.1354
32120	32121	1.2099
32121	32122	1.2435
32122	32123	1.2338
32123	32124	1.2439
32124	32125	1.2273
32125	32126	1.2544
32126	32127	1.2851
32127	32128	1.2799
32128	32129	1.2177
32129	32130	1.2206
32130	32131	1.2285
32131	32132	1.1933
32132	32133	1.2149
32133	32134	1.1873
32134	32135	1.2075
32135	32136	1.1840
32136	32137	1.1923
32137	32138	1.1713
32138	32139	1.2139
32139	32140	1.2018
32140	32141	1.1876
32141	32142	1.1681
32142	32143	1.1749
32143	32144	1.1760
32144	32145	1.1639
32145	32146	1.1376
32146	32147	1.1768
32147	32148	1.1875
32148	32149	1.1850
32149	32150	1.2127
32150	32151	1.2433
32151	32152	1.2684
32152	32153	1.2538
32153	32154	1.2543
32154	32155	1.2431
32155	32156	1.2797
32156	32157	1.2575
32157	32158	1.2609
32158	32159	1.2875
32159	32160	1.2763
32160	32161	1.3191
32161	32162	1.3361
32162	32163	1.3109
32163	32164	1.3011
32164	32165	1.2632
32165	32166	1.2640
32166	32167	1.2588
32167	32168	1.2656
32168	32169	1.2560
32169	32170	1.2884
32170	32171	1.3145
32171	32172	1.3349
32172	32173	1.3544
32173	32174	1.3255
32174	32175	1.3387
32175	32176	1.3503
32176	32177	1.3522
32177	32178	1.3381
32178	32179	1.3363
32179	32180	1.3220
32180	32181	1.3501
32181	32182	1.3436
32182	32183	1.3503
32183	32184	1.3307
32184	32185	1.3651
32185	32186	1.3118
32186	32187	1.3185
32187	32188	1.2851
32188	32189	1.2750
32189	32190	1.2798
32190	32191	1.2190
32191	32192	1.2594
32192	32193	1.2701
32193	32194	1.2572
32194	32195	1.2789
32195	32196	1.2738
32196	32197	1.2266
32197	32198	1.2214
32198	32199	1.2469
32199	32200	1.2144
32200	32201	1.2051
32201	32202	1.1721
32202	32203	1.1875
32203	32204	1.2080
32204	32205	1.1990
32205	32206	1.1825
32206	32207	1.2244
32207	32208	1.2297
32208	32209	1.2434
32209	32210	1.2138
32210	32211	1.2405
32211	32212	1.2528
32212	32213	1.2607
32213	32214	1.2697
32214	32215	1.2465
32215	32216	1.2813
32216	32217	1.3093
32217	32218	1.2880
32218	32219	1.2847
32219	32220	1.2897
32220	32221	1.2834
32221	32222	1.3069
32222	32223	1.3196
32223	32224	1.3060
32224	32225	1.2747
32225	32226	1.2518
32226	32227	1.2553
32227	32228	1.2670
32228	32229	1.2491
32229	32230	1.2237
32230	32231	1.2117
32231	32232	1.1780
32232	32233	1.2417
32233	32234	1.2144
32234	32235	1.2369
32235	32236	1.2071
32236	32237	1.2401
32237	32238	1.2088
32238	32239	1.2382
32239	32240	1.2478
32240	32241	1.2220
32241	32242	1.2204
32242	32243	1.1915
32243	32244	1.2381
32244	32245	1.2221
32245	32246	1.2116
32246	32247	1.1681
32247	32248	1.1604
32248	32249	1.1843
32249	32250	1.1699
32250	32251	1.1654
32251	32252	1.1755
32252	32253	1.1494
32253	32254	1.1990
32254	32255	1.2205
32255	32256	1.2226
32256	32257	1.2770
32257	32258	1.2776
32258	32259	1.2876
32259	32260	1.2863
32260	32261	1.2902
32261	32262	1.2948
32262	32263	1.2671
32263	32264	1.2755
32264	32265	1.2476
32265	32266	1.2643
32266	32267	1.2639
32267	32268	1.2623
32268	32269	1.2704
32269	32270	1.2574
32270	32271	1.2744
32271	32272	1.2788
32272	32273	1.3063
32273	32274	1.2938
32274	32275	1.2756
32275	32276	1.3074
32276	32277	1.2707
32277	32278	1.3117
32278	32279	1.3323
32279	32280	1.3029
32280	32281	1.2949
32281	32282	1.2847
32282	32283	1.3049
32283	32284	1.3269
32284	32285	1.3235
32285	32286	1.3167
32286	32287	1.3573
32287	32288	1.3400
32288	32289	1.3559
32289	32290	1.3271
32290	32291	1.3235
32291	32292	1.3090
32292	32293	1.2760
32293	32294	1.2480
32294	32295	1.2832
32295	32296	1.2988
32296	32297	1.3036
32297	32298	1.3304
32298	32299	1.3181
32299	32300	1.3412
32300	32301	1.3621
32301	32302	1.3417
32302	32303	1.3507
32303	32304	1.3547
32304	32305	1.3416
32305	32306	1.3199
32306	32307	1.3232
32307	32308	1.3540
32308	32309	1.3078
32309	32310	1.3011
32310	32311	1.3438
32311	32312	1.3526
32312	32313	1.3393
32313	32314	1.3177
32314	32315	1.3326
32315	32316	1.3277
32316	32317	1.3546
32317	32318	1.3628
32318	32319	1.3662
32319	32320	1.3340
32320	32321	1.2975
32321	32322	1.3147
32322	32323	1.2651
32323	32324	1.2402
32324	32325	1.2748
32325	32326	1.3025
32326	32327	1.3147
32327	32328	1.2951
32328	32329	1.2872
32329	32330	1.2964
32330	32331	1.2596
32331	32332	1.3075
32332	32333	1.3058
32333	32334	1.3317
32334	32335	1.3654
32335	32336	1.3659
32336	32337	1.3507
32337	32338	1.3490
32338	32339	1.3038
32339	32340	1.2607
32340	32341	1.2866
32341	32342	1.2722
32342	32343	1.3037
32343	32344	1.3497
32344	32345	1.3421
32345	32346	1.3533
32346	32347	1.3012
32347	32348	1.3261
32348	32349	1.3279
32349	32350	1.2816
32350	32351	1.3014
32351	32352	1.2758
32352	32353	1.2667
32353	32354	1.2702
32354	32355	1.2496
32355	32356	1.2368
32356	32357	1.2303
32357	32358	1.2275
32358	32359	1.2473
32359	32360	1.2370
32360	32361	1.2121
32361	32362	1.2909
32362	32363	1.2879
32363	32364	1.3550
32364	32365	1.3472
32365	32366	1.3800
32366	32367	1.2929
32367	32368	1.3138
32368	32369	1.3490
32369	32370	1.3284
32370	32371	1.2576
32371	32372	1.2875
32372	32373	1.3359
32373	32374	1.3639
32374	32375	1.3283
32375	32376	1.3664
32376	32377	1.3587
32377	32378	1.3092
32378	32379	1.3385
32379	32380	1.3341
32380	32381	1.2816
32381	32382	1.2850
32382	32383	1.2706
32383	32384	1.2466
32384	32385	1.2614
32385	32386	1.2705
32386	32387	1.2648
32387	32388	1.2136
32388	32389	1.2271
32389	32390	1.2220
32390	32391	1.2399
32391	32392	1.2716
32392	32393	1.2280
32393	32394	1.2245
32394	32395	1.2685
32395	32396	1.2943
32396	32397	1.3021
32397	32398	1.2707
32398	32399	1.2563
32399	32400	1.2734
32400	32401	1.2786
32401	32402	1.2868
32402	32403	1.2684
32403	32404	1.2979
32404	32405	1.3153
32405	32406	1.3195
32406	32407	1.2642
32407	32408	1.2781
32408	32409	1.2380
32409	32410	1.2432
32410	32411	1.2648
32411	32412	1.2516
32412	32413	1.2065
32413	32414	1.2038
32414	32415	1.2128
32415	32416	1.2004
32416	32417	1.2231
32417	32418	1.2063
32418	32419	1.2027
32419	32420	1.2153
32420	32421	1.1932
32421	32422	1.2001
32422	32423	1.1703
32423	32424	1.2060
32424	32425	1.1805
32425	32426	1.1703
32426	32427	1.1964
32427	32428	1.1978
32428	32429	1.2221
32429	32430	1.2098
32430	32431	1.2067
32431	32432	1.1919
32432	32433	1.1620
32433	32434	1.1623
32434	32435	1.0928
32435	32436	1.1230
32436	32437	1.0764
32437	32438	1.1482
32438	32439	1.1166
32439	32440	1.1012
32440	32441	1.1097
32441	32442	1.1074
32442	32443	1.0918
32443	32444	1.1058
32444	32445	1.0770
32445	32446	1.0758
32446	32447	1.0411
32447	32448	1.0695
32448	32449	1.0642
32449	32450	1.0749
32450	32451	1.0743
32451	32452	1.1102
32452	32453	1.0906
32453	32454	1.0456
32454	32455	1.1105
32455	32456	1.1159
32456	32457	1.1446
32457	32458	1.1743
32458	32459	1.1779
32459	32460	1.2337
32460	32461	1.1842
32461	32462	1.1684
32462	32463	1.1985
32463	32464	1.1951
32464	32465	1.2528
32465	32466	1.2444
32466	32467	1.2129
32467	32468	1.2226
32468	32469	1.2122
32469	32470	1.2418
32470	32471	1.2522
32471	32472	1.2297
32472	32473	1.2052
32473	32474	1.2541
32474	32475	1.2544
32475	32476	1.1988
32476	32477	1.2052
32477	32478	1.1824
32478	32479	1.1699
32479	32480	1.2014
32480	32481	1.2010
32481	32482	1.1913
32482	32483	1.2154
32483	32484	1.1886
32484	32485	1.2107
32485	32486	1.2045
32486	32487	1.1796
32487	32488	1.1665
32488	32489	1.1922
32489	32490	1.1952
32490	32491	1.2140
32491	32492	1.2191
32492	32493	1.2231
32493	32494	1.2498
32494	32495	1.2458
32495	32496	1.2339
32496	32497	1.2254
32497	32498	1.2736
32498	32499	1.2895
32499	32500	1.2345
32500	32501	1.2663
32501	32502	1.2102
32502	32503	1.2323
32503	32504	1.2247
32504	32505	1.2553
32505	32506	1.2474
32506	32507	1.2417
32507	32508	1.2371
32508	32509	1.2178
32509	32510	1.2446
32510	32511	1.2630
32511	32512	1.2718
32512	32513	1.2775
32513	32514	1.3102
32514	32515	1.2905
32515	32516	1.3160
32516	32517	1.2682
32517	32518	1.2368
32518	32519	1.2692
32519	32520	1.2984
32520	32521	1.3035
32521	32522	1.3066
32522	32523	1.2984
32523	32524	1.2773
32524	32525	1.3147
32525	32526	1.2791
32526	32527	1.2132
32527	32528	1.2332
32528	32529	1.1823
32529	32530	1.2062
32530	32531	1.2171
32531	32532	1.2704
32532	32533	1.2440
32533	32534	1.2462
32534	32535	1.2242
32535	32536	1.2797
32536	32537	1.2896
32537	32538	1.3007
32538	32539	1.3273
32539	32540	1.2433
32540	32541	1.2917
32541	32542	1.2618
32542	32543	1.2437
32543	32544	1.2448
32544	32545	1.2600
32545	32546	1.3031
32546	32547	1.3002
32547	32548	1.2974
32548	32549	1.2954
32549	32550	1.2897
32550	32551	1.2121
32551	32552	1.2090
32552	32553	1.2143
32553	32554	1.1904
32554	32555	1.2205
32555	32556	1.2540
32556	32557	1.2202
32557	32558	1.2201
32558	32559	1.2044
32559	32560	1.2338
32560	32561	1.2438
32561	32562	1.2652
32562	32563	1.2446
32563	32564	1.2468
32564	32565	1.2336
32565	32566	1.2731
32566	32567	1.2423
32567	32568	1.2306
32568	32569	1.2367
32569	32570	1.2226
32570	32571	1.2110
32571	32572	1.2587
32572	32573	1.2678
32573	32574	1.2611
32574	32575	1.2363
32575	32576	1.2574
32576	32577	1.1954
32577	32578	1.2193
32578	32579	1.2175
32579	32580	1.2248
32580	32581	1.2560
32581	32582	1.3146
32582	32583	1.2719
32583	32584	1.2750
32584	32585	1.2717
32585	32586	1.2568
32586	32587	1.2022
32587	32588	1.2088
32588	32589	1.2008
32589	32590	1.2212
32590	32591	1.2094
32591	32592	1.2522
32592	32593	1.2344
32593	32594	1.2375
32594	32595	1.2374
32595	32596	1.2233
32596	32597	1.2395
32597	32598	1.2623
32598	32599	1.2382
32599	32600	1.2556
32600	32601	1.2005
32601	32602	1.1936
32602	32603	1.2104
32603	32604	1.2024
32604	32605	1.2253
32605	32606	1.2140
32606	32607	1.2388
32607	32608	1.2319
32608	32609	1.2253
32609	32610	1.2073
32610	32611	1.2271
32611	32612	1.2092
32612	32613	1.2143
32613	32614	1.2047
32614	32615	1.2300
32615	32616	1.2381
32616	32617	1.2086
32617	32618	1.1751
32618	32619	1.1799
32619	32620	1.1512
32620	32621	1.1719
32621	32622	1.1575
32622	32623	1.2277
32623	32624	1.1899
32624	32625	1.1949
32625	32626	1.1654
32626	32627	1.1564
32627	32628	1.1971
32628	32629	1.1501
32629	32630	1.1108
32630	32631	1.1376
32631	32632	1.1171
32632	32633	1.1356
32633	32634	1.1295
32634	32635	1.1353
32635	32636	1.1776
32636	32637	1.1890
32637	32638	1.1586
32638	32639	1.2162
32639	32640	1.2074
32640	32641	1.1913
32641	32642	1.2314
32642	32643	1.2041
32643	32644	1.1693
32644	32645	1.1846
32645	32646	1.1809
32646	32647	1.1772
32647	32648	1.1645
32648	32649	1.1890
32649	32650	1.1856
32650	32651	1.1774
32651	32652	1.1633
32652	32653	1.1894
32653	32654	1.2057
32654	32655	1.2067
32655	32656	1.1610
32656	32657	1.1422
32657	32658	1.1396
32658	32659	1.1869
32659	32660	1.1849
32660	32661	1.1348
32661	32662	1.1470
32662	32663	1.1676
32663	32664	1.1522
32664	32665	1.1759
32665	32666	1.1656
32666	32667	1.1186
32667	32668	1.1266
32668	32669	1.1664
32669	32670	1.1344
32670	32671	1.1057
32671	32672	1.1003
32672	32673	1.1051
32673	32674	1.1094
32674	32675	1.1269
32675	32676	1.1317
32676	32677	1.1144
32677	32678	1.1043
32678	32679	1.0755
32679	32680	1.0779
32680	32681	1.0623
32681	32682	1.0690
32682	32683	1.0192
32683	32684	1.0639
32684	32685	1.0336
32685	32686	1.0090
32686	32687	1.0240
32687	32688	1.0327
32688	32689	1.0300
32689	32690	1.0075
32690	32691	0.9993
32691	32692	1.0118
32692	32693	0.9972
32693	32694	1.0411
32694	32695	1.0330
32695	32696	1.0636
32696	32697	1.0640
32697	32698	1.0735
32698	32699	1.0910
32699	32700	1.0804
32700	32701	1.1183
32701	32702	1.1690
32702	32703	1.1446
32703	32704	1.0992
32704	32705	1.1224
32705	32706	1.1761
32706	32707	1.1294
32707	32708	1.1231
32708	32709	1.1186
32709	32710	1.1592
32710	32711	1.1365
32711	32712	1.1093
32712	32713	1.1355
32713	32714	1.1407
32714	32715	1.1759
32715	32716	1.1202
32716	32717	1.1487
32717	32718	1.1359
32718	32719	1.1983
32719	32720	1.2120
32720	32721	1.2176
32721	32722	1.2061
32722	32723	1.1768
32723	32724	1.1575
32724	32725	1.1803
32725	32726	1.1957
32726	32727	1.1578
32727	32728	1.1692
32728	32729	1.2076
32729	32730	1.1955
32730	32731	1.2167
32731	32732	1.2293
32732	32733	1.3119
32733	32734	1.3145
32734	32735	1.3110
32735	32736	1.2694
32736	32737	1.1949
32737	32738	1.1827
32738	32739	1.1773
32739	32740	1.2273
32740	32741	1.1892
32741	32742	1.1697
32742	32743	1.1950
32743	32744	1.1775
32744	32745	1.1504
32745	32746	1.1043
32746	32747	1.1238
32747	32748	1.1972
32748	32749	1.2289
32749	32750	1.1828
32750	32751	1.1765
32751	32752	1.2049
32752	32753	1.1800
32753	32754	1.1894
32754	32755	1.2064
32755	32756	1.1675
32756	32757	1.2211
32757	32758	1.1869
32758	32759	1.1662
32759	32760	1.1528
32760	32761	1.1569
32761	32762	1.1698
32762	32763	1.1369
32763	32764	1.1933
32764	32765	1.1921
32765	32766	1.2370
32766	32767	1.1889
32767	32768	1.2224
32768	32769	1.2104
32769	32770	1.2125
32770	32771	1.1744
32771	32772	1.2070
32772	32773	1.1505
32773	32774	1.1738
32774	32775	1.1876
32775	32776	1.1677
32776	32777	1.1535
32777	32778	1.1601
32778	32779	1.1350
32779	32780	1.1229
32780	32781	1.1202
32781	32782	1.1446
32782	32783	1.1239
32783	32784	1.1005
32784	32785	1.1531
32785	32786	1.1472
32786	32787	1.1477
32787	32788	1.1496
32788	32789	1.1584
32789	32790	1.1925
32790	32791	1.2112
32791	32792	1.1928
32792	32793	1.1986
32793	32794	1.1963
32794	32795	1.2170
32795	32796	1.1674
32796	32797	1.2093
32797	32798	1.1581
32798	32799	1.1718
32799	32800	1.1474
32800	32801	1.1400
32801	32802	1.1537
32802	32803	1.1767
32803	32804	1.2306
32804	32805	1.2429
32805	32806	1.2165
32806	32807	1.2355
32807	32808	1.1704
32808	32809	1.2052
32809	32810	1.1913
32810	32811	1.1823
32811	32812	1.1464
32812	32813	1.1989
32813	32814	1.2050
32814	32815	1.1868
32815	32816	1.1680
32816	32817	1.1437
32817	32818	1.1675
32818	32819	1.2104
32819	32820	1.1967
32820	32821	1.2472
32821	32822	1.2304
32822	32823	1.2085
32823	32824	1.1754
32824	32825	1.1636
32825	32826	1.1725
32826	32827	1.1968
32827	32828	1.2008
32828	32829	1.1920
32829	32830	1.1631
32830	32831	1.1770
32831	32832	1.1823
32832	32833	1.1533
32833	32834	1.1781
32834	32835	1.1647
32835	32836	1.1389
32836	32837	1.1430
32837	32838	1.1424
32838	32839	1.1681
32839	32840	1.1415
32840	32841	1.1630
32841	32842	1.1745
32842	32843	1.1553
32843	32844	1.1667
32844	32845	1.1570
32845	32846	1.1369
32846	32847	1.1380
32847	32848	1.1547
32848	32849	1.1459
32849	32850	1.1492
32850	32851	1.1284
32851	32852	1.1215
32852	32853	1.1062
32853	32854	1.1194
32854	32855	1.0727
32855	32856	1.1164
32856	32857	1.1239
32857	32858	1.1227
32858	32859	1.1380
32859	32860	1.1285
32860	32861	1.0839
32861	32862	1.1437
32862	32863	1.1938
32863	32864	1.1786
32864	32865	1.1848
32865	32866	1.1634
32866	32867	1.1297
32867	32868	1.1327
32868	32869	1.1082
32869	32870	1.1233
32870	32871	1.1590
32871	32872	1.1421
32872	32873	1.1449
32873	32874	1.1598
32874	32875	1.1411
32875	32876	1.1629
32876	32877	1.2021
32877	32878	1.1855
32878	32879	1.2023
32879	32880	1.1679
32880	32881	1.1565
32881	32882	1.1656
32882	32883	1.1412
32883	32884	1.1148
32884	32885	1.1182
32885	32886	1.0895
32886	32887	1.0979
32887	32888	1.1048
32888	32889	1.1464
32889	32890	1.1152
32890	32891	1.1352
32891	32892	1.1169
32892	32893	1.1656
32893	32894	1.1477
32894	32895	1.1393
32895	32896	1.1689
32896	32897	1.2138
32897	32898	1.2152
32898	32899	1.2302
32899	32900	1.1865
32900	32901	1.2369
32901	32902	1.2141
32902	32903	1.1573
32903	32904	1.1802
32904	32905	1.1796
32905	32906	1.1035
32906	32907	1.1003
32907	32908	1.1108
32908	32909	1.1499
32909	32910	1.1666
32910	32911	1.1695
32911	32912	1.2250
32912	32913	1.2267
32913	32914	1.1863
32914	32915	1.1448
32915	32916	1.1336
32916	32917	1.1202
32917	32918	1.0876
32918	32919	1.1287
32919	32920	1.1007
32920	32921	1.1357
32921	32922	1.1215
32922	32923	1.0732
32923	32924	1.0830
32924	32925	1.1038
32925	32926	1.0999
32926	32927	1.0804
32927	32928	1.0848
32928	32929	1.1047
32929	32930	1.0553
32930	32931	1.0622
32931	32932	1.0666
32932	32933	1.0380
32933	32934	1.0574
32934	32935	1.0740
32935	32936	1.1024
32936	32937	1.1286
32937	32938	1.1245
32938	32939	1.0983
32939	32940	1.1258
32940	32941	1.0965
32941	32942	1.1097
32942	32943	1.1139
32943	32944	1.0845
32944	32945	1.0814
32945	32946	1.1201
32946	32947	1.1211
32947	32948	1.1304
32948	32949	1.1493
32949	32950	1.1469
32950	32951	1.1145
32951	32952	1.1389
32952	32953	1.1654
32953	32954	1.1242
32954	32955	1.1539
32955	32956	1.1256
32956	32957	1.1380
32957	32958	1.2105
32958	32959	1.1912
32959	32960	1.1882
32960	32961	1.1492
32961	32962	1.1498
32962	32963	1.1172
32963	32964	1.1503
32964	32965	1.1870
32965	32966	1.1742
32966	32967	1.1793
32967	32968	1.1643
32968	32969	1.1959
32969	32970	1.1868
32970	32971	1.1905
32971	32972	1.1994
32972	32973	1.2039
32973	32974	1.1980
32974	32975	1.1980
32975	32976	1.2190
32976	32977	1.1995
32977	32978	1.1929
32978	32979	1.2144
32979	32980	1.1930
32980	32981	1.1813
32981	32982	1.1743
32982	32983	1.1930
32983	32984	1.2030
32984	32985	1.2144
32985	32986	1.2329
32986	32987	1.2387
32987	32988	1.2068
32988	32989	1.2565
32989	32990	1.2850
32990	32991	1.3116
32991	32992	1.2644
32992	32993	1.2622
32993	32994	1.2371
32994	32995	1.2787
32995	32996	1.2691
32996	32997	1.2471
32997	32998	1.2956
32998	32999	1.2670
32999	33000	1.2306
33000	33001	1.2210
33001	33002	1.2468
33002	33003	1.2854
33003	33004	1.2816
33004	33005	1.2945
33005	33006	1.2786
33006	33007	1.2460
33007	33008	1.2252
33008	33009	1.2095
33009	33010	1.1641
33010	33011	1.2143
33011	33012	1.2217
33012	33013	1.1895
33013	33014	1.2260
33014	33015	1.2339
33015	33016	1.2308
33016	33017	1.2702
33017	33018	1.2658
33018	33019	1.2599
33019	33020	1.2713
33020	33021	1.2426
33021	33022	1.2868
33022	33023	1.2462
33023	33024	1.2349
33024	33025	1.2511
33025	33026	1.2628
33026	33027	1.2888
33027	33028	1.3217
33028	33029	1.3093
33029	33030	1.3166
33030	33031	1.3053
33031	33032	1.2773
33032	33033	1.2396
33033	33034	1.2114
33034	33035	1.1956
33035	33036	1.1895
33036	33037	1.2232
33037	33038	1.2020
33038	33039	1.1837
33039	33040	1.1702
33040	33041	1.1824
33041	33042	1.1912
33042	33043	1.1689
33043	33044	1.1781
33044	33045	1.1574
33045	33046	1.1855
33046	33047	1.1917
33047	33048	1.1621
33048	33049	1.2120
33049	33050	1.1965
33050	33051	1.2366
33051	33052	1.1911
33052	33053	1.1649
33053	33054	1.1966
33054	33055	1.2268
33055	33056	1.2227
33056	33057	1.1987
33057	33058	1.2028
33058	33059	1.1982
33059	33060	1.2033
33060	33061	1.1871
33061	33062	1.1902
33062	33063	1.1765
33063	33064	1.1701
33064	33065	1.2298
33065	33066	1.2204
33066	33067	1.2376
33067	33068	1.2649
33068	33069	1.2449
33069	33070	1.2798
33070	33071	1.2612
33071	33072	1.2204
33072	33073	1.2495
33073	33074	1.2541
33074	33075	1.2609
33075	33076	1.2597
33076	33077	1.2809
33077	33078	1.2565
33078	33079	1.2467
33079	33080	1.2205
33080	33081	1.2360
33081	33082	1.2299
33082	33083	1.2190
33083	33084	1.2279
33084	33085	1.2193
33085	33086	1.2445
33086	33087	1.2755
33087	33088	1.2945
33088	33089	1.2877
33089	33090	1.2612
33090	33091	1.2674
33091	33092	1.2858
33092	33093	1.3152
33093	33094	1.2995
33094	33095	1.3127
33095	33096	1.2865
33096	33097	1.3006
33097	33098	1.3313
33098	33099	1.3417
33099	33100	1.3809
33100	33101	1.3500
33101	33102	1.3499
33102	33103	1.3176
33103	33104	1.3198
33104	33105	1.3150
33105	33106	1.3238
33106	33107	1.3596
33107	33108	1.3554
33108	33109	1.3212
33109	33110	1.2900
33110	33111	1.3459
33111	33112	1.3092
33112	33113	1.3142
33113	33114	1.3192
33114	33115	1.3224
33115	33116	1.3566
33116	33117	1.2880
33117	33118	1.2549
33118	33119	1.2779
33119	33120	1.2786
33120	33121	1.2353
33121	33122	1.2668
33122	33123	1.2477
33123	33124	1.2599
33124	33125	1.2392
33125	33126	1.2477
33126	33127	1.2632
33127	33128	1.2894
33128	33129	1.2303
33129	33130	1.2325
33130	33131	1.2586
33131	33132	1.2472
33132	33133	1.2757
33133	33134	1.3061
33134	33135	1.3606
33135	33136	1.3951
33136	33137	1.3489
33137	33138	1.3613
33138	33139	1.3606
33139	33140	1.3458
33140	33141	1.3706
33141	33142	1.3618
33142	33143	1.3526
33143	33144	1.3628
33144	33145	1.3652
33145	33146	1.3566
33146	33147	1.3154
33147	33148	1.2818
33148	33149	1.3586
33149	33150	1.3153
33150	33151	1.3384
33151	33152	1.3321
33152	33153	1.3118
33153	33154	1.3653
33154	33155	1.3495
33155	33156	1.3521
33156	33157	1.3713
33157	33158	1.3492
33158	33159	1.3879
33159	33160	1.3924
33160	33161	1.4076
33161	33162	1.3868
33162	33163	1.3459
33163	33164	1.3729
33164	33165	1.3452
33165	33166	1.3565
33166	33167	1.3322
33167	33168	1.3475
33168	33169	1.3428
33169	33170	1.3512
33170	33171	1.3636
33171	33172	1.3872
33172	33173	1.3721
33173	33174	1.3850
33174	33175	1.3858
33175	33176	1.3499
33176	33177	1.3749
33177	33178	1.3438
33178	33179	1.3586
33179	33180	1.3259
33180	33181	1.3208
33181	33182	1.2697
33182	33183	1.2602
33183	33184	1.2660
33184	33185	1.2513
33185	33186	1.2645
33186	33187	1.2647
33187	33188	1.2610
33188	33189	1.2969
33189	33190	1.2973
33190	33191	1.3257
33191	33192	1.2774
33192	33193	1.2913
33193	33194	1.2458
33194	33195	1.2308
33195	33196	1.2094
33196	33197	1.2030
33197	33198	1.2541
33198	33199	1.2230
33199	33200	1.2099
33200	33201	1.2113
33201	33202	1.2198
33202	33203	1.1735
33203	33204	1.2064
33204	33205	1.2334
33205	33206	1.2284
33206	33207	1.2436
33207	33208	1.2347
33208	33209	1.2184
33209	33210	1.2350
33210	33211	1.2293
33211	33212	1.2372
33212	33213	1.2700
33213	33214	1.2752
33214	33215	1.3089
33215	33216	1.2486
33216	33217	1.2461
33217	33218	1.2326
33218	33219	1.2623
33219	33220	1.2545
33220	33221	1.3281
33221	33222	1.3371
33222	33223	1.3402
33223	33224	1.3485
33224	33225	1.3812
33225	33226	1.3923
33226	33227	1.3261
33227	33228	1.3270
33228	33229	1.3403
33229	33230	1.3156
33230	33231	1.3008
33231	33232	1.3180
33232	33233	1.3299
33233	33234	1.3250
33234	33235	1.3234
33235	33236	1.3037
33236	33237	1.3063
33237	33238	1.3068
33238	33239	1.3123
33239	33240	1.3291
33240	33241	1.2937
33241	33242	1.3117
33242	33243	1.2726
33243	33244	1.2786
33244	33245	1.2675
33245	33246	1.2684
33246	33247	1.2505
33247	33248	1.2374
33248	33249	1.2341
33249	33250	1.2823
33250	33251	1.2713
33251	33252	1.2583
33252	33253	1.2481
33253	33254	1.2101
33254	33255	1.2042
33255	33256	1.1914
33256	33257	1.2125
33257	33258	1.2101
33258	33259	1.2179
33259	33260	1.1852
33260	33261	1.2154
33261	33262	1.2279
33262	33263	1.2548
33263	33264	1.2490
33264	33265	1.2803
33265	33266	1.2598
33266	33267	1.2281
33267	33268	1.2533
33268	33269	1.2469
33269	33270	1.1808
33270	33271	1.1932
33271	33272	1.2009
33272	33273	1.2484
33273	33274	1.2714
33274	33275	1.2413
33275	33276	1.2777
33276	33277	1.2729
33277	33278	1.2673
33278	33279	1.2980
33279	33280	1.3002
33280	33281	1.3165
33281	33282	1.3423
33282	33283	1.2954
33283	33284	1.3522
33284	33285	1.3531
33285	33286	1.3247
33286	33287	1.3801
33287	33288	1.3897
33288	33289	1.3578
33289	33290	1.3765
33290	33291	1.3434
33291	33292	1.3635
33292	33293	1.3439
33293	33294	1.3283
33294	33295	1.3656
33295	33296	1.3538
33296	33297	1.4007
33297	33298	1.3776
33298	33299	1.3739
33299	33300	1.3840
33300	33301	1.3641
33301	33302	1.3510
33302	33303	1.3738
33303	33304	1.3570
33304	33305	1.3220
33305	33306	1.2833
33306	33307	1.2808
33307	33308	1.2974
33308	33309	1.3142
33309	33310	1.3619
33310	33311	1.3250
33311	33312	1.3062
33312	33313	1.3208
33313	33314	1.3086
33314	33315	1.3021
33315	33316	1.3146
33316	33317	1.3407
33317	33318	1.3551
33318	33319	1.3555
33319	33320	1.3208
33320	33321	1.2680
33321	33322	1.2416
33322	33323	1.2774
33323	33324	1.3154
33324	33325	1.3217
33325	33326	1.3256
33326	33327	1.3181
33327	33328	1.3244
33328	33329	1.2851
33329	33330	1.2972
33330	33331	1.2921
33331	33332	1.2806
33332	33333	1.3120
33333	33334	1.2932
33334	33335	1.2885
33335	33336	1.3298
33336	33337	1.3524
33337	33338	1.3947
33338	33339	1.3374
33339	33340	1.3734
33340	33341	1.3583
33341	33342	1.3144
33342	33343	1.3516
33343	33344	1.3412
33344	33345	1.3421
33345	33346	1.3394
33346	33347	1.3524
33347	33348	1.3615
33348	33349	1.3479
33349	33350	1.3514
33350	33351	1.3687
33351	33352	1.3692
33352	33353	1.3737
33353	33354	1.3944
33354	33355	1.3751
33355	33356	1.3837
33356	33357	1.3284
33357	33358	1.3546
33358	33359	1.3310
33359	33360	1.2979
33360	33361	1.2909
33361	33362	1.3408
33362	33363	1.3387
33363	33364	1.3417
33364	33365	1.4026
33365	33366	1.3901
33366	33367	1.3800
33367	33368	1.3414
33368	33369	1.3461
33369	33370	1.3802
33370	33371	1.3266
33371	33372	1.3593
33372	33373	1.3142
33373	33374	1.3680
33374	33375	1.3427
33375	33376	1.3146
33376	33377	1.3427
33377	33378	1.3714
33378	33379	1.3070
33379	33380	1.2822
33380	33381	1.3356
33381	33382	1.3510
33382	33383	1.3672
33383	33384	1.3453
33384	33385	1.3370
33385	33386	1.3038
33386	33387	1.2896
33387	33388	1.2943
33388	33389	1.2988
33389	33390	1.2920
33390	33391	1.3272
33391	33392	1.3309
33392	33393	1.2986
33393	33394	1.2929
33394	33395	1.2524
33395	33396	1.2775
33396	33397	1.2854
33397	33398	1.2294
33398	33399	1.2750
33399	33400	1.2943
33400	33401	1.3389
33401	33402	1.3599
33402	33403	1.3614
33403	33404	1.3906
33404	33405	1.3744
33405	33406	1.3828
33406	33407	1.3653
33407	33408	1.3430
33408	33409	1.3616
33409	33410	1.3485
33410	33411	1.3482
33411	33412	1.3393
33412	33413	1.3603
33413	33414	1.3379
33414	33415	1.3191
33415	33416	1.3446
33416	33417	1.3226
33417	33418	1.3283
33418	33419	1.3529
33419	33420	1.3170
33420	33421	1.2996
33421	33422	1.3238
33422	33423	1.2967
33423	33424	1.2657
33424	33425	1.2701
33425	33426	1.2835
33426	33427	1.3024
33427	33428	1.2860
33428	33429	1.2938
33429	33430	1.3480
33430	33431	1.3250
33431	33432	1.3260
33432	33433	1.2959
33433	33434	1.3028
33434	33435	1.2882
33435	33436	1.3163
33436	33437	1.3392
33437	33438	1.2868
33438	33439	1.3081
33439	33440	1.3563
33440	33441	1.3698
33441	33442	1.3748
33442	33443	1.3367
33443	33444	1.3268
33444	33445	1.3297
33445	33446	1.3082
33446	33447	1.3213
33447	33448	1.3400
33448	33449	1.3430
33449	33450	1.3353
33450	33451	1.3222
33451	33452	1.3655
33452	33453	1.3670
33453	33454	1.4012
33454	33455	1.3827
33455	33456	1.3354
33456	33457	1.4217
33457	33458	1.3937
33458	33459	1.3767
33459	33460	1.3483
33460	33461	1.3585
33461	33462	1.3339
33462	33463	1.3443
33463	33464	1.3800
33464	33465	1.3476
33465	33466	1.3631
33466	33467	1.3544
33467	33468	1.3736
33468	33469	1.3684
33469	33470	1.3474
33470	33471	1.3584
33471	33472	1.3604
33472	33473	1.3448
33473	33474	1.3437
33474	33475	1.3462
33475	33476	1.3595
33476	33477	1.4026
33477	33478	1.3592
33478	33479	1.3543
33479	33480	1.3853
33480	33481	1.3495
33481	33482	1.3338
33482	33483	1.3622
33483	33484	1.3878
33484	33485	1.3685
33485	33486	1.3537
33486	33487	1.3502
33487	33488	1.3302
33488	33489	1.3705
33489	33490	1.4173
33490	33491	1.3886
33491	33492	1.3807
33492	33493	1.4155
33493	33494	1.4209
33494	33495	1.3893
33495	33496	1.4096
33496	33497	1.4607
33497	33498	1.4693
33498	33499	1.4495
33499	33500	1.4711
33500	33501	1.4478
33501	33502	1.4914
33502	33503	1.4167
33503	33504	1.4514
33504	33505	1.4202
33505	33506	1.3992
33506	33507	1.4161
33507	33508	1.3622
33508	33509	1.3782
33509	33510	1.3842
33510	33511	1.3378
33511	33512	1.3446
33512	33513	1.3898
33513	33514	1.4011
33514	33515	1.3882
33515	33516	1.3845
33516	33517	1.3983
33517	33518	1.3878
33518	33519	1.3825
33519	33520	1.3980
33520	33521	1.3830
33521	33522	1.3612
33522	33523	1.3608
33523	33524	1.3259
33524	33525	1.3036
33525	33526	1.2935
33526	33527	1.3017
33527	33528	1.3166
33528	33529	1.2871
33529	33530	1.2946
33530	33531	1.3080
33531	33532	1.2818
33532	33533	1.3103
33533	33534	1.3112
33534	33535	1.3395
33535	33536	1.3313
33536	33537	1.3832
33537	33538	1.3507
33538	33539	1.3786
33539	33540	1.3599
33540	33541	1.3247
33541	33542	1.3301
33542	33543	1.3088
33543	33544	1.2956
33544	33545	1.2832
33545	33546	1.3262
33546	33547	1.3420
33547	33548	1.2807
33548	33549	1.3036
33549	33550	1.2704
33550	33551	1.2708
33551	33552	1.2517
33552	33553	1.2601
33553	33554	1.2556
33554	33555	1.2978
33555	33556	1.2765
33556	33557	1.2663
33557	33558	1.2826
33558	33559	1.3073
33559	33560	1.3078
33560	33561	1.2886
33561	33562	1.3138
33562	33563	1.2705
33563	33564	1.2338
33564	33565	1.2218
33565	33566	1.2494
33566	33567	1.2496
33567	33568	1.2169
33568	33569	1.2625
33569	33570	1.2926
33570	33571	1.3307
33571	33572	1.2845
33572	33573	1.2916
33573	33574	1.3235
33574	33575	1.2820
33575	33576	1.2912
33576	33577	1.2761
33577	33578	1.3037
33578	33579	1.2877
33579	33580	1.3056
33580	33581	1.2894
33581	33582	1.2981
33582	33583	1.3020
33583	33584	1.2650
33584	33585	1.2535
33585	33586	1.2368
33586	33587	1.2340
33587	33588	1.2873
33588	33589	1.3312
33589	33590	1.2923
33590	33591	1.3041
33591	33592	1.2936
33592	33593	1.2927
33593	33594	1.3405
33594	33595	1.3531
33595	33596	1.3478
33596	33597	1.3623
33597	33598	1.3901
33598	33599	1.3706
33599	33600	1.3955
33600	33601	1.3567
33601	33602	1.3126
33602	33603	1.3553
33603	33604	1.3564
33604	33605	1.3600
33605	33606	1.3788
33606	33607	1.3522
33607	33608	1.3751
33608	33609	1.3534
33609	33610	1.3608
33610	33611	1.3206
33611	33612	1.3014
33612	33613	1.2895
33613	33614	1.3059
33614	33615	1.2431
33615	33616	1.2738
33616	33617	1.2433
33617	33618	1.2611
33618	33619	1.2893
33619	33620	1.2868
33620	33621	1.2739
33621	33622	1.2845
33622	33623	1.2978
33623	33624	1.2908
33624	33625	1.2921
33625	33626	1.2997
33626	33627	1.2806
33627	33628	1.2805
33628	33629	1.2544
33629	33630	1.2563
33630	33631	1.2327
33631	33632	1.2387
33632	33633	1.2564
33633	33634	1.2787
33634	33635	1.2959
33635	33636	1.2772
33636	33637	1.2829
33637	33638	1.2439
33638	33639	1.2177
33639	33640	1.2145
33640	33641	1.2436
33641	33642	1.2451
33642	33643	1.2217
33643	33644	1.2213
33644	33645	1.2240
33645	33646	1.1909
33646	33647	1.1864
33647	33648	1.1868
33648	33649	1.1459
33649	33650	1.1470
33650	33651	1.1487
33651	33652	1.1103
33652	33653	1.1069
33653	33654	1.1055
33654	33655	1.1182
33655	33656	1.1912
33656	33657	1.1171
33657	33658	1.1323
33658	33659	1.1168
33659	33660	1.1122
33660	33661	1.1646
33661	33662	1.1161
33662	33663	1.1424
33663	33664	1.0885
33664	33665	1.1324
33665	33666	1.1513
33666	33667	1.1638
33667	33668	1.1228
33668	33669	1.1111
33669	33670	1.1068
33670	33671	1.1158
33671	33672	1.1004
33672	33673	1.1646
33673	33674	1.1632
33674	33675	1.1368
33675	33676	1.1112
33676	33677	1.1336
33677	33678	1.1307
33678	33679	1.1676
33679	33680	1.1949
33680	33681	1.2061
33681	33682	1.1902
33682	33683	1.1948
33683	33684	1.1856
33684	33685	1.1819
33685	33686	1.1770
33686	33687	1.2051
33687	33688	1.1571
33688	33689	1.1765
33689	33690	1.2391
33690	33691	1.2339
33691	33692	1.2541
33692	33693	1.2161
33693	33694	1.2403
33694	33695	1.2244
33695	33696	1.2164
33696	33697	1.2391
33697	33698	1.2940
33698	33699	1.2506
33699	33700	1.2513
33700	33701	1.2461
33701	33702	1.2197
33702	33703	1.2794
33703	33704	1.2670
33704	33705	1.2809
33705	33706	1.2696
33706	33707	1.2595
33707	33708	1.2625
33708	33709	1.2586
33709	33710	1.2604
33710	33711	1.2469
33711	33712	1.2364
33712	33713	1.3113
33713	33714	1.3190
33714	33715	1.2847
33715	33716	1.3385
33716	33717	1.3199
33717	33718	1.2627
33718	33719	1.3083
33719	33720	1.3137
33720	33721	1.2929
33721	33722	1.3066
33722	33723	1.3149
33723	33724	1.2698
33724	33725	1.3312
33725	33726	1.3129
33726	33727	1.3380
33727	33728	1.3706
33728	33729	1.3833
33729	33730	1.3882
33730	33731	1.3451
33731	33732	1.3251
33732	33733	1.3202
33733	33734	1.3570
33734	33735	1.3440
33735	33736	1.2936
33736	33737	1.3045
33737	33738	1.3101
33738	33739	1.2957
33739	33740	1.3023
33740	33741	1.3189
33741	33742	1.3210
33742	33743	1.2925
33743	33744	1.2824
33744	33745	1.3171
33745	33746	1.2918
33746	33747	1.2911
33747	33748	1.2762
33748	33749	1.3090
33749	33750	1.3177
33750	33751	1.2876
33751	33752	1.3478
33752	33753	1.3286
33753	33754	1.3235
33754	33755	1.2954
33755	33756	1.2937
33756	33757	1.3113
33757	33758	1.3001
33758	33759	1.3159
33759	33760	1.3532
33760	33761	1.3624
33761	33762	1.3853
33762	33763	1.3388
33763	33764	1.3652
33764	33765	1.3136
33765	33766	1.3451
33766	33767	1.3182
33767	33768	1.3246
33768	33769	1.3070
33769	33770	1.3178
33770	33771	1.3499
33771	33772	1.3336
33772	33773	1.3209
33773	33774	1.3324
33774	33775	1.3035
33775	33776	1.3288
33776	33777	1.2687
33777	33778	1.3058
33778	33779	1.3479
33779	33780	1.3575
33780	33781	1.3729
33781	33782	1.3357
33782	33783	1.3674
33783	33784	1.3733
33784	33785	1.3255
33785	33786	1.3294
33786	33787	1.2958
33787	33788	1.3215
33788	33789	1.3520
33789	33790	1.3732
33790	33791	1.3821
33791	33792	1.3849
33792	33793	1.3803
33793	33794	1.3642
33794	33795	1.3555
33795	33796	1.3463
33796	33797	1.3813
33797	33798	1.3958
33798	33799	1.4349
33799	33800	1.3990
33800	33801	1.3685
33801	33802	1.3995
33802	33803	1.3715
33803	33804	1.3358
33804	33805	1.2931
33805	33806	1.2665
33806	33807	1.2939
33807	33808	1.2985
33808	33809	1.2964
33809	33810	1.2745
33810	33811	1.2784
33811	33812	1.2823
33812	33813	1.3028
33813	33814	1.2931
33814	33815	1.3229
33815	33816	1.3349
33816	33817	1.3324
33817	33818	1.3535
33818	33819	1.3553
33819	33820	1.3813
33820	33821	1.3667
33821	33822	1.3465
33822	33823	1.3516
33823	33824	1.3166
33824	33825	1.3183
33825	33826	1.2365
33826	33827	1.2868
33827	33828	1.3538
33828	33829	1.3455
33829	33830	1.3555
33830	33831	1.3639
33831	33832	1.3745
33832	33833	1.3969
33833	33834	1.3830
33834	33835	1.3445
33835	33836	1.3173
33836	33837	1.3302
33837	33838	1.3327
33838	33839	1.3274
33839	33840	1.3352
33840	33841	1.3413
33841	33842	1.3040
33842	33843	1.3270
33843	33844	1.3088
33844	33845	1.3721
33845	33846	1.3116
33846	33847	1.3087
33847	33848	1.3444
33848	33849	1.3111
33849	33850	1.3111
33850	33851	1.3453
33851	33852	1.3202
33852	33853	1.3005
33853	33854	1.3190
33854	33855	1.3193
33855	33856	1.3264
33856	33857	1.3312
33857	33858	1.3317
33858	33859	1.3475
33859	33860	1.3122
33860	33861	1.2878
33861	33862	1.2718
33862	33863	1.3073
33863	33864	1.3050
33864	33865	1.2778
33865	33866	1.3036
33866	33867	1.2871
33867	33868	1.3164
33868	33869	1.3255
33869	33870	1.3009
33870	33871	1.2874
33871	33872	1.3146
33872	33873	1.3342
33873	33874	1.2988
33874	33875	1.2891
33875	33876	1.2901
33876	33877	1.2333
33877	33878	1.2250
33878	33879	1.2844
33879	33880	1.2868
33880	33881	1.2792
33881	33882	1.2655
33882	33883	1.2967
33883	33884	1.2948
33884	33885	1.2905
33885	33886	1.2725
33886	33887	1.2472
33887	33888	1.2398
33888	33889	1.2211
33889	33890	1.2382
33890	33891	1.2538
33891	33892	1.2505
33892	33893	1.3226
33893	33894	1.3129
33894	33895	1.2903
33895	33896	1.2797
33896	33897	1.2942
33897	33898	1.2889
33898	33899	1.3225
33899	33900	1.3078
33900	33901	1.3481
33901	33902	1.3723
33902	33903	1.3947
33903	33904	1.3307
33904	33905	1.3211
33905	33906	1.3469
33906	33907	1.3246
33907	33908	1.3211
33908	33909	1.3118
33909	33910	1.3688
33910	33911	1.3440
33911	33912	1.3141
33912	33913	1.3021
33913	33914	1.3321
33914	33915	1.3164
33915	33916	1.3119
33916	33917	1.3124
33917	33918	1.3024
33918	33919	1.3121
33919	33920	1.2847
33920	33921	1.3625
33921	33922	1.3553
33922	33923	1.3691
33923	33924	1.3156
33924	33925	1.3872
33925	33926	1.3158
33926	33927	1.3016
33927	33928	1.3224
33928	33929	1.3582
33929	33930	1.3666
33930	33931	1.3301
33931	33932	1.2906
33932	33933	1.3259
33933	33934	1.3294
33934	33935	1.3317
33935	33936	1.3234
33936	33937	1.3439
33937	33938	1.3301
33938	33939	1.2927
33939	33940	1.3250
33940	33941	1.3326
33941	33942	1.3423
33942	33943	1.3180
33943	33944	1.3408
33944	33945	1.3288
33945	33946	1.3154
33946	33947	1.3677
33947	33948	1.3429
33948	33949	1.3256
33949	33950	1.3129
33950	33951	1.3378
33951	33952	1.3527
33952	33953	1.3538
33953	33954	1.3873
33954	33955	1.3714
33955	33956	1.4161
33956	33957	1.4093
33957	33958	1.3732
33958	33959	1.3481
33959	33960	1.3683
33960	33961	1.3711
33961	33962	1.3805
33962	33963	1.3136
33963	33964	1.3439
33964	33965	1.3082
33965	33966	1.2965
33966	33967	1.2792
33967	33968	1.3318
33968	33969	1.3205
33969	33970	1.3335
33970	33971	1.3528
33971	33972	1.3732
33972	33973	1.3790
33973	33974	1.3587
33974	33975	1.3325
33975	33976	1.3582
33976	33977	1.3656
33977	33978	1.3609
33978	33979	1.3889
33979	33980	1.3895
33980	33981	1.3989
33981	33982	1.3998
33982	33983	1.3614
33983	33984	1.3363
33984	33985	1.3710
33985	33986	1.3612
33986	33987	1.4295
33987	33988	1.4361
33988	33989	1.4134
33989	33990	1.4498
33990	33991	1.4789
33991	33992	1.4672
33992	33993	1.4800
33993	33994	1.4465
33994	33995	1.4029
33995	33996	1.4489
33996	33997	1.4377
33997	33998	1.4547
33998	33999	1.4077
33999	34000	1.4317
34000	34001	1.4575
34001	34002	1.4173
34002	34003	1.4444
34003	34004	1.4536
34004	34005	1.4666
34005	34006	1.4057
34006	34007	1.4063
34007	34008	1.3955
34008	34009	1.3806
34009	34010	1.3938
34010	34011	1.3744
34011	34012	1.3457
34012	34013	1.3626
34013	34014	1.3829
34014	34015	1.4087
34015	34016	1.3808
34016	34017	1.4263
34017	34018	1.4138
34018	34019	1.4270
34019	34020	1.4246
34020	34021	1.4461
34021	34022	1.4283
34022	34023	1.3849
34023	34024	1.4138
34024	34025	1.4219
34025	34026	1.4117
34026	34027	1.4672
34027	34028	1.4589
34028	34029	1.3977
34029	34030	1.4150
34030	34031	1.4495
34031	34032	1.4505
34032	34033	1.4576
34033	34034	1.4533
34034	34035	1.4481
34035	34036	1.4525
34036	34037	1.4845
34037	34038	1.4421
34038	34039	1.4635
34039	34040	1.4299
34040	34041	1.4053
34041	34042	1.4195
34042	34043	1.4489
34043	34044	1.4811
34044	34045	1.4603
34045	34046	1.4817
34046	34047	1.4954
34047	34048	1.4670
34048	34049	1.4385
34049	34050	1.4329
34050	34051	1.4498
34051	34052	1.3892
34052	34053	1.4391
34053	34054	1.4332
34054	34055	1.4275
34055	34056	1.4447
34056	34057	1.4704
34057	34058	1.5011
34058	34059	1.4766
34059	34060	1.4356
34060	34061	1.4622
34061	34062	1.4469
34062	34063	1.4343
34063	34064	1.4399
34064	34065	1.4427
34065	34066	1.4091
34066	34067	1.4205
34067	34068	1.4253
34068	34069	1.3963
34069	34070	1.4006
34070	34071	1.3867
34071	34072	1.3751
34072	34073	1.3990
34073	34074	1.3981
34074	34075	1.4029
34075	34076	1.3876
34076	34077	1.3913
34077	34078	1.3868
34078	34079	1.4063
34079	34080	1.3529
34080	34081	1.3758
34081	34082	1.3850
34082	34083	1.4143
34083	34084	1.4004
34084	34085	1.3821
34085	34086	1.3976
34086	34087	1.3901
34087	34088	1.4034
34088	34089	1.4010
34089	34090	1.4126
34090	34091	1.3725
34091	34092	1.4051
34092	34093	1.3585
34093	34094	1.3625
34094	34095	1.3693
34095	34096	1.3990
34096	34097	1.3744
34097	34098	1.3357
34098	34099	1.3265
34099	34100	1.3358
34100	34101	1.3504
34101	34102	1.3222
34102	34103	1.3275
34103	34104	1.3251
34104	34105	1.3584
34105	34106	1.3222
34106	34107	1.3383
34107	34108	1.3647
34108	34109	1.3650
34109	34110	1.3647
34110	34111	1.3577
34111	34112	1.4114
34112	34113	1.4071
34113	34114	1.3788
34114	34115	1.3379
34115	34116	1.3426
34116	34117	1.3386
34117	34118	1.3403
34118	34119	1.2949
34119	34120	1.3275
34120	34121	1.3115
34121	34122	1.3055
34122	34123	1.3220
34123	34124	1.3412
34124	34125	1.3027
34125	34126	1.3149
34126	34127	1.2935
34127	34128	1.2764
34128	34129	1.3084
34129	34130	1.2851
34130	34131	1.3006
34131	34132	1.3108
34132	34133	1.3038
34133	34134	1.3134
34134	34135	1.3482
34135	34136	1.2835
34136	34137	1.2836
34137	34138	1.2980
34138	34139	1.2631
34139	34140	1.3058
34140	34141	1.2941
34141	34142	1.3100
34142	34143	1.2960
34143	34144	1.2866
34144	34145	1.2505
34145	34146	1.2578
34146	34147	1.2572
34147	34148	1.2698
34148	34149	1.2551
34149	34150	1.2330
34150	34151	1.2836
34151	34152	1.2703
34152	34153	1.2578
34153	34154	1.2769
34154	34155	1.2941
34155	34156	1.2950
34156	34157	1.2623
34157	34158	1.2706
34158	34159	1.2457
34159	34160	1.2328
34160	34161	1.2349
34161	34162	1.2678
34162	34163	1.2684
34163	34164	1.2819
34164	34165	1.2823
34165	34166	1.2507
34166	34167	1.2324
34167	34168	1.2177
34168	34169	1.2449
34169	34170	1.2717
34170	34171	1.2563
34171	34172	1.2841
34172	34173	1.2538
34173	34174	1.2581
34174	34175	1.2439
34175	34176	1.2715
34176	34177	1.3050
34177	34178	1.2994
34178	34179	1.2495
34179	34180	1.2476
34180	34181	1.3190
34181	34182	1.2953
34182	34183	1.3216
34183	34184	1.3384
34184	34185	1.3279
34185	34186	1.3304
34186	34187	1.2908
34187	34188	1.3340
34188	34189	1.2949
34189	34190	1.3083
34190	34191	1.2976
34191	34192	1.3413
34192	34193	1.3593
34193	34194	1.3244
34194	34195	1.3274
34195	34196	1.3636
34196	34197	1.3542
34197	34198	1.3607
34198	34199	1.3429
34199	34200	1.3421
34200	34201	1.3582
34201	34202	1.3793
34202	34203	1.3374
34203	34204	1.3461
34204	34205	1.4241
34205	34206	1.3943
34206	34207	1.3768
34207	34208	1.3540
34208	34209	1.3155
34209	34210	1.3055
34210	34211	1.3295
34211	34212	1.3262
34212	34213	1.3029
34213	34214	1.3120
34214	34215	1.3179
34215	34216	1.3167
34216	34217	1.2917
34217	34218	1.3297
34218	34219	1.3032
34219	34220	1.2909
34220	34221	1.2992
34221	34222	1.2882
34222	34223	1.2680
34223	34224	1.3292
34224	34225	1.2810
34225	34226	1.2825
34226	34227	1.2913
34227	34228	1.2735
34228	34229	1.3049
34229	34230	1.2123
34230	34231	1.1806
34231	34232	1.2089
34232	34233	1.1658
34233	34234	1.1753
34234	34235	1.1612
34235	34236	1.2019
34236	34237	1.2088
34237	34238	1.2027
34238	34239	1.1937
34239	34240	1.2178
34240	34241	1.2014
34241	34242	1.1946
34242	34243	1.2080
34243	34244	1.2290
34244	34245	1.1734
34245	34246	1.2096
34246	34247	1.2051
34247	34248	1.1988
34248	34249	1.1627
34249	34250	1.1560
34250	34251	1.1636
34251	34252	1.2224
34252	34253	1.2653
34253	34254	1.2701
34254	34255	1.2730
34255	34256	1.2736
34256	34257	1.2336
34257	34258	1.3045
34258	34259	1.2676
34259	34260	1.2724
34260	34261	1.2918
34261	34262	1.2863
34262	34263	1.2913
34263	34264	1.2707
34264	34265	1.2572
34265	34266	1.2588
34266	34267	1.2789
34267	34268	1.2790
34268	34269	1.3260
34269	34270	1.2921
34270	34271	1.3687
34271	34272	1.3520
34272	34273	1.3483
34273	34274	1.3088
34274	34275	1.3449
34275	34276	1.3304
34276	34277	1.3293
34277	34278	1.3545
34278	34279	1.3339
34279	34280	1.3573
34280	34281	1.3463
34281	34282	1.3368
34282	34283	1.3464
34283	34284	1.3408
34284	34285	1.3242
34285	34286	1.3465
34286	34287	1.3623
34287	34288	1.3133
34288	34289	1.3449
34289	34290	1.3757
34290	34291	1.3539
34291	34292	1.3676
34292	34293	1.3919
34293	34294	1.3566
34294	34295	1.3905
34295	34296	1.3797
34296	34297	1.4058
34297	34298	1.3870
34298	34299	1.3513
34299	34300	1.3275
34300	34301	1.3364
34301	34302	1.3360
34302	34303	1.3876
34303	34304	1.3911
34304	34305	1.3828
34305	34306	1.3560
34306	34307	1.3699
34307	34308	1.4055
34308	34309	1.3803
34309	34310	1.3957
34310	34311	1.3943
34311	34312	1.4095
34312	34313	1.4270
34313	34314	1.4144
34314	34315	1.4389
34315	34316	1.4265
34316	34317	1.4232
34317	34318	1.4130
34318	34319	1.4227
34319	34320	1.4235
34320	34321	1.3888
34321	34322	1.4060
34322	34323	1.4129
34323	34324	1.4245
34324	34325	1.3983
34325	34326	1.3846
34326	34327	1.3822
34327	34328	1.3552
34328	34329	1.4009
34329	34330	1.4086
34330	34331	1.4367
34331	34332	1.3918
34332	34333	1.4158
34333	34334	1.4004
34334	34335	1.3768
34335	34336	1.4078
34336	34337	1.4193
34337	34338	1.3990
34338	34339	1.3682
34339	34340	1.4199
34340	34341	1.3986
34341	34342	1.4292
34342	34343	1.4199
34343	34344	1.4237
34344	34345	1.3708
34345	34346	1.3566
34346	34347	1.3524
34347	34348	1.3875
34348	34349	1.3570
34349	34350	1.3613
34350	34351	1.3394
34351	34352	1.3874
34352	34353	1.3972
34353	34354	1.3968
34354	34355	1.4140
34355	34356	1.3997
34356	34357	1.4060
34357	34358	1.4107
34358	34359	1.3525
34359	34360	1.4135
34360	34361	1.3968
34361	34362	1.3906
34362	34363	1.3846
34363	34364	1.3883
34364	34365	1.3902
34365	34366	1.4065
34366	34367	1.4505
34367	34368	1.4598
34368	34369	1.4400
34369	34370	1.4447
34370	34371	1.4531
34371	34372	1.4727
34372	34373	1.4530
34373	34374	1.4550
34374	34375	1.4495
34375	34376	1.4162
34376	34377	1.4399
34377	34378	1.4289
34378	34379	1.4419
34379	34380	1.4397
34380	34381	1.4507
34381	34382	1.4282
34382	34383	1.4298
34383	34384	1.4457
34384	34385	1.4526
34385	34386	1.4756
34386	34387	1.4749
34387	34388	1.4575
34388	34389	1.4429
34389	34390	1.4453
34390	34391	1.4228
34391	34392	1.4126
34392	34393	1.3987
34393	34394	1.4188
34394	34395	1.3996
34395	34396	1.4859
34396	34397	1.4671
34397	34398	1.4679
34398	34399	1.4298
34399	34400	1.4807
34400	34401	1.4565
34401	34402	1.4240
34402	34403	1.4603
34403	34404	1.4607
34404	34405	1.4490
34405	34406	1.4945
34406	34407	1.4733
34407	34408	1.4853
34408	34409	1.4477
34409	34410	1.4875
34410	34411	1.4790
34411	34412	1.4957
34412	34413	1.4569
34413	34414	1.4781
34414	34415	1.4896
34415	34416	1.4283
34416	34417	1.4336
34417	34418	1.4133
34418	34419	1.4204
34419	34420	1.4950
34420	34421	1.4668
34421	34422	1.4752
34422	34423	1.4280
34423	34424	1.4222
34424	34425	1.4362
34425	34426	1.4231
34426	34427	1.4296
34427	34428	1.4027
34428	34429	1.4357
34429	34430	1.4267
34430	34431	1.4031
34431	34432	1.4131
34432	34433	1.4037
34433	34434	1.4051
34434	34435	1.4251
34435	34436	1.4150
34436	34437	1.3865
34437	34438	1.3551
34438	34439	1.3946
34439	34440	1.3747
34440	34441	1.3899
34441	34442	1.4128
34442	34443	1.4211
34443	34444	1.4120
34444	34445	1.4298
34445	34446	1.4049
34446	34447	1.4322
34447	34448	1.4344
34448	34449	1.4036
34449	34450	1.4251
34450	34451	1.4518
34451	34452	1.4899
34452	34453	1.4497
34453	34454	1.4210
34454	34455	1.3989
34455	34456	1.4166
34456	34457	1.4090
34457	34458	1.3693
34458	34459	1.4284
34459	34460	1.3546
34460	34461	1.4091
34461	34462	1.4071
34462	34463	1.4405
34463	34464	1.4443
34464	34465	1.4581
34465	34466	1.4807
34466	34467	1.4489
34467	34468	1.4731
34468	34469	1.4529
34469	34470	1.4619
34470	34471	1.4497
34471	34472	1.4483
34472	34473	1.4723
34473	34474	1.5161
34474	34475	1.4875
34475	34476	1.5067
34476	34477	1.4741
34477	34478	1.4614
34478	34479	1.4713
34479	34480	1.4903
34480	34481	1.4975
34481	34482	1.5034
34482	34483	1.4751
34483	34484	1.4560
34484	34485	1.4746
34485	34486	1.4703
34486	34487	1.4878
34487	34488	1.5296
34488	34489	1.5669
34489	34490	1.6266
34490	34491	1.5901
34491	34492	1.5532
34492	34493	1.5666
34493	34494	1.5544
34494	34495	1.5403
34495	34496	1.5365
34496	34497	1.5500
34497	34498	1.5420
34498	34499	1.5235
34499	34500	1.5129
34500	34501	1.4917
34501	34502	1.4664
34502	34503	1.5095
34503	34504	1.5097
34504	34505	1.4799
34505	34506	1.4536
34506	34507	1.4601
34507	34508	1.4969
34508	34509	1.5270
34509	34510	1.5426
34510	34511	1.5033
34511	34512	1.5199
34512	34513	1.5254
34513	34514	1.4942
34514	34515	1.5221
34515	34516	1.5313
34516	34517	1.5005
34517	34518	1.5027
34518	34519	1.4772
34519	34520	1.5165
34520	34521	1.4407
34521	34522	1.4533
34522	34523	1.4208
34523	34524	1.4139
34524	34525	1.4596
34525	34526	1.4370
34526	34527	1.4047
34527	34528	1.3986
34528	34529	1.4393
34529	34530	1.4421
34530	34531	1.4383
34531	34532	1.4676
34532	34533	1.4675
34533	34534	1.4858
34534	34535	1.4628
34535	34536	1.4324
34536	34537	1.4533
34537	34538	1.4461
34538	34539	1.4384
34539	34540	1.4639
34540	34541	1.4600
34541	34542	1.4433
34542	34543	1.4405
34543	34544	1.4849
34544	34545	1.4852
34545	34546	1.4778
34546	34547	1.4565
34547	34548	1.4313
34548	34549	1.4439
34549	34550	1.4622
34550	34551	1.4782
34551	34552	1.5158
34552	34553	1.5060
34553	34554	1.4599
34554	34555	1.4528
34555	34556	1.4121
34556	34557	1.4030
34557	34558	1.3806
34558	34559	1.4166
34559	34560	1.4443
34560	34561	1.4170
34561	34562	1.4307
34562	34563	1.4492
34563	34564	1.5025
34564	34565	1.4276
34565	34566	1.4452
34566	34567	1.4452
34567	34568	1.4187
34568	34569	1.4021
34569	34570	1.3615
34570	34571	1.3819
34571	34572	1.3721
34572	34573	1.3789
34573	34574	1.3679
34574	34575	1.4126
34575	34576	1.3982
34576	34577	1.3810
34577	34578	1.3512
34578	34579	1.3427
34579	34580	1.3658
34580	34581	1.3398
34581	34582	1.3305
34582	34583	1.3589
34583	34584	1.3954
34584	34585	1.4134
34585	34586	1.4578
34586	34587	1.4726
34587	34588	1.5136
34588	34589	1.5147
34589	34590	1.4603
34590	34591	1.4635
34591	34592	1.4815
34592	34593	1.4597
34593	34594	1.4789
34594	34595	1.4878
34595	34596	1.5126
34596	34597	1.5132
34597	34598	1.4854
34598	34599	1.4851
34599	34600	1.4822
34600	34601	1.4907
34601	34602	1.4954
34602	34603	1.4892
34603	34604	1.4887
34604	34605	1.4706
34605	34606	1.4927
34606	34607	1.4975
34607	34608	1.4796
34608	34609	1.4909
34609	34610	1.4707
34610	34611	1.4613
34611	34612	1.4308
34612	34613	1.4184
34613	34614	1.4190
34614	34615	1.4645
34615	34616	1.4791
34616	34617	1.4795
34617	34618	1.4503
34618	34619	1.4267
34619	34620	1.4334
34620	34621	1.4647
34621	34622	1.4175
34622	34623	1.4344
34623	34624	1.4370
34624	34625	1.4264
34625	34626	1.4253
34626	34627	1.4214
34627	34628	1.3845
34628	34629	1.4141
34629	34630	1.4345
34630	34631	1.4258
34631	34632	1.3838
34632	34633	1.3728
34633	34634	1.4032
34634	34635	1.3544
34635	34636	1.3557
34636	34637	1.3216
34637	34638	1.3216
34638	34639	1.2943
34639	34640	1.3138
34640	34641	1.3074
34641	34642	1.3096
34642	34643	1.3446
34643	34644	1.3162
34644	34645	1.3605
34645	34646	1.3747
34646	34647	1.4052
34647	34648	1.3815
34648	34649	1.3702
34649	34650	1.3425
34650	34651	1.3210
34651	34652	1.3240
34652	34653	1.3465
34653	34654	1.3129
34654	34655	1.3660
34655	34656	1.3592
34656	34657	1.3288
34657	34658	1.3498
34658	34659	1.3523
34659	34660	1.3636
34660	34661	1.3644
34661	34662	1.3525
34662	34663	1.3641
34663	34664	1.3421
34664	34665	1.3372
34665	34666	1.3413
34666	34667	1.3264
34667	34668	1.3129
34668	34669	1.3434
34669	34670	1.3172
34670	34671	1.3624
34671	34672	1.3937
34672	34673	1.4005
34673	34674	1.4203
34674	34675	1.3992
34675	34676	1.4271
34676	34677	1.4327
34677	34678	1.4487
34678	34679	1.4116
34679	34680	1.4486
34680	34681	1.4614
34681	34682	1.3684
34682	34683	1.3942
34683	34684	1.3718
34684	34685	1.4223
34685	34686	1.4295
34686	34687	1.4409
34687	34688	1.4353
34688	34689	1.4744
34689	34690	1.4317
34690	34691	1.4360
34691	34692	1.4570
34692	34693	1.4204
34693	34694	1.4498
34694	34695	1.4090
34695	34696	1.3827
34696	34697	1.4050
34697	34698	1.3776
34698	34699	1.3439
34699	34700	1.3427
34700	34701	1.3352
34701	34702	1.3499
34702	34703	1.3588
34703	34704	1.3522
34704	34705	1.3928
34705	34706	1.3528
34706	34707	1.3677
34707	34708	1.3541
34708	34709	1.3721
34709	34710	1.3591
34710	34711	1.3887
34711	34712	1.4076
34712	34713	1.3653
34713	34714	1.3547
34714	34715	1.3443
34715	34716	1.3413
34716	34717	1.3843
34717	34718	1.3831
34718	34719	1.3701
34719	34720	1.3517
34720	34721	1.3458
34721	34722	1.3492
34722	34723	1.3240
34723	34724	1.3319
34724	34725	1.3490
34725	34726	1.3629
34726	34727	1.3248
34727	34728	1.3229
34728	34729	1.3386
34729	34730	1.3623
34730	34731	1.3654
34731	34732	1.3403
34732	34733	1.3624
34733	34734	1.3857
34734	34735	1.3549
34735	34736	1.3881
34736	34737	1.3605
34737	34738	1.3765
34738	34739	1.3674
34739	34740	1.4015
34740	34741	1.4060
34741	34742	1.4061
34742	34743	1.4058
34743	34744	1.3799
34744	34745	1.3667
34745	34746	1.3622
34746	34747	1.3652
34747	34748	1.3386
34748	34749	1.3297
34749	34750	1.3066
34750	34751	1.3744
34751	34752	1.3613
34752	34753	1.3635
34753	34754	1.4024
34754	34755	1.3862
34755	34756	1.3859
34756	34757	1.3547
34757	34758	1.3703
34758	34759	1.3177
34759	34760	1.2880
34760	34761	1.2806
34761	34762	1.3040
34762	34763	1.2804
34763	34764	1.2348
34764	34765	1.2464
34765	34766	1.3078
34766	34767	1.2448
34767	34768	1.2662
34768	34769	1.2868
34769	34770	1.2277
34770	34771	1.2491
34771	34772	1.2580
34772	34773	1.2574
34773	34774	1.2723
34774	34775	1.3327
34775	34776	1.3384
34776	34777	1.3333
34777	34778	1.3669
34778	34779	1.3711
34779	34780	1.3531
34780	34781	1.3744
34781	34782	1.3574
34782	34783	1.3301
34783	34784	1.3392
34784	34785	1.3762
34785	34786	1.3753
34786	34787	1.4013
34787	34788	1.4106
34788	34789	1.3673
34789	34790	1.3817
34790	34791	1.3481
34791	34792	1.3721
34792	34793	1.3415
34793	34794	1.3549
34794	34795	1.3651
34795	34796	1.3665
34796	34797	1.3668
34797	34798	1.3243
34798	34799	1.3122
34799	34800	1.3296
34800	34801	1.3438
34801	34802	1.3791
34802	34803	1.3705
34803	34804	1.3515
34804	34805	1.3355
34805	34806	1.3806
34806	34807	1.3741
34807	34808	1.3264
34808	34809	1.3362
34809	34810	1.3245
34810	34811	1.3257
34811	34812	1.3093
34812	34813	1.2823
34813	34814	1.2562
34814	34815	1.3008
34815	34816	1.3550
34816	34817	1.3171
34817	34818	1.3661
34818	34819	1.3481
34819	34820	1.3374
34820	34821	1.3325
34821	34822	1.2866
34822	34823	1.3451
34823	34824	1.3447
34824	34825	1.3620
34825	34826	1.3477
34826	34827	1.3465
34827	34828	1.3410
34828	34829	1.3493
34829	34830	1.3665
34830	34831	1.3398
34831	34832	1.3615
34832	34833	1.3388
34833	34834	1.3493
34834	34835	1.3429
34835	34836	1.3841
34836	34837	1.3760
34837	34838	1.3675
34838	34839	1.3647
34839	34840	1.3812
34840	34841	1.3790
34841	34842	1.3535
34842	34843	1.3255
34843	34844	1.3433
34844	34845	1.3182
34845	34846	1.3421
34846	34847	1.2824
34847	34848	1.2989
34848	34849	1.3281
34849	34850	1.2902
34850	34851	1.2748
34851	34852	1.3258
34852	34853	1.2709
34853	34854	1.2831
34854	34855	1.3146
34855	34856	1.2943
34856	34857	1.2636
34857	34858	1.3065
34858	34859	1.2935
34859	34860	1.2609
34860	34861	1.2380
34861	34862	1.2624
34862	34863	1.2390
34863	34864	1.2525
34864	34865	1.2334
34865	34866	1.2657
34866	34867	1.3019
34867	34868	1.2845
34868	34869	1.2676
34869	34870	1.2754
34870	34871	1.2767
34871	34872	1.3022
34872	34873	1.2903
34873	34874	1.2938
34874	34875	1.2954
34875	34876	1.2682
34876	34877	1.2470
34877	34878	1.2689
34878	34879	1.2816
34879	34880	1.3258
34880	34881	1.3034
34881	34882	1.2849
34882	34883	1.3047
34883	34884	1.2966
34884	34885	1.3056
34885	34886	1.3374
34886	34887	1.3450
34887	34888	1.3292
34888	34889	1.3008
34889	34890	1.2780
34890	34891	1.2625
34891	34892	1.2913
34892	34893	1.2835
34893	34894	1.2856
34894	34895	1.2612
34895	34896	1.2797
34896	34897	1.3254
34897	34898	1.3145
34898	34899	1.3339
34899	34900	1.3587
34900	34901	1.3082
34901	34902	1.3535
34902	34903	1.3517
34903	34904	1.2984
34904	34905	1.2839
34905	34906	1.2661
34906	34907	1.2754
34907	34908	1.2942
34908	34909	1.2553
34909	34910	1.2467
34910	34911	1.2826
34911	34912	1.2376
34912	34913	1.2330
34913	34914	1.2524
34914	34915	1.2218
34915	34916	1.2323
34916	34917	1.1932
34917	34918	1.2056
34918	34919	1.2075
34919	34920	1.2443
34920	34921	1.2370
34921	34922	1.2197
34922	34923	1.2031
34923	34924	1.2256
34924	34925	1.2167
34925	34926	1.2207
34926	34927	1.2450
34927	34928	1.2133
34928	34929	1.1884
34929	34930	1.1931
34930	34931	1.2145
34931	34932	1.2173
34932	34933	1.1806
34933	34934	1.1801
34934	34935	1.1747
34935	34936	1.2112
34936	34937	1.1921
34937	34938	1.2343
34938	34939	1.2114
34939	34940	1.2216
34940	34941	1.2046
34941	34942	1.2628
34942	34943	1.2258
34943	34944	1.1932
34944	34945	1.1677
34945	34946	1.2025
34946	34947	1.2180
34947	34948	1.2247
34948	34949	1.2326
34949	34950	1.2237
34950	34951	1.1768
34951	34952	1.1893
34952	34953	1.1854
34953	34954	1.1995
34954	34955	1.1940
34955	34956	1.1917
34956	34957	1.1547
34957	34958	1.1275
34958	34959	1.1465
34959	34960	1.1756
34960	34961	1.1903
34961	34962	1.1724
34962	34963	1.2089
34963	34964	1.2264
34964	34965	1.2281
34965	34966	1.1610
34966	34967	1.1763
34967	34968	1.1870
34968	34969	1.2193
34969	34970	1.2336
34970	34971	1.1984
34971	34972	1.1937
34972	34973	1.2104
34973	34974	1.2165
34974	34975	1.2313
34975	34976	1.1641
34976	34977	1.2190
34977	34978	1.2167
34978	34979	1.2382
34979	34980	1.2483
34980	34981	1.2694
34981	34982	1.2641
34982	34983	1.2181
34983	34984	1.2550
34984	34985	1.2267
34985	34986	1.2606
34986	34987	1.2464
34987	34988	1.2574
34988	34989	1.2860
34989	34990	1.2456
34990	34991	1.2988
34991	34992	1.2901
34992	34993	1.2963
34993	34994	1.2966
34994	34995	1.3309
34995	34996	1.3077
34996	34997	1.3003
34997	34998	1.2767
34998	34999	1.2832
34999	35000	1.2788
35000	35001	1.3067
35001	35002	1.3161
35002	35003	1.3057
35003	35004	1.2858
35004	35005	1.2744
35005	35006	1.2893
35006	35007	1.2868
35007	35008	1.2688
35008	35009	1.2529
35009	35010	1.2611
35010	35011	1.2603
35011	35012	1.3026
35012	35013	1.2804
35013	35014	1.3124
35014	35015	1.3220
35015	35016	1.2718
35016	35017	1.2774
35017	35018	1.2880
35018	35019	1.2574
35019	35020	1.2762
35020	35021	1.3087
35021	35022	1.3199
35022	35023	1.3154
35023	35024	1.3410
35024	35025	1.3213
35025	35026	1.2955
35026	35027	1.3165
35027	35028	1.3165
35028	35029	1.3251
35029	35030	1.2709
35030	35031	1.2567
35031	35032	1.2369
35032	35033	1.2507
35033	35034	1.2987
35034	35035	1.2852
35035	35036	1.2434
35036	35037	1.2411
35037	35038	1.2234
35038	35039	1.2585
35039	35040	1.2446
35040	35041	1.3035
35041	35042	1.2709
35042	35043	1.3034
35043	35044	1.2617
35044	35045	1.2979
35045	35046	1.2457
35046	35047	1.2489
35047	35048	1.1958
35048	35049	1.2135
35049	35050	1.2244
35050	35051	1.2424
35051	35052	1.3041
35052	35053	1.2899
35053	35054	1.3170
35054	35055	1.2975
35055	35056	1.3219
35056	35057	1.3014
35057	35058	1.2958
35058	35059	1.2865
35059	35060	1.2596
35060	35061	1.2509
35061	35062	1.2566
35062	35063	1.2662
35063	35064	1.2535
35064	35065	1.2643
35065	35066	1.2682
35066	35067	1.2449
35067	35068	1.2803
35068	35069	1.2956
35069	35070	1.2961
35070	35071	1.2818
35071	35072	1.3039
35072	35073	1.3058
35073	35074	1.2984
35074	35075	1.2717
35075	35076	1.3081
35076	35077	1.2440
35077	35078	1.2384
35078	35079	1.2554
35079	35080	1.2149
35080	35081	1.2131
35081	35082	1.2004
35082	35083	1.2266
35083	35084	1.1948
35084	35085	1.2148
35085	35086	1.1753
35086	35087	1.1834
35087	35088	1.2048
35088	35089	1.2153
35089	35090	1.1774
35090	35091	1.1967
35091	35092	1.2176
35092	35093	1.2283
35093	35094	1.1711
35094	35095	1.1720
35095	35096	1.1734
35096	35097	1.1499
35097	35098	1.1994
35098	35099	1.1329
35099	35100	1.1330
35100	35101	1.1451
35101	35102	1.1595
35102	35103	1.1433
35103	35104	1.1407
35104	35105	1.1412
35105	35106	1.1619
35106	35107	1.2301
35107	35108	1.1860
35108	35109	1.2237
35109	35110	1.2281
35110	35111	1.2333
35111	35112	1.2557
35112	35113	1.1998
35113	35114	1.2179
35114	35115	1.2106
35115	35116	1.2068
35116	35117	1.1995
35117	35118	1.2288
35118	35119	1.2240
35119	35120	1.2420
35120	35121	1.2612
35121	35122	1.2473
35122	35123	1.2629
35123	35124	1.2354
35124	35125	1.2347
35125	35126	1.2174
35126	35127	1.2122
35127	35128	1.2135
35128	35129	1.2401
35129	35130	1.2119
35130	35131	1.2227
35131	35132	1.1779
35132	35133	1.2035
35133	35134	1.1944
35134	35135	1.1660
35135	35136	1.1794
35136	35137	1.2542
35137	35138	1.1969
35138	35139	1.2247
35139	35140	1.2476
35140	35141	1.2453
35141	35142	1.2321
35142	35143	1.2575
35143	35144	1.2410
35144	35145	1.2430
35145	35146	1.2303
35146	35147	1.2133
35147	35148	1.2135
35148	35149	1.2316
35149	35150	1.1886
35150	35151	1.2000
35151	35152	1.2117
35152	35153	1.1908
35153	35154	1.1802
35154	35155	1.1777
35155	35156	1.1795
35156	35157	1.2271
35157	35158	1.2522
35158	35159	1.2834
35159	35160	1.2675
35160	35161	1.2394
35161	35162	1.2295
35162	35163	1.2357
35163	35164	1.2182
35164	35165	1.1871
35165	35166	1.2001
35166	35167	1.1948
35167	35168	1.2038
35168	35169	1.1973
35169	35170	1.2257
35170	35171	1.2063
35171	35172	1.1976
35172	35173	1.2321
35173	35174	1.2412
35174	35175	1.2540
35175	35176	1.2387
35176	35177	1.2656
35177	35178	1.2600
35178	35179	1.2773
35179	35180	1.2441
35180	35181	1.2416
35181	35182	1.2787
35182	35183	1.3166
35183	35184	1.2980
35184	35185	1.2693
35185	35186	1.2650
35186	35187	1.2404
35187	35188	1.2335
35188	35189	1.2396
35189	35190	1.2692
35190	35191	1.2420
35191	35192	1.2369
35192	35193	1.2649
35193	35194	1.2517
35194	35195	1.3094
35195	35196	1.2956
35196	35197	1.3138
35197	35198	1.2792
35198	35199	1.1793
35199	35200	1.2140
35200	35201	1.2155
35201	35202	1.2032
35202	35203	1.1821
35203	35204	1.1859
35204	35205	1.2334
35205	35206	1.1840
35206	35207	1.2083
35207	35208	1.2511
35208	35209	1.2291
35209	35210	1.2329
35210	35211	1.2230
35211	35212	1.2213
35212	35213	1.1930
35213	35214	1.2287
35214	35215	1.2321
35215	35216	1.2337
35216	35217	1.2221
35217	35218	1.1904
35218	35219	1.1933
35219	35220	1.2116
35220	35221	1.1883
35221	35222	1.1999
35222	35223	1.2076
35223	35224	1.1942
35224	35225	1.2449
35225	35226	1.2015
35226	35227	1.2177
35227	35228	1.1854
35228	35229	1.1999
35229	35230	1.2499
35230	35231	1.2473
35231	35232	1.2294
35232	35233	1.2082
35233	35234	1.2376
35234	35235	1.2290
35235	35236	1.2437
35236	35237	1.2249
35237	35238	1.2406
35238	35239	1.2007
35239	35240	1.2143
35240	35241	1.2429
35241	35242	1.2370
35242	35243	1.2272
35243	35244	1.2272
35244	35245	1.2432
35245	35246	1.2437
35246	35247	1.2263
35247	35248	1.2434
35248	35249	1.2233
35249	35250	1.2519
35250	35251	1.2428
35251	35252	1.2872
35252	35253	1.3060
35253	35254	1.2768
35254	35255	1.2935
35255	35256	1.3083
35256	35257	1.3004
35257	35258	1.3027
35258	35259	1.2796
35259	35260	1.3001
35260	35261	1.3053
35261	35262	1.2896
35262	35263	1.2972
35263	35264	1.3171
35264	35265	1.3117
35265	35266	1.3432
35266	35267	1.3735
35267	35268	1.3554
35268	35269	1.4197
35269	35270	1.3686
35270	35271	1.3047
35271	35272	1.3067
35272	35273	1.3483
35273	35274	1.3384
35274	35275	1.3383
35275	35276	1.3742
35276	35277	1.3250
35277	35278	1.3165
35278	35279	1.3365
35279	35280	1.3229
35280	35281	1.3200
35281	35282	1.2766
35282	35283	1.2686
35283	35284	1.2483
35284	35285	1.2504
35285	35286	1.2599
35286	35287	1.2644
35287	35288	1.2232
35288	35289	1.1946
35289	35290	1.1899
35290	35291	1.1656
35291	35292	1.2045
35292	35293	1.2000
35293	35294	1.1845
35294	35295	1.1784
35295	35296	1.2040
35296	35297	1.2275
35297	35298	1.2216
35298	35299	1.2138
35299	35300	1.2014
35300	35301	1.2030
35301	35302	1.2077
35302	35303	1.2295
35303	35304	1.2292
35304	35305	1.2219
35305	35306	1.2158
35306	35307	1.2240
35307	35308	1.2309
35308	35309	1.2111
35309	35310	1.2193
35310	35311	1.1920
35311	35312	1.1992
35312	35313	1.1972
35313	35314	1.2145
35314	35315	1.2532
35315	35316	1.2187
35316	35317	1.2754
35317	35318	1.2531
35318	35319	1.2697
35319	35320	1.2401
35320	35321	1.2627
35321	35322	1.2751
35322	35323	1.2690
35323	35324	1.3040
35324	35325	1.2887
35325	35326	1.2452
35326	35327	1.2788
35327	35328	1.3148
35328	35329	1.3093
35329	35330	1.2934
35330	35331	1.2523
35331	35332	1.2925
35332	35333	1.2955
35333	35334	1.3048
35334	35335	1.2588
35335	35336	1.2613
35336	35337	1.2502
35337	35338	1.2454
35338	35339	1.2675
35339	35340	1.2892
35340	35341	1.2913
35341	35342	1.2506
35342	35343	1.2226
35343	35344	1.2796
35344	35345	1.2849
35345	35346	1.3116
35346	35347	1.2859
35347	35348	1.3155
35348	35349	1.2994
35349	35350	1.3009
35350	35351	1.2661
35351	35352	1.2558
35352	35353	1.2548
35353	35354	1.2821
35354	35355	1.2689
35355	35356	1.2779
35356	35357	1.3034
35357	35358	1.2877
35358	35359	1.2790
35359	35360	1.2733
35360	35361	1.2627
35361	35362	1.2409
35362	35363	1.2598
35363	35364	1.2022
35364	35365	1.2317
35365	35366	1.2528
35366	35367	1.2203
35367	35368	1.2446
35368	35369	1.2321
35369	35370	1.2137
35370	35371	1.1713
35371	35372	1.2141
35372	35373	1.2476
35373	35374	1.2260
35374	35375	1.2589
35375	35376	1.2379
35376	35377	1.2672
35377	35378	1.2683
35378	35379	1.2433
35379	35380	1.2786
35380	35381	1.2877
35381	35382	1.2982
35382	35383	1.3387
35383	35384	1.3741
35384	35385	1.3801
35385	35386	1.3853
35386	35387	1.3460
35387	35388	1.3196
35388	35389	1.3350
35389	35390	1.3232
35390	35391	1.3170
35391	35392	1.3574
35392	35393	1.3174
35393	35394	1.3388
35394	35395	1.3744
35395	35396	1.3447
35396	35397	1.3713
35397	35398	1.3398
35398	35399	1.3435
35399	35400	1.3498
35400	35401	1.3445
35401	35402	1.3590
35402	35403	1.3083
35403	35404	1.2677
35404	35405	1.2611
35405	35406	1.2547
35406	35407	1.2725
35407	35408	1.3193
35408	35409	1.2897
35409	35410	1.2949
35410	35411	1.2608
35411	35412	1.2529
35412	35413	1.2847
35413	35414	1.2619
35414	35415	1.2660
35415	35416	1.3093
35416	35417	1.3108
35417	35418	1.3370
35418	35419	1.3798
35419	35420	1.3296
35420	35421	1.3040
35421	35422	1.2746
35422	35423	1.3076
35423	35424	1.3215
35424	35425	1.3752
35425	35426	1.3867
35426	35427	1.3904
35427	35428	1.3986
35428	35429	1.4022
35429	35430	1.4343
35430	35431	1.4319
35431	35432	1.4400
35432	35433	1.4506
35433	35434	1.4179
35434	35435	1.4190
35435	35436	1.4094
35436	35437	1.4454
35437	35438	1.4095
35438	35439	1.4153
35439	35440	1.4062
35440	35441	1.4296
35441	35442	1.4764
35442	35443	1.4151
35443	35444	1.4382
35444	35445	1.4454
35445	35446	1.4310
35446	35447	1.4147
35447	35448	1.4048
35448	35449	1.3815
35449	35450	1.3772
35450	35451	1.3697
35451	35452	1.3368
35452	35453	1.3614
35453	35454	1.3522
35454	35455	1.3185
35455	35456	1.3630
35456	35457	1.3492
35457	35458	1.3389
35458	35459	1.3364
35459	35460	1.3245
35460	35461	1.3275
35461	35462	1.3051
35462	35463	1.2977
35463	35464	1.3177
35464	35465	1.3535
35465	35466	1.4038
35466	35467	1.3598
35467	35468	1.3338
35468	35469	1.3371
35469	35470	1.3507
35470	35471	1.3326
35471	35472	1.3322
35472	35473	1.3705
35473	35474	1.3583
35474	35475	1.3572
35475	35476	1.3981
35476	35477	1.3958
35477	35478	1.3583
35478	35479	1.3433
35479	35480	1.3410
35480	35481	1.3637
35481	35482	1.4068
35482	35483	1.3756
35483	35484	1.3612
35484	35485	1.3480
35485	35486	1.3160
35486	35487	1.3258
35487	35488	1.3124
35488	35489	1.2915
35489	35490	1.3005
35490	35491	1.3117
35491	35492	1.3061
35492	35493	1.3113
35493	35494	1.3080
35494	35495	1.2952
35495	35496	1.3005
35496	35497	1.3365
35497	35498	1.2859
35498	35499	1.2715
35499	35500	1.2536
35500	35501	1.2386
35501	35502	1.2891
35502	35503	1.2790
35503	35504	1.2999
35504	35505	1.2456
35505	35506	1.2537
35506	35507	1.2680
35507	35508	1.2296
35508	35509	1.2506
35509	35510	1.2324
35510	35511	1.2640
35511	35512	1.2441
35512	35513	1.2208
35513	35514	1.1960
35514	35515	1.1941
35515	35516	1.2258
35516	35517	1.2810
35517	35518	1.3066
35518	35519	1.2910
35519	35520	1.2687
35520	35521	1.2584
35521	35522	1.2117
35522	35523	1.2605
35523	35524	1.2497
35524	35525	1.2386
35525	35526	1.2731
35526	35527	1.2782
35527	35528	1.2949
35528	35529	1.2958
35529	35530	1.2992
35530	35531	1.2949
35531	35532	1.2899
35532	35533	1.3207
35533	35534	1.2839
35534	35535	1.2955
35535	35536	1.3675
35536	35537	1.3685
35537	35538	1.3610
35538	35539	1.3524
35539	35540	1.3326
35540	35541	1.3658
35541	35542	1.3691
35542	35543	1.3674
35543	35544	1.3588
35544	35545	1.3120
35545	35546	1.3364
35546	35547	1.3288
35547	35548	1.3308
35548	35549	1.2989
35549	35550	1.2408
35550	35551	1.3341
35551	35552	1.3087
35552	35553	1.2752
35553	35554	1.3204
35554	35555	1.3445
35555	35556	1.3074
35556	35557	1.3134
35557	35558	1.2913
35558	35559	1.3422
35559	35560	1.3257
35560	35561	1.3140
35561	35562	1.2999
35562	35563	1.3036
35563	35564	1.3221
35564	35565	1.2963
35565	35566	1.3364
35566	35567	1.3089
35567	35568	1.3235
35568	35569	1.3544
35569	35570	1.3280
35570	35571	1.3297
35571	35572	1.3364
35572	35573	1.3549
35573	35574	1.3506
35574	35575	1.3254
35575	35576	1.3559
35576	35577	1.3017
35577	35578	1.2767
35578	35579	1.2836
35579	35580	1.3082
35580	35581	1.3173
35581	35582	1.2513
35582	35583	1.2722
35583	35584	1.2788
35584	35585	1.3074
35585	35586	1.2831
35586	35587	1.2942
35587	35588	1.3136
35588	35589	1.3362
35589	35590	1.2897
35590	35591	1.3133
35591	35592	1.3298
35592	35593	1.2831
35593	35594	1.2833
35594	35595	1.2641
35595	35596	1.2870
35596	35597	1.2313
35597	35598	1.2605
35598	35599	1.2373
35599	35600	1.2751
35600	35601	1.2202
35601	35602	1.2432
35602	35603	1.2504
35603	35604	1.1675
35604	35605	1.1679
35605	35606	1.2068
35606	35607	1.2397
35607	35608	1.2500
35608	35609	1.1902
35609	35610	1.1959
35610	35611	1.2447
35611	35612	1.2609
35612	35613	1.2462
35613	35614	1.3197
35614	35615	1.3001
35615	35616	1.2664
35616	35617	1.2927
35617	35618	1.3309
35618	35619	1.3204
35619	35620	1.3135
35620	35621	1.2632
35621	35622	1.2612
35622	35623	1.2529
35623	35624	1.2654
35624	35625	1.2353
35625	35626	1.2362
35626	35627	1.2987
35627	35628	1.2844
35628	35629	1.2550
35629	35630	1.2595
35630	35631	1.3118
35631	35632	1.2741
35632	35633	1.2722
35633	35634	1.2996
35634	35635	1.3106
35635	35636	1.3173
35636	35637	1.2887
35637	35638	1.2630
35638	35639	1.2755
35639	35640	1.2655
35640	35641	1.3057
35641	35642	1.3093
35642	35643	1.3060
35643	35644	1.3206
35644	35645	1.3699
35645	35646	1.3759
35646	35647	1.3306
35647	35648	1.3585
35648	35649	1.3616
35649	35650	1.3764
35650	35651	1.3659
35651	35652	1.3739
35652	35653	1.3339
35653	35654	1.3543
35654	35655	1.3459
35655	35656	1.3130
35656	35657	1.3572
35657	35658	1.3469
35658	35659	1.3319
35659	35660	1.3561
35660	35661	1.3317
35661	35662	1.3278
35662	35663	1.3029
35663	35664	1.3011
35664	35665	1.3125
35665	35666	1.3507
35666	35667	1.3676
35667	35668	1.3308
35668	35669	1.3417
35669	35670	1.2925
35670	35671	1.3153
35671	35672	1.3353
35672	35673	1.3821
35673	35674	1.3878
35674	35675	1.3961
35675	35676	1.3783
35676	35677	1.3594
35677	35678	1.3795
35678	35679	1.3821
35679	35680	1.4115
35680	35681	1.3951
35681	35682	1.3932
35682	35683	1.3743
35683	35684	1.3672
35684	35685	1.3481
35685	35686	1.3642
35686	35687	1.3266
35687	35688	1.3381
35688	35689	1.3423
35689	35690	1.3091
35690	35691	1.3624
35691	35692	1.3363
35692	35693	1.3688
35693	35694	1.3605
35694	35695	1.3377
35695	35696	1.3476
35696	35697	1.3302
35697	35698	1.3283
35698	35699	1.3339
35699	35700	1.3698
35700	35701	1.3776
35701	35702	1.3159
35702	35703	1.3218
35703	35704	1.3424
35704	35705	1.3147
35705	35706	1.3094
35706	35707	1.3084
35707	35708	1.2997
35708	35709	1.3392
35709	35710	1.3187
35710	35711	1.3297
35711	35712	1.3672
35712	35713	1.3736
35713	35714	1.3699
35714	35715	1.3762
35715	35716	1.3352
35716	35717	1.3736
35717	35718	1.3675
35718	35719	1.3977
35719	35720	1.4002
35720	35721	1.3998
35721	35722	1.3769
35722	35723	1.3865
35723	35724	1.3911
35724	35725	1.3776
35725	35726	1.3741
35726	35727	1.3994
35727	35728	1.3595
35728	35729	1.4194
35729	35730	1.4037
35730	35731	1.4263
35731	35732	1.4426
35732	35733	1.4318
35733	35734	1.4064
35734	35735	1.3841
35735	35736	1.4012
35736	35737	1.3979
35737	35738	1.3703
35738	35739	1.3994
35739	35740	1.4211
35740	35741	1.4361
35741	35742	1.4276
35742	35743	1.4090
35743	35744	1.4043
35744	35745	1.4709
35745	35746	1.4397
35746	35747	1.4292
35747	35748	1.3823
35748	35749	1.3599
35749	35750	1.3833
35750	35751	1.3744
35751	35752	1.3928
35752	35753	1.3757
35753	35754	1.3634
35754	35755	1.3971
35755	35756	1.3794
35756	35757	1.3722
35757	35758	1.3768
35758	35759	1.3989
35759	35760	1.4124
35760	35761	1.4194
35761	35762	1.3797
35762	35763	1.4209
35763	35764	1.3963
35764	35765	1.3805
35765	35766	1.3943
35766	35767	1.3586
35767	35768	1.3888
35768	35769	1.3985
35769	35770	1.4295
35770	35771	1.3752
35771	35772	1.3956
35772	35773	1.3960
35773	35774	1.3729
35774	35775	1.4001
35775	35776	1.4044
35776	35777	1.3672
35777	35778	1.3473
35778	35779	1.3746
35779	35780	1.4017
35780	35781	1.3560
35781	35782	1.3471
35782	35783	1.3363
35783	35784	1.3024
35784	35785	1.3019
35785	35786	1.3070
35786	35787	1.2870
35787	35788	1.2696
35788	35789	1.2672
35789	35790	1.2698
35790	35791	1.2196
35791	35792	1.2486
35792	35793	1.2958
35793	35794	1.2960
35794	35795	1.3149
35795	35796	1.2853
35796	35797	1.3088
35797	35798	1.3072
35798	35799	1.3265
35799	35800	1.3462
35800	35801	1.3437
35801	35802	1.3708
35802	35803	1.3528
35803	35804	1.3354
35804	35805	1.3155
35805	35806	1.2941
35806	35807	1.3005
35807	35808	1.3433
35808	35809	1.3068
35809	35810	1.3220
35810	35811	1.3702
35811	35812	1.3043
35812	35813	1.3147
35813	35814	1.3312
35814	35815	1.3168
35815	35816	1.2844
35816	35817	1.2977
35817	35818	1.3344
35818	35819	1.3765
35819	35820	1.3890
35820	35821	1.3257
35821	35822	1.3759
35822	35823	1.3539
35823	35824	1.3522
35824	35825	1.3361
35825	35826	1.3192
35826	35827	1.2984
35827	35828	1.3465
35828	35829	1.3335
35829	35830	1.3478
35830	35831	1.3160
35831	35832	1.3768
35832	35833	1.3802
35833	35834	1.3681
35834	35835	1.3538
35835	35836	1.3660
35836	35837	1.3865
35837	35838	1.3263
35838	35839	1.2780
35839	35840	1.2762
35840	35841	1.2945
35841	35842	1.2951
35842	35843	1.3124
35843	35844	1.2852
35844	35845	1.2748
35845	35846	1.2896
35846	35847	1.2978
35847	35848	1.3075
35848	35849	1.3199
35849	35850	1.3285
35850	35851	1.3245
35851	35852	1.2842
35852	35853	1.2967
35853	35854	1.2734
35854	35855	1.2860
35855	35856	1.2861
35856	35857	1.3023
35857	35858	1.3332
35858	35859	1.3131
35859	35860	1.2878
35860	35861	1.3356
35861	35862	1.3076
35862	35863	1.3221
35863	35864	1.3246
35864	35865	1.3424
35865	35866	1.2831
35866	35867	1.3388
35867	35868	1.3322
35868	35869	1.3312
35869	35870	1.2792
35870	35871	1.2813
35871	35872	1.3057
35872	35873	1.3150
35873	35874	1.2996
35874	35875	1.3132
35875	35876	1.2890
35876	35877	1.3389
35877	35878	1.2919
35878	35879	1.3539
35879	35880	1.3731
35880	35881	1.3848
35881	35882	1.3267
35882	35883	1.2917
35883	35884	1.2866
35884	35885	1.2862
35885	35886	1.3371
35886	35887	1.2895
35887	35888	1.3211
35888	35889	1.3075
35889	35890	1.3200
35890	35891	1.3273
35891	35892	1.3526
35892	35893	1.3452
35893	35894	1.2998
35894	35895	1.3412
35895	35896	1.3198
35896	35897	1.3212
35897	35898	1.3271
35898	35899	1.3214
35899	35900	1.3584
35900	35901	1.3399
35901	35902	1.3810
35902	35903	1.3746
35903	35904	1.3874
35904	35905	1.4206
35905	35906	1.4429
35906	35907	1.4541
35907	35908	1.4689
35908	35909	1.4556
35909	35910	1.4908
35910	35911	1.4234
35911	35912	1.4687
35912	35913	1.4219
35913	35914	1.4677
35914	35915	1.4544
35915	35916	1.4510
35916	35917	1.4883
35917	35918	1.4944
35918	35919	1.4755
35919	35920	1.4506
35920	35921	1.4193
35921	35922	1.4455
35922	35923	1.4244
35923	35924	1.4474
35924	35925	1.4342
35925	35926	1.4454
35926	35927	1.3869
35927	35928	1.3999
35928	35929	1.4309
35929	35930	1.4516
35930	35931	1.4327
35931	35932	1.4595
35932	35933	1.4907
35933	35934	1.4360
35934	35935	1.4809
35935	35936	1.4902
35936	35937	1.4653
35937	35938	1.4287
35938	35939	1.4239
35939	35940	1.4217
35940	35941	1.4229
35941	35942	1.4326
35942	35943	1.4226
35943	35944	1.4606
35944	35945	1.5149
35945	35946	1.4713
35946	35947	1.4899
35947	35948	1.4872
35948	35949	1.4945
35949	35950	1.4908
35950	35951	1.5320
35951	35952	1.4753
35952	35953	1.4670
35953	35954	1.4455
35954	35955	1.4759
35955	35956	1.4437
35956	35957	1.4388
35957	35958	1.4314
35958	35959	1.4478
35959	35960	1.4915
35960	35961	1.5072
35961	35962	1.5179
35962	35963	1.5223
35963	35964	1.5270
35964	35965	1.4861
35965	35966	1.5022
35966	35967	1.4515
35967	35968	1.4515
35968	35969	1.4958
35969	35970	1.4768
35970	35971	1.4717
35971	35972	1.4304
35972	35973	1.4953
35973	35974	1.4789
35974	35975	1.4797
35975	35976	1.4594
35976	35977	1.5081
35977	35978	1.5285
35978	35979	1.5643
35979	35980	1.5343
35980	35981	1.5486
35981	35982	1.5284
35982	35983	1.5131
35983	35984	1.5501
35984	35985	1.5877
35985	35986	1.5999
35986	35987	1.5220
35987	35988	1.5723
35988	35989	1.5818
35989	35990	1.5813
35990	35991	1.5380
35991	35992	1.5498
35992	35993	1.5244
35993	35994	1.4736
35994	35995	1.4795
35995	35996	1.4765
35996	35997	1.4900
35997	35998	1.4816
35998	35999	1.5178
35999	36000	1.5024
36000	36001	1.4761
36001	36002	1.4728
36002	36003	1.4726
36003	36004	1.4921
36004	36005	1.4944
36005	36006	1.4992
36006	36007	1.5160
36007	36008	1.4890
36008	36009	1.5320
36009	36010	1.5368
36010	36011	1.5409
36011	36012	1.5242
36012	36013	1.4989
36013	36014	1.4878
36014	36015	1.4110
36015	36016	1.4563
36016	36017	1.4480
36017	36018	1.4098
36018	36019	1.4360
36019	36020	1.4263
36020	36021	1.4310
36021	36022	1.4572
36022	36023	1.4539
36023	36024	1.4713
36024	36025	1.4439
36025	36026	1.4494
36026	36027	1.4310
36027	36028	1.3801
36028	36029	1.3997
36029	36030	1.4085
36030	36031	1.3963
36031	36032	1.4279
36032	36033	1.4214
36033	36034	1.4496
36034	36035	1.4762
36035	36036	1.4845
36036	36037	1.4703
36037	36038	1.4829
36038	36039	1.4532
36039	36040	1.4419
36040	36041	1.4710
36041	36042	1.4700
36042	36043	1.4728
36043	36044	1.4939
36044	36045	1.5194
36045	36046	1.4722
36046	36047	1.4974
36047	36048	1.5420
36048	36049	1.5430
36049	36050	1.5102
36050	36051	1.4774
36051	36052	1.4888
36052	36053	1.4854
36053	36054	1.5193
36054	36055	1.5337
36055	36056	1.5018
36056	36057	1.4829
36057	36058	1.5675
36058	36059	1.5508
36059	36060	1.5282
36060	36061	1.5572
36061	36062	1.5236
36062	36063	1.5102
36063	36064	1.5257
36064	36065	1.5267
36065	36066	1.5453
36066	36067	1.5277
36067	36068	1.4979
36068	36069	1.4838
36069	36070	1.4543
36070	36071	1.4862
36071	36072	1.5308
36072	36073	1.5230
36073	36074	1.5093
36074	36075	1.4947
36075	36076	1.5422
36076	36077	1.5163
36077	36078	1.5401
36078	36079	1.5124
36079	36080	1.5321
36080	36081	1.5374
36081	36082	1.5412
36082	36083	1.5203
36083	36084	1.5038
36084	36085	1.5192
36085	36086	1.4942
36086	36087	1.5109
36087	36088	1.4651
36088	36089	1.4701
36089	36090	1.4680
36090	36091	1.4596
36091	36092	1.4446
36092	36093	1.4723
36093	36094	1.4830
36094	36095	1.4469
36095	36096	1.4484
36096	36097	1.4209
36097	36098	1.4066
36098	36099	1.3386
36099	36100	1.3478
36100	36101	1.3494
36101	36102	1.3835
36102	36103	1.3803
36103	36104	1.3660
36104	36105	1.3404
36105	36106	1.3878
36106	36107	1.3151
36107	36108	1.3423
36108	36109	1.3135
36109	36110	1.3585
36110	36111	1.3547
36111	36112	1.4034
36112	36113	1.4236
36113	36114	1.4034
36114	36115	1.3953
36115	36116	1.4160
36116	36117	1.3844
36117	36118	1.4338
36118	36119	1.4159
36119	36120	1.3956
36120	36121	1.3923
36121	36122	1.3909
36122	36123	1.4083
36123	36124	1.3976
36124	36125	1.3873
36125	36126	1.4017
36126	36127	1.4563
36127	36128	1.4534
36128	36129	1.4482
36129	36130	1.4489
36130	36131	1.4899
36131	36132	1.4550
36132	36133	1.4436
36133	36134	1.4702
36134	36135	1.4862
36135	36136	1.4473
36136	36137	1.4484
36137	36138	1.4674
36138	36139	1.4812
36139	36140	1.4771
36140	36141	1.4988
36141	36142	1.5083
36142	36143	1.5738
36143	36144	1.4696
36144	36145	1.4741
36145	36146	1.5203
36146	36147	1.5177
36147	36148	1.5666
36148	36149	1.5452
36149	36150	1.5168
36150	36151	1.4889
36151	36152	1.4912
36152	36153	1.4684
36153	36154	1.4669
36154	36155	1.4977
36155	36156	1.4998
36156	36157	1.5142
36157	36158	1.5155
36158	36159	1.5328
36159	36160	1.5258
36160	36161	1.5410
36161	36162	1.5119
36162	36163	1.4970
36163	36164	1.4214
36164	36165	1.4165
36165	36166	1.4610
36166	36167	1.4357
36167	36168	1.4613
36168	36169	1.4538
36169	36170	1.4763
36170	36171	1.4923
36171	36172	1.4597
36172	36173	1.4683
36173	36174	1.4971
36174	36175	1.5054
36175	36176	1.5226
36176	36177	1.4834
36177	36178	1.4789
36178	36179	1.4594
36179	36180	1.4939
36180	36181	1.5311
36181	36182	1.5652
36182	36183	1.5361
36183	36184	1.4828
36184	36185	1.5171
36185	36186	1.5052
36186	36187	1.5392
36187	36188	1.5262
36188	36189	1.5046
36189	36190	1.5039
36190	36191	1.5349
36191	36192	1.5385
36192	36193	1.5307
36193	36194	1.4913
36194	36195	1.5083
36195	36196	1.5165
36196	36197	1.4714
36197	36198	1.4688
36198	36199	1.4885
36199	36200	1.4897
36200	36201	1.4846
36201	36202	1.4748
36202	36203	1.4985
36203	36204	1.4556
36204	36205	1.4322
36205	36206	1.4686
36206	36207	1.4593
36207	36208	1.4411
36208	36209	1.4547
36209	36210	1.4515
36210	36211	1.4731
36211	36212	1.4012
36212	36213	1.4461
36213	36214	1.4126
36214	36215	1.4497
36215	36216	1.4227
36216	36217	1.4554
36217	36218	1.4755
36218	36219	1.4761
36219	36220	1.4521
36220	36221	1.4456
36221	36222	1.4658
36222	36223	1.4345
36223	36224	1.4632
36224	36225	1.5461
36225	36226	1.5139
36226	36227	1.4683
36227	36228	1.4803
36228	36229	1.4390
36229	36230	1.4827
36230	36231	1.4817
36231	36232	1.4663
36232	36233	1.4745
36233	36234	1.4384
36234	36235	1.4353
36235	36236	1.4592
36236	36237	1.4606
36237	36238	1.4609
36238	36239	1.4398
36239	36240	1.4686
36240	36241	1.4743
36241	36242	1.4897
36242	36243	1.4477
36243	36244	1.4793
36244	36245	1.4856
36245	36246	1.4388
36246	36247	1.4683
36247	36248	1.4627
36248	36249	1.4898
36249	36250	1.4506
36250	36251	1.4364
36251	36252	1.4564
36252	36253	1.4459
36253	36254	1.4199
36254	36255	1.4350
36255	36256	1.3925
36256	36257	1.3767
36257	36258	1.3549
36258	36259	1.3881
36259	36260	1.3646
36260	36261	1.3990
36261	36262	1.4192
36262	36263	1.3901
36263	36264	1.4202
36264	36265	1.3898
36265	36266	1.4233
36266	36267	1.4342
36267	36268	1.4010
36268	36269	1.3974
36269	36270	1.3985
36270	36271	1.4255
36271	36272	1.4223
36272	36273	1.4272
36273	36274	1.4205
36274	36275	1.4150
36275	36276	1.3882
36276	36277	1.3636
36277	36278	1.4114
36278	36279	1.4037
36279	36280	1.3802
36280	36281	1.4142
36281	36282	1.3988
36282	36283	1.3968
36283	36284	1.3479
36284	36285	1.3919
36285	36286	1.4371
36286	36287	1.4656
36287	36288	1.4646
36288	36289	1.4393
36289	36290	1.4713
36290	36291	1.4497
36291	36292	1.4516
36292	36293	1.4579
36293	36294	1.4562
36294	36295	1.4265
36295	36296	1.4645
36296	36297	1.4164
36297	36298	1.4272
36298	36299	1.3918
36299	36300	1.3675
36300	36301	1.3968
36301	36302	1.4009
36302	36303	1.4274
36303	36304	1.3974
36304	36305	1.4452
36305	36306	1.4375
36306	36307	1.4404
36307	36308	1.4543
36308	36309	1.4395
36309	36310	1.4244
36310	36311	1.4437
36311	36312	1.4992
36312	36313	1.5001
36313	36314	1.4425
36314	36315	1.4079
36315	36316	1.3943
36316	36317	1.3759
36317	36318	1.3893
36318	36319	1.3842
36319	36320	1.3886
36320	36321	1.4027
36321	36322	1.4416
36322	36323	1.3915
36323	36324	1.4154
36324	36325	1.3918
36325	36326	1.3853
36326	36327	1.4482
36327	36328	1.4601
36328	36329	1.4541
36329	36330	1.4832
36330	36331	1.5429
36331	36332	1.5218
36332	36333	1.4951
36333	36334	1.5188
36334	36335	1.5461
36335	36336	1.5029
36336	36337	1.5352
36337	36338	1.5085
36338	36339	1.5105
36339	36340	1.5050
36340	36341	1.4915
36341	36342	1.5245
36342	36343	1.5442
36343	36344	1.4909
36344	36345	1.5122
36345	36346	1.5354
36346	36347	1.5425
36347	36348	1.5285
36348	36349	1.4754
36349	36350	1.4587
36350	36351	1.4644
36351	36352	1.4791
36352	36353	1.4790
36353	36354	1.4621
36354	36355	1.4655
36355	36356	1.4613
36356	36357	1.4903
36357	36358	1.4649
36358	36359	1.5388
36359	36360	1.5337
36360	36361	1.5363
36361	36362	1.5870
36362	36363	1.5761
36363	36364	1.6200
36364	36365	1.5512
36365	36366	1.5693
36366	36367	1.5347
36367	36368	1.5525
36368	36369	1.5813
36369	36370	1.5589
36370	36371	1.5535
36371	36372	1.5215
36372	36373	1.4944
36373	36374	1.5463
36374	36375	1.5176
36375	36376	1.5252
36376	36377	1.5368
36377	36378	1.4763
36378	36379	1.4885
36379	36380	1.5191
36380	36381	1.5417
36381	36382	1.5299
36382	36383	1.5282
36383	36384	1.5415
36384	36385	1.4989
36385	36386	1.4838
36386	36387	1.4720
36387	36388	1.5186
36388	36389	1.4835
36389	36390	1.5010
36390	36391	1.4866
36391	36392	1.5021
36392	36393	1.4619
36393	36394	1.5028
36394	36395	1.4650
36395	36396	1.4499
36396	36397	1.4408
36397	36398	1.4848
36398	36399	1.4467
36399	36400	1.4339
36400	36401	1.4618
36401	36402	1.4636
36402	36403	1.4652
36403	36404	1.4842
36404	36405	1.4470
36405	36406	1.4826
36406	36407	1.4642
36407	36408	1.5004
36408	36409	1.4668
36409	36410	1.5046
36410	36411	1.5180
36411	36412	1.4880
36412	36413	1.4997
36413	36414	1.5765
36414	36415	1.5248
36415	36416	1.5049
36416	36417	1.4835
36417	36418	1.4760
36418	36419	1.4649
36419	36420	1.4984
36420	36421	1.5475
36421	36422	1.5550
36422	36423	1.5536
36423	36424	1.5538
36424	36425	1.5333
36425	36426	1.4978
36426	36427	1.5182
36427	36428	1.5044
36428	36429	1.5292
36429	36430	1.4962
36430	36431	1.5167
36431	36432	1.5349
36432	36433	1.4853
36433	36434	1.4532
36434	36435	1.4743
36435	36436	1.4516
36436	36437	1.4779
36437	36438	1.5063
36438	36439	1.4802
36439	36440	1.5103
36440	36441	1.5023
36441	36442	1.4761
36442	36443	1.4909
36443	36444	1.5117
36444	36445	1.5216
36445	36446	1.5291
36446	36447	1.4945
36447	36448	1.4938
36448	36449	1.4906
36449	36450	1.5101
36450	36451	1.4728
36451	36452	1.5106
36452	36453	1.5419
36453	36454	1.5589
36454	36455	1.6042
36455	36456	1.5535
36456	36457	1.5604
36457	36458	1.5495
36458	36459	1.5315
36459	36460	1.5780
36460	36461	1.5583
36461	36462	1.5580
36462	36463	1.6128
36463	36464	1.5627
36464	36465	1.5343
36465	36466	1.5589
36466	36467	1.6027
36467	36468	1.5667
36468	36469	1.5995
36469	36470	1.6003
36470	36471	1.5470
36471	36472	1.6151
36472	36473	1.5534
36473	36474	1.5418
36474	36475	1.5307
36475	36476	1.5705
36476	36477	1.5631
36477	36478	1.5467
36478	36479	1.5189
36479	36480	1.5464
36480	36481	1.5553
36481	36482	1.5458
36482	36483	1.6080
36483	36484	1.6074
36484	36485	1.6066
36485	36486	1.5604
36486	36487	1.5542
36487	36488	1.5180
36488	36489	1.5150
36489	36490	1.5349
36490	36491	1.5509
36491	36492	1.5495
36492	36493	1.5300
36493	36494	1.5244
36494	36495	1.5068
36495	36496	1.5073
36496	36497	1.4868
36497	36498	1.5221
36498	36499	1.5393
36499	36500	1.5595
36500	36501	1.5507
36501	36502	1.5313
36502	36503	1.5506
36503	36504	1.6053
36504	36505	1.5955
36505	36506	1.5898
36506	36507	1.5634
36507	36508	1.5600
36508	36509	1.5945
36509	36510	1.6098
36510	36511	1.6073
36511	36512	1.5949
36512	36513	1.5611
36513	36514	1.5859
36514	36515	1.6465
36515	36516	1.6430
36516	36517	1.6078
36517	36518	1.5654
36518	36519	1.5297
36519	36520	1.5095
36520	36521	1.5358
36521	36522	1.5178
36522	36523	1.5504
36523	36524	1.5097
36524	36525	1.5302
36525	36526	1.5584
36526	36527	1.5103
36527	36528	1.5432
36528	36529	1.5541
36529	36530	1.5350
36530	36531	1.5374
36531	36532	1.5540
36532	36533	1.5202
36533	36534	1.5291
36534	36535	1.5264
36535	36536	1.5445
36536	36537	1.5227
36537	36538	1.5186
36538	36539	1.5516
36539	36540	1.5571
36540	36541	1.5270
36541	36542	1.5011
36542	36543	1.5446
36543	36544	1.5713
36544	36545	1.5592
36545	36546	1.5641
36546	36547	1.5826
36547	36548	1.5714
36548	36549	1.5995
36549	36550	1.5698
36550	36551	1.5834
36551	36552	1.5626
36552	36553	1.5995
36553	36554	1.6372
36554	36555	1.5767
36555	36556	1.5973
36556	36557	1.5720
36557	36558	1.5741
36558	36559	1.5648
36559	36560	1.5915
36560	36561	1.5629
36561	36562	1.6076
36562	36563	1.5919
36563	36564	1.5646
36564	36565	1.6064
36565	36566	1.6457
36566	36567	1.6064
36567	36568	1.6287
36568	36569	1.6345
36569	36570	1.6333
36570	36571	1.6265
36571	36572	1.6666
36572	36573	1.7016
36573	36574	1.7073
36574	36575	1.6822
36575	36576	1.7268
36576	36577	1.6625
36577	36578	1.6452
36578	36579	1.6758
36579	36580	1.6482
36580	36581	1.6443
36581	36582	1.6655
36582	36583	1.6641
36583	36584	1.6864
36584	36585	1.7037
36585	36586	1.6714
36586	36587	1.6774
36587	36588	1.6403
36588	36589	1.6233
36589	36590	1.6393
36590	36591	1.6481
36591	36592	1.6066
36592	36593	1.5600
36593	36594	1.5679
36594	36595	1.6109
36595	36596	1.6311
36596	36597	1.6045
36597	36598	1.5899
36598	36599	1.6335
36599	36600	1.6436
36600	36601	1.6047
36601	36602	1.6941
36602	36603	1.6959
36603	36604	1.6925
36604	36605	1.7409
36605	36606	1.7451
36606	36607	1.7411
36607	36608	1.7438
36608	36609	1.7476
36609	36610	1.7642
36610	36611	1.7074
36611	36612	1.6890
36612	36613	1.6520
36613	36614	1.6555
36614	36615	1.6335
36615	36616	1.6845
36616	36617	1.6842
36617	36618	1.6576
36618	36619	1.6322
36619	36620	1.6546
36620	36621	1.6198
36621	36622	1.6216
36622	36623	1.6004
36623	36624	1.6157
36624	36625	1.6206
36625	36626	1.5882
36626	36627	1.5754
36627	36628	1.6199
36628	36629	1.6100
36629	36630	1.6320
36630	36631	1.6233
36631	36632	1.6062
36632	36633	1.5938
36633	36634	1.5371
36634	36635	1.5292
36635	36636	1.5390
36636	36637	1.5114
36637	36638	1.5498
36638	36639	1.5390
36639	36640	1.5230
36640	36641	1.5458
36641	36642	1.5640
36642	36643	1.5085
36643	36644	1.4935
36644	36645	1.4732
36645	36646	1.4582
36646	36647	1.4356
36647	36648	1.4616
36648	36649	1.4481
36649	36650	1.4353
36650	36651	1.4928
36651	36652	1.5576
36652	36653	1.5360
36653	36654	1.4761
36654	36655	1.4558
36655	36656	1.5052
36656	36657	1.5353
36657	36658	1.4977
36658	36659	1.4900
36659	36660	1.4788
36660	36661	1.5051
36661	36662	1.4955
36662	36663	1.5020
36663	36664	1.4844
36664	36665	1.5151
36665	36666	1.4953
36666	36667	1.4997
36667	36668	1.5078
36668	36669	1.4996
36669	36670	1.4994
36670	36671	1.5383
36671	36672	1.5291
36672	36673	1.5321
36673	36674	1.5238
36674	36675	1.5286
36675	36676	1.5310
36676	36677	1.5234
36677	36678	1.5094
36678	36679	1.5088
36679	36680	1.5081
36680	36681	1.4906
36681	36682	1.5181
36682	36683	1.4684
36683	36684	1.4779
36684	36685	1.5227
36685	36686	1.5045
36686	36687	1.5000
36687	36688	1.4971
36688	36689	1.5636
36689	36690	1.5717
36690	36691	1.5276
36691	36692	1.5169
36692	36693	1.5303
36693	36694	1.5741
36694	36695	1.5630
36695	36696	1.5511
36696	36697	1.5751
36697	36698	1.5579
36698	36699	1.5791
36699	36700	1.5701
36700	36701	1.5461
36701	36702	1.5726
36702	36703	1.5817
36703	36704	1.6377
36704	36705	1.6030
36705	36706	1.5944
36706	36707	1.5935
36707	36708	1.5982
36708	36709	1.5678
36709	36710	1.5979
36710	36711	1.5631
36711	36712	1.5424
36712	36713	1.5670
36713	36714	1.5383
36714	36715	1.5383
36715	36716	1.5582
36716	36717	1.5697
36717	36718	1.5810
36718	36719	1.5907
36719	36720	1.5934
36720	36721	1.5926
36721	36722	1.5943
36722	36723	1.6180
36723	36724	1.6178
36724	36725	1.5772
36725	36726	1.6158
36726	36727	1.5895
36727	36728	1.6029
36728	36729	1.6231
36729	36730	1.6088
36730	36731	1.6650
36731	36732	1.6402
36732	36733	1.6279
36733	36734	1.6003
36734	36735	1.6142
36735	36736	1.6277
36736	36737	1.6248
36737	36738	1.5786
36738	36739	1.6054
36739	36740	1.5900
36740	36741	1.5875
36741	36742	1.6286
36742	36743	1.6327
36743	36744	1.6143
36744	36745	1.6376
36745	36746	1.6609
36746	36747	1.6731
36747	36748	1.6601
36748	36749	1.6626
36749	36750	1.6576
36750	36751	1.6389
36751	36752	1.6018
36752	36753	1.5989
36753	36754	1.6002
36754	36755	1.5821
36755	36756	1.5930
36756	36757	1.6385
36757	36758	1.6288
36758	36759	1.6658
36759	36760	1.6634
36760	36761	1.6718
36761	36762	1.6665
36762	36763	1.6407
36763	36764	1.6146
36764	36765	1.6113
36765	36766	1.6086
36766	36767	1.6037
36767	36768	1.6134
36768	36769	1.6092
36769	36770	1.6132
36770	36771	1.6251
36771	36772	1.6157
36772	36773	1.6279
36773	36774	1.6395
36774	36775	1.6643
36775	36776	1.6540
36776	36777	1.6255
36777	36778	1.6240
36778	36779	1.6471
36779	36780	1.6375
36780	36781	1.6472
36781	36782	1.6289
36782	36783	1.5962
36783	36784	1.6019
36784	36785	1.6247
36785	36786	1.5849
36786	36787	1.5625
36787	36788	1.5682
36788	36789	1.6259
36789	36790	1.6448
36790	36791	1.6029
36791	36792	1.6371
36792	36793	1.5755
36793	36794	1.6309
36794	36795	1.6299
36795	36796	1.6104
36796	36797	1.6190
36797	36798	1.6108
36798	36799	1.5986
36799	36800	1.5907
36800	36801	1.6318
36801	36802	1.6353
36802	36803	1.6371
36803	36804	1.6039
36804	36805	1.6307
36805	36806	1.6131
36806	36807	1.5727
36807	36808	1.5833
36808	36809	1.5936
36809	36810	1.5687
36810	36811	1.6062
36811	36812	1.5574
36812	36813	1.5748
36813	36814	1.5869
36814	36815	1.5845
36815	36816	1.5752
36816	36817	1.5888
36817	36818	1.5133
36818	36819	1.5019
36819	36820	1.5442
36820	36821	1.5459
36821	36822	1.5779
36822	36823	1.6063
36823	36824	1.6063
36824	36825	1.5965
36825	36826	1.5787
36826	36827	1.5899
36827	36828	1.6199
36828	36829	1.6073
36829	36830	1.5788
36830	36831	1.5554
36831	36832	1.6023
36832	36833	1.5784
36833	36834	1.5648
36834	36835	1.5779
36835	36836	1.6147
36836	36837	1.6103
36837	36838	1.5881
36838	36839	1.6250
36839	36840	1.6080
36840	36841	1.5792
36841	36842	1.6167
36842	36843	1.6295
36843	36844	1.6235
36844	36845	1.6415
36845	36846	1.5657
36846	36847	1.6082
36847	36848	1.6117
36848	36849	1.6442
36849	36850	1.6527
36850	36851	1.6978
36851	36852	1.6879
36852	36853	1.6264
36853	36854	1.6424
36854	36855	1.6274
36855	36856	1.6270
36856	36857	1.6320
36857	36858	1.6054
36858	36859	1.6040
36859	36860	1.5945
36860	36861	1.6461
36861	36862	1.6229
36862	36863	1.6321
36863	36864	1.6375
36864	36865	1.6101
36865	36866	1.6469
36866	36867	1.6056
36867	36868	1.6216
36868	36869	1.6074
36869	36870	1.5660
36870	36871	1.5701
36871	36872	1.5870
36872	36873	1.5429
36873	36874	1.5525
36874	36875	1.5825
36875	36876	1.5701
36876	36877	1.5948
36877	36878	1.5434
36878	36879	1.5327
36879	36880	1.5801
36880	36881	1.5939
36881	36882	1.6437
36882	36883	1.6284
36883	36884	1.6627
36884	36885	1.6466
36885	36886	1.6763
36886	36887	1.6443
36887	36888	1.6367
36888	36889	1.6057
36889	36890	1.6198
36890	36891	1.6236
36891	36892	1.6209
36892	36893	1.5872
36893	36894	1.5846
36894	36895	1.6070
36895	36896	1.6032
36896	36897	1.5709
36897	36898	1.5527
36898	36899	1.5201
36899	36900	1.5520
36900	36901	1.6000
36901	36902	1.5584
36902	36903	1.5912
36903	36904	1.5660
36904	36905	1.5582
36905	36906	1.5454
36906	36907	1.5477
36907	36908	1.5400
36908	36909	1.5172
36909	36910	1.5310
36910	36911	1.5437
36911	36912	1.5557
36912	36913	1.5345
36913	36914	1.5609
36914	36915	1.5494
36915	36916	1.5028
36916	36917	1.5190
36917	36918	1.5128
36918	36919	1.5529
36919	36920	1.5420
36920	36921	1.5298
36921	36922	1.5538
36922	36923	1.5772
36923	36924	1.5773
36924	36925	1.5518
36925	36926	1.5498
36926	36927	1.5282
36927	36928	1.5496
36928	36929	1.5449
36929	36930	1.5422
36930	36931	1.5452
36931	36932	1.5589
36932	36933	1.5480
36933	36934	1.5492
36934	36935	1.5030
36935	36936	1.5059
36936	36937	1.5090
36937	36938	1.5128
36938	36939	1.5328
36939	36940	1.5028
36940	36941	1.5129
36941	36942	1.4933
36942	36943	1.4961
36943	36944	1.5186
36944	36945	1.5137
36945	36946	1.5399
36946	36947	1.5052
36947	36948	1.5030
36948	36949	1.4727
36949	36950	1.4286
36950	36951	1.4721
36951	36952	1.4570
36952	36953	1.4826
36953	36954	1.4711
36954	36955	1.4449
36955	36956	1.4624
36956	36957	1.4529
36957	36958	1.4427
36958	36959	1.4368
36959	36960	1.4910
36960	36961	1.4844
36961	36962	1.4907
36962	36963	1.5302
36963	36964	1.4616
36964	36965	1.4449
36965	36966	1.4392
36966	36967	1.4523
36967	36968	1.4355
36968	36969	1.4413
36969	36970	1.4421
36970	36971	1.4418
36971	36972	1.4489
36972	36973	1.4417
36973	36974	1.4278
36974	36975	1.4550
36975	36976	1.4182
36976	36977	1.4438
36977	36978	1.4406
36978	36979	1.4135
36979	36980	1.4727
36980	36981	1.4381
36981	36982	1.4756
36982	36983	1.4637
36983	36984	1.4415
36984	36985	1.4139
36985	36986	1.4340
36986	36987	1.4392
36987	36988	1.4606
36988	36989	1.5036
36989	36990	1.4886
36990	36991	1.4993
36991	36992	1.4986
36992	36993	1.4963
36993	36994	1.4930
36994	36995	1.4853
36995	36996	1.4564
36996	36997	1.4430
36997	36998	1.4598
36998	36999	1.4118
36999	37000	1.4042
37000	37001	1.4259
37001	37002	1.4408
37002	37003	1.4192
37003	37004	1.4595
37004	37005	1.4701
37005	37006	1.4166
37006	37007	1.4142
37007	37008	1.3983
37008	37009	1.3920
37009	37010	1.4380
37010	37011	1.4462
37011	37012	1.4703
37012	37013	1.4765
37013	37014	1.4414
37014	37015	1.4632
37015	37016	1.4248
37016	37017	1.4370
37017	37018	1.4420
37018	37019	1.4223
37019	37020	1.4998
37020	37021	1.4849
37021	37022	1.4808
37022	37023	1.5079
37023	37024	1.4938
37024	37025	1.5116
37025	37026	1.5469
37026	37027	1.4765
37027	37028	1.4615
37028	37029	1.5160
37029	37030	1.5289
37030	37031	1.4849
37031	37032	1.5036
37032	37033	1.5094
37033	37034	1.5207
37034	37035	1.4585
37035	37036	1.4719
37036	37037	1.5049
37037	37038	1.4486
37038	37039	1.4661
37039	37040	1.4707
37040	37041	1.4844
37041	37042	1.4928
37042	37043	1.4441
37043	37044	1.4287
37044	37045	1.4021
37045	37046	1.3941
37046	37047	1.4093
37047	37048	1.4225
37048	37049	1.4369
37049	37050	1.3975
37050	37051	1.4007
37051	37052	1.3858
37052	37053	1.4330
37053	37054	1.4271
37054	37055	1.4064
37055	37056	1.4103
37056	37057	1.4132
37057	37058	1.3821
37058	37059	1.4240
37059	37060	1.3982
37060	37061	1.4068
37061	37062	1.3898
37062	37063	1.3435
37063	37064	1.3697
37064	37065	1.3700
37065	37066	1.3730
37066	37067	1.3925
37067	37068	1.4067
37068	37069	1.3833
37069	37070	1.3527
37070	37071	1.3628
37071	37072	1.3453
37072	37073	1.2941
37073	37074	1.2998
37074	37075	1.2717
37075	37076	1.3065
37076	37077	1.2880
37077	37078	1.3109
37078	37079	1.3035
37079	37080	1.2904
37080	37081	1.2894
37081	37082	1.2753
37082	37083	1.2944
37083	37084	1.2958
37084	37085	1.2974
37085	37086	1.3382
37086	37087	1.3672
37087	37088	1.3448
37088	37089	1.3386
37089	37090	1.3872
37090	37091	1.3729
37091	37092	1.3619
37092	37093	1.3181
37093	37094	1.2753
37094	37095	1.3099
37095	37096	1.3040
37096	37097	1.3218
37097	37098	1.2943
37098	37099	1.3009
37099	37100	1.3040
37100	37101	1.2866
37101	37102	1.2857
37102	37103	1.3381
37103	37104	1.3412
37104	37105	1.3609
37105	37106	1.3424
37106	37107	1.3270
37107	37108	1.3488
37108	37109	1.3766
37109	37110	1.3636
37110	37111	1.3309
37111	37112	1.3468
37112	37113	1.3402
37113	37114	1.3400
37114	37115	1.3246
37115	37116	1.2999
37116	37117	1.3279
37117	37118	1.3411
37118	37119	1.2870
37119	37120	1.2658
37120	37121	1.2808
37121	37122	1.2434
37122	37123	1.2795
37123	37124	1.3064
37124	37125	1.3620
37125	37126	1.3664
37126	37127	1.3228
37127	37128	1.2600
37128	37129	1.3245
37129	37130	1.2819
37130	37131	1.2995
37131	37132	1.3290
37132	37133	1.3274
37133	37134	1.3197
37134	37135	1.3290
37135	37136	1.3620
37136	37137	1.3429
37137	37138	1.3421
37138	37139	1.3716
37139	37140	1.3227
37140	37141	1.3975
37141	37142	1.3970
37142	37143	1.3735
37143	37144	1.4493
37144	37145	1.4176
37145	37146	1.4040
37146	37147	1.4121
37147	37148	1.4003
37148	37149	1.3832
37149	37150	1.3955
37150	37151	1.4690
37151	37152	1.4712
37152	37153	1.4354
37153	37154	1.4462
37154	37155	1.4206
37155	37156	1.4224
37156	37157	1.4553
37157	37158	1.4238
37158	37159	1.4007
37159	37160	1.4722
37160	37161	1.4764
37161	37162	1.4506
37162	37163	1.4434
37163	37164	1.4126
37164	37165	1.4501
37165	37166	1.4161
37166	37167	1.4265
37167	37168	1.4353
37168	37169	1.4308
37169	37170	1.3980
37170	37171	1.4429
37171	37172	1.4146
37172	37173	1.4135
37173	37174	1.4022
37174	37175	1.4123
37175	37176	1.4412
37176	37177	1.4368
37177	37178	1.4780
37178	37179	1.4564
37179	37180	1.4610
37180	37181	1.4472
37181	37182	1.4444
37182	37183	1.4448
37183	37184	1.4717
37184	37185	1.4649
37185	37186	1.4240
37186	37187	1.3929
37187	37188	1.4042
37188	37189	1.4220
37189	37190	1.4442
37190	37191	1.4178
37191	37192	1.3990
37192	37193	1.3999
37193	37194	1.3785
37194	37195	1.3610
37195	37196	1.3478
37196	37197	1.4359
37197	37198	1.4782
37198	37199	1.4728
37199	37200	1.4590
37200	37201	1.4759
37201	37202	1.4868
37202	37203	1.4399
37203	37204	1.4434
37204	37205	1.4074
37205	37206	1.3998
37206	37207	1.4007
37207	37208	1.4004
37208	37209	1.4168
37209	37210	1.4230
37210	37211	1.4001
37211	37212	1.3889
37212	37213	1.4116
37213	37214	1.4123
37214	37215	1.3930
37215	37216	1.4232
37216	37217	1.4243
37217	37218	1.3894
37218	37219	1.3839
37219	37220	1.4041
37220	37221	1.4110
37221	37222	1.3897
37222	37223	1.4261
37223	37224	1.4039
37224	37225	1.4352
37225	37226	1.4017
37226	37227	1.4093
37227	37228	1.4380
37228	37229	1.4290
37229	37230	1.4332
37230	37231	1.4119
37231	37232	1.3901
37232	37233	1.3981
37233	37234	1.3662
37234	37235	1.4035
37235	37236	1.3825
37236	37237	1.4009
37237	37238	1.4565
37238	37239	1.4943
37239	37240	1.4593
37240	37241	1.4740
37241	37242	1.4362
37242	37243	1.4202
37243	37244	1.4074
37244	37245	1.4034
37245	37246	1.3736
37246	37247	1.3143
37247	37248	1.3466
37248	37249	1.3611
37249	37250	1.3481
37250	37251	1.3989
37251	37252	1.3439
37252	37253	1.3608
37253	37254	1.3633
37254	37255	1.3376
37255	37256	1.3259
37256	37257	1.3571
37257	37258	1.3556
37258	37259	1.3231
37259	37260	1.3136
37260	37261	1.3268
37261	37262	1.3372
37262	37263	1.3456
37263	37264	1.3136
37264	37265	1.3386
37265	37266	1.3702
37266	37267	1.3595
37267	37268	1.3632
37268	37269	1.3548
37269	37270	1.3716
37270	37271	1.3609
37271	37272	1.3441
37272	37273	1.3697
37273	37274	1.3287
37274	37275	1.3204
37275	37276	1.3273
37276	37277	1.3131
37277	37278	1.3274
37278	37279	1.3385
37279	37280	1.3235
37280	37281	1.2958
37281	37282	1.3045
37282	37283	1.3075
37283	37284	1.2818
37284	37285	1.2798
37285	37286	1.3097
37286	37287	1.2965
37287	37288	1.2635
37288	37289	1.2768
37289	37290	1.2819
37290	37291	1.3217
37291	37292	1.3112
37292	37293	1.2981
37293	37294	1.3107
37294	37295	1.3262
37295	37296	1.3037
37296	37297	1.3414
37297	37298	1.3485
37298	37299	1.3296
37299	37300	1.3146
37300	37301	1.3180
37301	37302	1.3242
37302	37303	1.3515
37303	37304	1.4073
37304	37305	1.3819
37305	37306	1.3925
37306	37307	1.3235
37307	37308	1.3393
37308	37309	1.3157
37309	37310	1.3194
37310	37311	1.3220
37311	37312	1.3659
37312	37313	1.3792
37313	37314	1.4012
37314	37315	1.3785
37315	37316	1.3591
37316	37317	1.3536
37317	37318	1.3796
37318	37319	1.4294
37319	37320	1.4144
37320	37321	1.3770
37321	37322	1.4255
37322	37323	1.4289
37323	37324	1.4434
37324	37325	1.4355
37325	37326	1.4206
37326	37327	1.4243
37327	37328	1.4393
37328	37329	1.3898
37329	37330	1.3762
37330	37331	1.4190
37331	37332	1.3987
37332	37333	1.4025
37333	37334	1.3926
37334	37335	1.4034
37335	37336	1.3549
37336	37337	1.3447
37337	37338	1.3937
37338	37339	1.3856
37339	37340	1.3854
37340	37341	1.3931
37341	37342	1.4273
37342	37343	1.3911
37343	37344	1.4093
37344	37345	1.3836
37345	37346	1.4128
37346	37347	1.4112
37347	37348	1.4157
37348	37349	1.4214
37349	37350	1.4379
37350	37351	1.4095
37351	37352	1.3525
37352	37353	1.3675
37353	37354	1.4058
37354	37355	1.4021
37355	37356	1.4029
37356	37357	1.3948
37357	37358	1.3889
37358	37359	1.3892
37359	37360	1.3387
37360	37361	1.3688
37361	37362	1.4180
37362	37363	1.4343
37363	37364	1.4282
37364	37365	1.4158
37365	37366	1.4099
37366	37367	1.4442
37367	37368	1.3980
37368	37369	1.4151
37369	37370	1.4121
37370	37371	1.3956
37371	37372	1.4122
37372	37373	1.4092
37373	37374	1.3881
37374	37375	1.4095
37375	37376	1.4108
37376	37377	1.4031
37377	37378	1.4096
37378	37379	1.3956
37379	37380	1.4057
37380	37381	1.3904
37381	37382	1.4376
37382	37383	1.4278
37383	37384	1.4439
37384	37385	1.4500
37385	37386	1.4622
37386	37387	1.4498
37387	37388	1.4451
37388	37389	1.4574
37389	37390	1.4368
37390	37391	1.4251
37391	37392	1.4102
37392	37393	1.4271
37393	37394	1.4257
37394	37395	1.3883
37395	37396	1.4252
37396	37397	1.3928
37397	37398	1.4372
37398	37399	1.3741
37399	37400	1.3907
37400	37401	1.4105
37401	37402	1.4303
37402	37403	1.4320
37403	37404	1.3979
37404	37405	1.3821
37405	37406	1.3618
37406	37407	1.3792
37407	37408	1.3780
37408	37409	1.3866
37409	37410	1.4006
37410	37411	1.3719
37411	37412	1.4130
37412	37413	1.4187
37413	37414	1.4361
37414	37415	1.3946
37415	37416	1.4250
37416	37417	1.3917
37417	37418	1.3999
37418	37419	1.3820
37419	37420	1.3939
37420	37421	1.4032
37421	37422	1.4204
37422	37423	1.3701
37423	37424	1.3964
37424	37425	1.3797
37425	37426	1.4095
37426	37427	1.4531
37427	37428	1.4784
37428	37429	1.4323
37429	37430	1.4477
37430	37431	1.4578
37431	37432	1.4459
37432	37433	1.4602
37433	37434	1.4345
37434	37435	1.4319
37435	37436	1.4423
37436	37437	1.4299
37437	37438	1.4231
37438	37439	1.3840
37439	37440	1.3976
37440	37441	1.3707
37441	37442	1.4068
37442	37443	1.4335
37443	37444	1.4375
37444	37445	1.4332
37445	37446	1.4540
37446	37447	1.4141
37447	37448	1.3799
37448	37449	1.3595
37449	37450	1.3638
37450	37451	1.4051
37451	37452	1.3975
37452	37453	1.3946
37453	37454	1.4289
37454	37455	1.4511
37455	37456	1.4395
37456	37457	1.4674
37457	37458	1.4391
37458	37459	1.4408
37459	37460	1.4371
37460	37461	1.4673
37461	37462	1.4566
37462	37463	1.4582
37463	37464	1.4993
37464	37465	1.4223
37465	37466	1.4264
37466	37467	1.4264
37467	37468	1.4079
37468	37469	1.4424
37469	37470	1.4388
37470	37471	1.4674
37471	37472	1.3906
37472	37473	1.4245
37473	37474	1.4096
37474	37475	1.4354
37475	37476	1.4395
37476	37477	1.4655
37477	37478	1.4564
37478	37479	1.4281
37479	37480	1.4292
37480	37481	1.3777
37481	37482	1.3840
37482	37483	1.4226
37483	37484	1.3780
37484	37485	1.3772
37485	37486	1.3925
37486	37487	1.4185
37487	37488	1.3792
37488	37489	1.3761
37489	37490	1.3867
37490	37491	1.4274
37491	37492	1.4450
37492	37493	1.4403
37493	37494	1.4376
37494	37495	1.4635
37495	37496	1.4564
37496	37497	1.3892
37497	37498	1.4108
37498	37499	1.4337
37499	37500	1.4059
37500	37501	1.4088
37501	37502	1.3958
37502	37503	1.3902
37503	37504	1.3761
37504	37505	1.3385
37505	37506	1.3290
37506	37507	1.3520
37507	37508	1.3250
37508	37509	1.3144
37509	37510	1.3238
37510	37511	1.3425
37511	37512	1.3473
37512	37513	1.3205
37513	37514	1.3472
37514	37515	1.3614
37515	37516	1.3539
37516	37517	1.3429
37517	37518	1.3583
37518	37519	1.3467
37519	37520	1.3391
37520	37521	1.3514
37521	37522	1.3577
37522	37523	1.4044
37523	37524	1.4002
37524	37525	1.3823
37525	37526	1.3786
37526	37527	1.3374
37527	37528	1.3101
37528	37529	1.3541
37529	37530	1.2933
37530	37531	1.2904
37531	37532	1.3228
37532	37533	1.3475
37533	37534	1.3665
37534	37535	1.3569
37535	37536	1.3164
37536	37537	1.3251
37537	37538	1.3370
37538	37539	1.3642
37539	37540	1.3563
37540	37541	1.3712
37541	37542	1.3783
37542	37543	1.3991
37543	37544	1.4129
37544	37545	1.4373
37545	37546	1.3923
37546	37547	1.3376
37547	37548	1.3685
37548	37549	1.3525
37549	37550	1.3985
37550	37551	1.3682
37551	37552	1.3532
37552	37553	1.4063
37553	37554	1.3855
37554	37555	1.3913
37555	37556	1.4274
37556	37557	1.3653
37557	37558	1.4045
37558	37559	1.4304
37559	37560	1.4506
37560	37561	1.4634
37561	37562	1.4735
37562	37563	1.4703
37563	37564	1.4323
37564	37565	1.4214
37565	37566	1.4322
37566	37567	1.3845
37567	37568	1.4223
37568	37569	1.4456
37569	37570	1.4052
37570	37571	1.4305
37571	37572	1.4274
37572	37573	1.4484
37573	37574	1.4567
37574	37575	1.4858
37575	37576	1.4851
37576	37577	1.4664
37577	37578	1.4328
37578	37579	1.4190
37579	37580	1.4399
37580	37581	1.4300
37581	37582	1.4374
37582	37583	1.4548
37583	37584	1.4189
37584	37585	1.4370
37585	37586	1.4683
37586	37587	1.4416
37587	37588	1.4332
37588	37589	1.4234
37589	37590	1.4262
37590	37591	1.4083
37591	37592	1.4948
37592	37593	1.4710
37593	37594	1.4644
37594	37595	1.4442
37595	37596	1.4640
37596	37597	1.4300
37597	37598	1.4505
37598	37599	1.4509
37599	37600	1.4744
37600	37601	1.4323
37601	37602	1.4291
37602	37603	1.4172
37603	37604	1.4325
37604	37605	1.4588
37605	37606	1.4040
37606	37607	1.4072
37607	37608	1.4132
37608	37609	1.3878
37609	37610	1.3650
37610	37611	1.3905
37611	37612	1.4162
37612	37613	1.4498
37613	37614	1.4236
37614	37615	1.4283
37615	37616	1.3949
37616	37617	1.3525
37617	37618	1.3529
37618	37619	1.3727
37619	37620	1.3444
37620	37621	1.3522
37621	37622	1.3549
37622	37623	1.3274
37623	37624	1.4126
37624	37625	1.3878
37625	37626	1.3742
37626	37627	1.3577
37627	37628	1.3455
37628	37629	1.3505
37629	37630	1.3859
37630	37631	1.3968
37631	37632	1.4150
37632	37633	1.4283
37633	37634	1.4107
37634	37635	1.4310
37635	37636	1.4464
37636	37637	1.4414
37637	37638	1.4003
37638	37639	1.3942
37639	37640	1.3804
37640	37641	1.4200
37641	37642	1.3963
37642	37643	1.3471
37643	37644	1.3752
37644	37645	1.4066
37645	37646	1.4529
37646	37647	1.4279
37647	37648	1.4640
37648	37649	1.4184
37649	37650	1.4751
37650	37651	1.4518
37651	37652	1.4320
37652	37653	1.4448
37653	37654	1.4565
37654	37655	1.4545
37655	37656	1.4738
37656	37657	1.5077
37657	37658	1.5106
37658	37659	1.4832
37659	37660	1.4513
37660	37661	1.4062
37661	37662	1.4238
37662	37663	1.4945
37663	37664	1.4446
37664	37665	1.4106
37665	37666	1.4178
37666	37667	1.4284
37667	37668	1.4329
37668	37669	1.4348
37669	37670	1.4450
37670	37671	1.4449
37671	37672	1.4931
37672	37673	1.4845
37673	37674	1.4712
37674	37675	1.4745
37675	37676	1.4201
37676	37677	1.4303
37677	37678	1.4194
37678	37679	1.4422
37679	37680	1.4465
37680	37681	1.4490
37681	37682	1.5045
37682	37683	1.4702
37683	37684	1.4438
37684	37685	1.4907
37685	37686	1.4600
37686	37687	1.4857
37687	37688	1.4712
37688	37689	1.5087
37689	37690	1.5015
37690	37691	1.5027
37691	37692	1.5408
37692	37693	1.5471
37693	37694	1.4816
37694	37695	1.5098
37695	37696	1.5023
37696	37697	1.5270
37697	37698	1.4910
37698	37699	1.4456
37699	37700	1.4698
37700	37701	1.4762
37701	37702	1.5050
37702	37703	1.5290
37703	37704	1.4835
37704	37705	1.4653
37705	37706	1.4839
37706	37707	1.4384
37707	37708	1.4482
37708	37709	1.4819
37709	37710	1.5141
37710	37711	1.4963
37711	37712	1.4689
37712	37713	1.4904
37713	37714	1.4689
37714	37715	1.5033
37715	37716	1.4884
37716	37717	1.4803
37717	37718	1.4694
37718	37719	1.4870
37719	37720	1.4712
37720	37721	1.4617
37721	37722	1.4943
37722	37723	1.4617
37723	37724	1.4912
37724	37725	1.4777
37725	37726	1.4551
37726	37727	1.5111
37727	37728	1.4852
37728	37729	1.4525
37729	37730	1.4483
37730	37731	1.4763
37731	37732	1.4852
37732	37733	1.4689
37733	37734	1.4590
37734	37735	1.4755
37735	37736	1.4596
37736	37737	1.4774
37737	37738	1.4720
37738	37739	1.4557
37739	37740	1.4377
37740	37741	1.4294
37741	37742	1.4246
37742	37743	1.4266
37743	37744	1.3895
37744	37745	1.4151
37745	37746	1.4358
37746	37747	1.4386
37747	37748	1.4432
37748	37749	1.4681
37749	37750	1.4031
37750	37751	1.4258
37751	37752	1.4105
37752	37753	1.4075
37753	37754	1.4185
37754	37755	1.3905
37755	37756	1.3740
37756	37757	1.3566
37757	37758	1.3175
37758	37759	1.3263
37759	37760	1.3574
37760	37761	1.3501
37761	37762	1.4017
37762	37763	1.3816
37763	37764	1.3565
37764	37765	1.3810
37765	37766	1.4097
37766	37767	1.4057
37767	37768	1.4215
37768	37769	1.4345
37769	37770	1.4628
37770	37771	1.4354
37771	37772	1.4431
37772	37773	1.4769
37773	37774	1.4000
37774	37775	1.4076
37775	37776	1.3719
37776	37777	1.4291
37777	37778	1.4166
37778	37779	1.4097
37779	37780	1.4119
37780	37781	1.4297
37781	37782	1.4431
37782	37783	1.4250
37783	37784	1.3945
37784	37785	1.4046
37785	37786	1.4428
37786	37787	1.4215
37787	37788	1.4757
37788	37789	1.4840
37789	37790	1.4465
37790	37791	1.4879
37791	37792	1.4819
37792	37793	1.4353
37793	37794	1.4207
37794	37795	1.4504
37795	37796	1.4320
37796	37797	1.3813
37797	37798	1.4298
37798	37799	1.4106
37799	37800	1.4292
37800	37801	1.4633
37801	37802	1.4570
37802	37803	1.4695
37803	37804	1.4806
37804	37805	1.4860
37805	37806	1.4499
37806	37807	1.4479
37807	37808	1.4161
37808	37809	1.4689
37809	37810	1.4427
37810	37811	1.4294
37811	37812	1.4347
37812	37813	1.4620
37813	37814	1.4200
37814	37815	1.4045
37815	37816	1.4043
37816	37817	1.3927
37817	37818	1.3895
37818	37819	1.4002
37819	37820	1.4265
37820	37821	1.3886
37821	37822	1.3728
37822	37823	1.4356
37823	37824	1.4428
37824	37825	1.4099
37825	37826	1.3627
37826	37827	1.4117
37827	37828	1.3783
37828	37829	1.3667
37829	37830	1.3710
37830	37831	1.3894
37831	37832	1.3570
37832	37833	1.3591
37833	37834	1.3455
37834	37835	1.3804
37835	37836	1.4192
37836	37837	1.3705
37837	37838	1.3746
37838	37839	1.3656
37839	37840	1.3931
37840	37841	1.3739
37841	37842	1.3707
37842	37843	1.3624
37843	37844	1.3164
37844	37845	1.3514
37845	37846	1.3733
37846	37847	1.3217
37847	37848	1.3023
37848	37849	1.3154
37849	37850	1.3376
37850	37851	1.3154
37851	37852	1.3275
37852	37853	1.3519
37853	37854	1.3549
37854	37855	1.3555
37855	37856	1.3903
37856	37857	1.4535
37857	37858	1.4344
37858	37859	1.4429
37859	37860	1.4860
37860	37861	1.4551
37861	37862	1.4711
37862	37863	1.4460
37863	37864	1.4369
37864	37865	1.4268
37865	37866	1.4151
37866	37867	1.3901
37867	37868	1.4371
37868	37869	1.4477
37869	37870	1.4098
37870	37871	1.4352
37871	37872	1.4536
37872	37873	1.4248
37873	37874	1.4323
37874	37875	1.4704
37875	37876	1.4805
37876	37877	1.4752
37877	37878	1.4571
37878	37879	1.4674
37879	37880	1.4564
37880	37881	1.4737
37881	37882	1.4675
37882	37883	1.5119
37883	37884	1.4827
37884	37885	1.5446
37885	37886	1.4928
37886	37887	1.4930
37887	37888	1.5336
37888	37889	1.5689
37889	37890	1.5594
37890	37891	1.5216
37891	37892	1.5116
37892	37893	1.5558
37893	37894	1.5106
37894	37895	1.5121
37895	37896	1.4804
37896	37897	1.4727
37897	37898	1.4448
37898	37899	1.4484
37899	37900	1.5024
37900	37901	1.4491
37901	37902	1.4277
37902	37903	1.4913
37903	37904	1.4592
37904	37905	1.4470
37905	37906	1.4275
37906	37907	1.4301
37907	37908	1.5217
37908	37909	1.4903
37909	37910	1.4458
37910	37911	1.4497
37911	37912	1.4418
37912	37913	1.4621
37913	37914	1.4439
37914	37915	1.4004
37915	37916	1.4167
37916	37917	1.4307
37917	37918	1.4049
37918	37919	1.4082
37919	37920	1.4021
37920	37921	1.4519
37921	37922	1.4500
37922	37923	1.4823
37923	37924	1.4510
37924	37925	1.4627
37925	37926	1.4435
37926	37927	1.4305
37927	37928	1.4346
37928	37929	1.4052
37929	37930	1.4052
37930	37931	1.4215
37931	37932	1.3528
37932	37933	1.3966
37933	37934	1.3878
37934	37935	1.4271
37935	37936	1.4245
37936	37937	1.4429
37937	37938	1.4352
37938	37939	1.4163
37939	37940	1.4173
37940	37941	1.4254
37941	37942	1.4529
37942	37943	1.5073
37943	37944	1.4874
37944	37945	1.4389
37945	37946	1.4823
37946	37947	1.4752
37947	37948	1.4723
37948	37949	1.4600
37949	37950	1.4597
37950	37951	1.5171
37951	37952	1.4710
37952	37953	1.4151
37953	37954	1.4470
37954	37955	1.4136
37955	37956	1.4253
37956	37957	1.3959
37957	37958	1.3666
37958	37959	1.4020
37959	37960	1.4214
37960	37961	1.4098
37961	37962	1.4211
37962	37963	1.3999
37963	37964	1.4170
37964	37965	1.4410
37965	37966	1.4161
37966	37967	1.4151
37967	37968	1.3817
37968	37969	1.3628
37969	37970	1.3988
37970	37971	1.4005
37971	37972	1.4601
37972	37973	1.4888
37973	37974	1.4598
37974	37975	1.4310
37975	37976	1.4798
37976	37977	1.4614
37977	37978	1.4753
37978	37979	1.4209
37979	37980	1.4591
37980	37981	1.4384
37981	37982	1.4258
37982	37983	1.4271
37983	37984	1.4223
37984	37985	1.4386
37985	37986	1.4251
37986	37987	1.3958
37987	37988	1.3945
37988	37989	1.3722
37989	37990	1.3885
37990	37991	1.3639
37991	37992	1.3461
37992	37993	1.3452
37993	37994	1.3344
37994	37995	1.3665
37995	37996	1.3498
37996	37997	1.3952
37997	37998	1.3704
37998	37999	1.3228
37999	38000	1.3150
38000	38001	1.3135
38001	38002	1.3432
38002	38003	1.3576
38003	38004	1.3174
38004	38005	1.3380
38005	38006	1.3128
38006	38007	1.3516
38007	38008	1.3586
38008	38009	1.3639
38009	38010	1.3672
38010	38011	1.3553
38011	38012	1.3909
38012	38013	1.3575
38013	38014	1.3861
38014	38015	1.4145
38015	38016	1.4223
38016	38017	1.3788
38017	38018	1.3724
38018	38019	1.3213
38019	38020	1.3085
38020	38021	1.3344
38021	38022	1.3625
38022	38023	1.3204
38023	38024	1.3451
38024	38025	1.3751
38025	38026	1.3357
38026	38027	1.3914
38027	38028	1.3821
38028	38029	1.3787
38029	38030	1.3584
38030	38031	1.3640
38031	38032	1.3665
38032	38033	1.3424
38033	38034	1.3256
38034	38035	1.3194
38035	38036	1.3211
38036	38037	1.3615
38037	38038	1.3710
38038	38039	1.3563
38039	38040	1.3522
38040	38041	1.3610
38041	38042	1.3661
38042	38043	1.3604
38043	38044	1.3970
38044	38045	1.3805
38045	38046	1.3978
38046	38047	1.3956
38047	38048	1.3538
38048	38049	1.3448
38049	38050	1.3792
38050	38051	1.3817
38051	38052	1.3635
38052	38053	1.3399
38053	38054	1.3206
38054	38055	1.3831
38055	38056	1.3951
38056	38057	1.4137
38057	38058	1.3781
38058	38059	1.3882
38059	38060	1.4145
38060	38061	1.4320
38061	38062	1.4166
38062	38063	1.4418
38063	38064	1.4394
38064	38065	1.4527
38065	38066	1.4545
38066	38067	1.4322
38067	38068	1.4065
38068	38069	1.4001
38069	38070	1.4197
38070	38071	1.4462
38071	38072	1.4103
38072	38073	1.4538
38073	38074	1.4652
38074	38075	1.4986
38075	38076	1.5264
38076	38077	1.5070
38077	38078	1.4937
38078	38079	1.5335
38079	38080	1.5134
38080	38081	1.5236
38081	38082	1.4826
38082	38083	1.4743
38083	38084	1.4582
38084	38085	1.4662
38085	38086	1.4616
38086	38087	1.4238
38087	38088	1.4642
38088	38089	1.4687
38089	38090	1.4480
38090	38091	1.4146
38091	38092	1.4069
38092	38093	1.4020
38093	38094	1.4151
38094	38095	1.3394
38095	38096	1.3425
38096	38097	1.3336
38097	38098	1.3544
38098	38099	1.3858
38099	38100	1.4236
38100	38101	1.3723
38101	38102	1.4273
38102	38103	1.4614
38103	38104	1.4283
38104	38105	1.4038
38105	38106	1.4026
38106	38107	1.4144
38107	38108	1.4264
38108	38109	1.3870
38109	38110	1.4563
38110	38111	1.4312
38111	38112	1.4099
38112	38113	1.4289
38113	38114	1.3804
38114	38115	1.3986
38115	38116	1.3703
38116	38117	1.4198
38117	38118	1.3992
38118	38119	1.3894
38119	38120	1.4149
38120	38121	1.3824
38121	38122	1.4134
38122	38123	1.3809
38123	38124	1.3705
38124	38125	1.3769
38125	38126	1.3745
38126	38127	1.3429
38127	38128	1.3578
38128	38129	1.3496
38129	38130	1.3938
38130	38131	1.3914
38131	38132	1.3827
38132	38133	1.3476
38133	38134	1.3659
38134	38135	1.3891
38135	38136	1.3828
38136	38137	1.3797
38137	38138	1.3814
38138	38139	1.3723
38139	38140	1.4280
38140	38141	1.3648
38141	38142	1.3569
38142	38143	1.3600
38143	38144	1.3869
38144	38145	1.3945
38145	38146	1.3752
38146	38147	1.4050
38147	38148	1.3687
38148	38149	1.3923
38149	38150	1.3781
38150	38151	1.3411
38151	38152	1.3527
38152	38153	1.3793
38153	38154	1.3537
38154	38155	1.3600
38155	38156	1.3666
38156	38157	1.3587
38157	38158	1.3995
38158	38159	1.4274
38159	38160	1.3762
38160	38161	1.3443
38161	38162	1.3658
38162	38163	1.3590
38163	38164	1.3428
38164	38165	1.3289
38165	38166	1.3447
38166	38167	1.3925
38167	38168	1.3890
38168	38169	1.4173
38169	38170	1.3923
38170	38171	1.4357
38171	38172	1.4420
38172	38173	1.4186
38173	38174	1.3790
38174	38175	1.3856
38175	38176	1.3610
38176	38177	1.3434
38177	38178	1.3237
38178	38179	1.3596
38179	38180	1.3564
38180	38181	1.3705
38181	38182	1.3395
38182	38183	1.3631
38183	38184	1.3316
38184	38185	1.3442
38185	38186	1.3242
38186	38187	1.3344
38187	38188	1.3130
38188	38189	1.2915
38189	38190	1.3035
38190	38191	1.2879
38191	38192	1.2816
38192	38193	1.3579
38193	38194	1.3441
38194	38195	1.3346
38195	38196	1.3418
38196	38197	1.3433
38197	38198	1.3615
38198	38199	1.3378
38199	38200	1.3472
38200	38201	1.3804
38201	38202	1.3531
38202	38203	1.3905
38203	38204	1.4204
38204	38205	1.4044
38205	38206	1.4006
38206	38207	1.4334
38207	38208	1.4092
38208	38209	1.3921
38209	38210	1.3796
38210	38211	1.3412
38211	38212	1.3408
38212	38213	1.3054
38213	38214	1.3033
38214	38215	1.3091
38215	38216	1.3643
38216	38217	1.3456
38217	38218	1.3040
38218	38219	1.3644
38219	38220	1.3467
38220	38221	1.3381
38221	38222	1.3564
38222	38223	1.3520
38223	38224	1.3896
38224	38225	1.3884
38225	38226	1.3065
38226	38227	1.3416
38227	38228	1.3649
38228	38229	1.3510
38229	38230	1.3541
38230	38231	1.3655
38231	38232	1.3814
38232	38233	1.3656
38233	38234	1.3769
38234	38235	1.3548
38235	38236	1.3571
38236	38237	1.3792
38237	38238	1.3573
38238	38239	1.3703
38239	38240	1.3156
38240	38241	1.3281
38241	38242	1.3408
38242	38243	1.3590
38243	38244	1.3596
38244	38245	1.3288
38245	38246	1.3554
38246	38247	1.3838
38247	38248	1.3874
38248	38249	1.3875
38249	38250	1.3605
38250	38251	1.4004
38251	38252	1.3883
38252	38253	1.4243
38253	38254	1.4067
38254	38255	1.4204
38255	38256	1.4323
38256	38257	1.3938
38257	38258	1.4370
38258	38259	1.4156
38259	38260	1.4260
38260	38261	1.4478
38261	38262	1.4633
38262	38263	1.4665
38263	38264	1.4741
38264	38265	1.4769
38265	38266	1.4726
38266	38267	1.5119
38267	38268	1.4510
38268	38269	1.4532
38269	38270	1.4794
38270	38271	1.4509
38271	38272	1.4231
38272	38273	1.4161
38273	38274	1.4313
38274	38275	1.3925
38275	38276	1.4156
38276	38277	1.3974
38277	38278	1.3914
38278	38279	1.3441
38279	38280	1.3839
38280	38281	1.3815
38281	38282	1.4077
38282	38283	1.4248
38283	38284	1.3822
38284	38285	1.3375
38285	38286	1.4020
38286	38287	1.3906
38287	38288	1.3879
38288	38289	1.3997
38289	38290	1.3840
38290	38291	1.4297
38291	38292	1.4033
38292	38293	1.3857
38293	38294	1.4075
38294	38295	1.4308
38295	38296	1.3664
38296	38297	1.4205
38297	38298	1.4587
38298	38299	1.4386
38299	38300	1.4337
38300	38301	1.3858
38301	38302	1.3603
38302	38303	1.3795
38303	38304	1.3814
38304	38305	1.3960
38305	38306	1.3711
38306	38307	1.4013
38307	38308	1.4226
38308	38309	1.4230
38309	38310	1.4043
38310	38311	1.3893
38311	38312	1.3552
38312	38313	1.3943
38313	38314	1.4354
38314	38315	1.3852
38315	38316	1.4110
38316	38317	1.4119
38317	38318	1.4375
38318	38319	1.4476
38319	38320	1.4120
38320	38321	1.4467
38321	38322	1.4266
38322	38323	1.4246
38323	38324	1.4029
38324	38325	1.3878
38325	38326	1.4161
38326	38327	1.4511
38327	38328	1.3819
38328	38329	1.3787
38329	38330	1.4062
38330	38331	1.4026
38331	38332	1.4131
38332	38333	1.4202
38333	38334	1.4437
38334	38335	1.4190
38335	38336	1.4711
38336	38337	1.3945
38337	38338	1.3946
38338	38339	1.4192
38339	38340	1.4516
38340	38341	1.4286
38341	38342	1.4400
38342	38343	1.4110
38343	38344	1.4306
38344	38345	1.4040
38345	38346	1.4521
38346	38347	1.4126
38347	38348	1.4211
38348	38349	1.4312
38349	38350	1.4610
38350	38351	1.4647
38351	38352	1.4277
38352	38353	1.4707
38353	38354	1.4475
38354	38355	1.3925
38355	38356	1.4132
38356	38357	1.4470
38357	38358	1.4491
38358	38359	1.3971
38359	38360	1.4349
38360	38361	1.4383
38361	38362	1.3894
38362	38363	1.3938
38363	38364	1.3986
38364	38365	1.3785
38365	38366	1.3772
38366	38367	1.4228
38367	38368	1.4142
38368	38369	1.4504
38369	38370	1.4042
38370	38371	1.4366
38371	38372	1.4193
38372	38373	1.4375
38373	38374	1.4660
38374	38375	1.4238
38375	38376	1.4548
38376	38377	1.4812
38377	38378	1.4515
38378	38379	1.4802
38379	38380	1.4853
38380	38381	1.5002
38381	38382	1.4847
38382	38383	1.4752
38383	38384	1.4495
38384	38385	1.4634
38385	38386	1.4046
38386	38387	1.4258
38387	38388	1.4411
38388	38389	1.4436
38389	38390	1.4477
38390	38391	1.4293
38391	38392	1.4374
38392	38393	1.4691
38393	38394	1.4797
38394	38395	1.4646
38395	38396	1.4671
38396	38397	1.4582
38397	38398	1.4623
38398	38399	1.4520
38399	38400	1.4173
38400	38401	1.4827
38401	38402	1.4690
38402	38403	1.5044
38403	38404	1.4704
38404	38405	1.4557
38405	38406	1.4155
38406	38407	1.3891
38407	38408	1.4213
38408	38409	1.3975
38409	38410	1.3881
38410	38411	1.4134
38411	38412	1.4370
38412	38413	1.4403
38413	38414	1.4291
38414	38415	1.4286
38415	38416	1.4536
38416	38417	1.4248
38417	38418	1.4734
38418	38419	1.4578
38419	38420	1.4626
38420	38421	1.4460
38421	38422	1.4261
38422	38423	1.4714
38423	38424	1.4183
38424	38425	1.4538
38425	38426	1.4448
38426	38427	1.4452
38427	38428	1.4500
38428	38429	1.4537
38429	38430	1.4634
38430	38431	1.4444
38431	38432	1.4250
38432	38433	1.4311
38433	38434	1.4240
38434	38435	1.3938
38435	38436	1.4685
38436	38437	1.4569
38437	38438	1.4439
38438	38439	1.4094
38439	38440	1.4452
38440	38441	1.4035
38441	38442	1.4263
38442	38443	1.4374
38443	38444	1.4314
38444	38445	1.4148
38445	38446	1.3910
38446	38447	1.4011
38447	38448	1.4379
38448	38449	1.4241
38449	38450	1.4750
38450	38451	1.4553
38451	38452	1.4487
38452	38453	1.4421
38453	38454	1.4218
38454	38455	1.4279
38455	38456	1.4089
38456	38457	1.4400
38457	38458	1.4145
38458	38459	1.4166
38459	38460	1.4005
38460	38461	1.3983
38461	38462	1.3919
38462	38463	1.3908
38463	38464	1.3766
38464	38465	1.3722
38465	38466	1.3723
38466	38467	1.3770
38467	38468	1.4344
38468	38469	1.3729
38469	38470	1.3976
38470	38471	1.3203
38471	38472	1.3629
38472	38473	1.3766
38473	38474	1.3637
38474	38475	1.3844
38475	38476	1.3974
38476	38477	1.4241
38477	38478	1.4015
38478	38479	1.3269
38479	38480	1.3100
38480	38481	1.3435
38481	38482	1.3679
38482	38483	1.3536
38483	38484	1.4108
38484	38485	1.3931
38485	38486	1.3795
38486	38487	1.3673
38487	38488	1.3374
38488	38489	1.3421
38489	38490	1.3700
38490	38491	1.3249
38491	38492	1.3152
38492	38493	1.3095
38493	38494	1.3634
38494	38495	1.3842
38495	38496	1.3737
38496	38497	1.3959
38497	38498	1.3763
38498	38499	1.3755
38499	38500	1.3780
38500	38501	1.3800
38501	38502	1.3811
38502	38503	1.3722
38503	38504	1.3977
38504	38505	1.3971
38505	38506	1.3639
38506	38507	1.3762
38507	38508	1.3820
38508	38509	1.3594
38509	38510	1.3402
38510	38511	1.3710
38511	38512	1.4078
38512	38513	1.3858
38513	38514	1.4130
38514	38515	1.4050
38515	38516	1.4203
38516	38517	1.3900
38517	38518	1.4023
38518	38519	1.4137
38519	38520	1.4272
38520	38521	1.3925
38521	38522	1.4188
38522	38523	1.3975
38523	38524	1.3921
38524	38525	1.3974
38525	38526	1.4224
38526	38527	1.4289
38527	38528	1.3577
38528	38529	1.3397
38529	38530	1.3719
38530	38531	1.3562
38531	38532	1.4116
38532	38533	1.3991
38533	38534	1.4109
38534	38535	1.3947
38535	38536	1.3867
38536	38537	1.3938
38537	38538	1.4242
38538	38539	1.4304
38539	38540	1.4868
38540	38541	1.4771
38541	38542	1.4732
38542	38543	1.4794
38543	38544	1.5060
38544	38545	1.4700
38545	38546	1.4530
38546	38547	1.4794
38547	38548	1.4681
38548	38549	1.4735
38549	38550	1.4442
38550	38551	1.4644
38551	38552	1.4604
38552	38553	1.4123
38553	38554	1.4432
38554	38555	1.5173
38555	38556	1.4686
38556	38557	1.4364
38557	38558	1.4355
38558	38559	1.4545
38559	38560	1.4807
38560	38561	1.4638
38561	38562	1.4752
38562	38563	1.4230
38563	38564	1.4133
38564	38565	1.4359
38565	38566	1.4553
38566	38567	1.4361
38567	38568	1.4727
38568	38569	1.4563
38569	38570	1.4398
38570	38571	1.3885
38571	38572	1.4155
38572	38573	1.4162
38573	38574	1.4404
38574	38575	1.4216
38575	38576	1.4521
38576	38577	1.4421
38577	38578	1.4467
38578	38579	1.4456
38579	38580	1.4482
38580	38581	1.4298
38581	38582	1.4442
38582	38583	1.4356
38583	38584	1.4412
38584	38585	1.4911
38585	38586	1.4377
38586	38587	1.4341
38587	38588	1.4532
38588	38589	1.4651
38589	38590	1.4306
38590	38591	1.4387
38591	38592	1.4081
38592	38593	1.4321
38593	38594	1.4624
38594	38595	1.4557
38595	38596	1.4558
38596	38597	1.4442
38597	38598	1.4419
38598	38599	1.4338
38599	38600	1.4737
38600	38601	1.3789
38601	38602	1.3898
38602	38603	1.4187
38603	38604	1.3948
38604	38605	1.4055
38605	38606	1.4070
38606	38607	1.4795
38607	38608	1.4232
38608	38609	1.4300
38609	38610	1.4322
38610	38611	1.3934
38611	38612	1.3757
38612	38613	1.3764
38613	38614	1.3592
38614	38615	1.3824
38615	38616	1.3773
38616	38617	1.3738
38617	38618	1.3786
38618	38619	1.3476
38619	38620	1.3510
38620	38621	1.4006
38621	38622	1.3987
38622	38623	1.3805
38623	38624	1.4197
38624	38625	1.4452
38625	38626	1.4325
38626	38627	1.3714
38627	38628	1.3409
38628	38629	1.3515
38629	38630	1.3649
38630	38631	1.3591
38631	38632	1.3453
38632	38633	1.3695
38633	38634	1.4098
38634	38635	1.4200
38635	38636	1.4302
38636	38637	1.4104
38637	38638	1.4198
38638	38639	1.4190
38639	38640	1.3984
38640	38641	1.3707
38641	38642	1.3665
38642	38643	1.4119
38643	38644	1.3989
38644	38645	1.3881
38645	38646	1.4151
38646	38647	1.4368
38647	38648	1.4148
38648	38649	1.4489
38649	38650	1.4703
38650	38651	1.4538
38651	38652	1.4631
38652	38653	1.4920
38653	38654	1.5033
38654	38655	1.5377
38655	38656	1.5310
38656	38657	1.5497
38657	38658	1.5317
38658	38659	1.5116
38659	38660	1.4929
38660	38661	1.4809
38661	38662	1.4798
38662	38663	1.4734
38663	38664	1.4809
38664	38665	1.4658
38665	38666	1.4708
38666	38667	1.5037
38667	38668	1.5358
38668	38669	1.4781
38669	38670	1.4850
38670	38671	1.5050
38671	38672	1.5306
38672	38673	1.5220
38673	38674	1.4916
38674	38675	1.5622
38675	38676	1.5440
38676	38677	1.5419
38677	38678	1.5145
38678	38679	1.5154
38679	38680	1.4807
38680	38681	1.4764
38681	38682	1.4750
38682	38683	1.5169
38683	38684	1.5198
38684	38685	1.4563
38685	38686	1.4484
38686	38687	1.3964
38687	38688	1.4183
38688	38689	1.3989
38689	38690	1.4449
38690	38691	1.4451
38691	38692	1.4350
38692	38693	1.4478
38693	38694	1.3525
38694	38695	1.3620
38695	38696	1.3540
38696	38697	1.3461
38697	38698	1.3983
38698	38699	1.4083
38699	38700	1.4068
38700	38701	1.4344
38701	38702	1.4537
38702	38703	1.4243
38703	38704	1.4838
38704	38705	1.4719
38705	38706	1.4505
38706	38707	1.4422
38707	38708	1.4592
38708	38709	1.4486
38709	38710	1.4449
38710	38711	1.5065
38711	38712	1.4668
38712	38713	1.4576
38713	38714	1.4210
38714	38715	1.3756
38715	38716	1.4325
38716	38717	1.4749
38717	38718	1.4507
38718	38719	1.4464
38719	38720	1.4659
38720	38721	1.4514
38721	38722	1.4747
38722	38723	1.4722
38723	38724	1.4975
38724	38725	1.4599
38725	38726	1.4973
38726	38727	1.4820
38727	38728	1.4748
38728	38729	1.5121
38729	38730	1.5672
38730	38731	1.5347
38731	38732	1.5271
38732	38733	1.4806
38733	38734	1.4879
38734	38735	1.4845
38735	38736	1.4776
38736	38737	1.4389
38737	38738	1.4025
38738	38739	1.4098
38739	38740	1.4268
38740	38741	1.4425
38741	38742	1.4354
38742	38743	1.4518
38743	38744	1.4478
38744	38745	1.4775
38745	38746	1.4465
38746	38747	1.4744
38747	38748	1.4922
38748	38749	1.5079
38749	38750	1.4747
38750	38751	1.4872
38751	38752	1.5199
38752	38753	1.5314
38753	38754	1.5122
38754	38755	1.4762
38755	38756	1.5259
38756	38757	1.5099
38757	38758	1.5063
38758	38759	1.4945
38759	38760	1.5020
38760	38761	1.4996
38761	38762	1.4806
38762	38763	1.4513
38763	38764	1.4494
38764	38765	1.4418
38765	38766	1.4939
38766	38767	1.5033
38767	38768	1.4673
38768	38769	1.5403
38769	38770	1.5503
38770	38771	1.5006
38771	38772	1.5095
38772	38773	1.5606
38773	38774	1.5408
38774	38775	1.5327
38775	38776	1.5274
38776	38777	1.4871
38777	38778	1.4743
38778	38779	1.4756
38779	38780	1.5014
38780	38781	1.4826
38781	38782	1.4669
38782	38783	1.4478
38783	38784	1.4737
38784	38785	1.4732
38785	38786	1.4532
38786	38787	1.4881
38787	38788	1.5133
38788	38789	1.5172
38789	38790	1.5136
38790	38791	1.5270
38791	38792	1.5055
38792	38793	1.5389
38793	38794	1.4924
38794	38795	1.4899
38795	38796	1.5337
38796	38797	1.5175
38797	38798	1.4997
38798	38799	1.4895
38799	38800	1.4675
38800	38801	1.5224
38801	38802	1.5031
38802	38803	1.4792
38803	38804	1.4932
38804	38805	1.4974
38805	38806	1.5073
38806	38807	1.5002
38807	38808	1.5218
38808	38809	1.5390
38809	38810	1.5619
38810	38811	1.5837
38811	38812	1.6380
38812	38813	1.5664
38813	38814	1.5402
38814	38815	1.5253
38815	38816	1.5273
38816	38817	1.5180
38817	38818	1.5043
38818	38819	1.5221
38819	38820	1.5282
38820	38821	1.4826
38821	38822	1.4801
38822	38823	1.4594
38823	38824	1.4891
38824	38825	1.4836
38825	38826	1.4873
38826	38827	1.5423
38827	38828	1.5080
38828	38829	1.4995
38829	38830	1.5160
38830	38831	1.5229
38831	38832	1.4797
38832	38833	1.4650
38833	38834	1.4918
38834	38835	1.4750
38835	38836	1.4735
38836	38837	1.4016
38837	38838	1.4140
38838	38839	1.4162
38839	38840	1.4154
38840	38841	1.4628
38841	38842	1.4374
38842	38843	1.4586
38843	38844	1.4795
38844	38845	1.5009
38845	38846	1.4472
38846	38847	1.5038
38847	38848	1.4504
38848	38849	1.4698
38849	38850	1.4892
38850	38851	1.4753
38851	38852	1.4523
38852	38853	1.4633
38853	38854	1.4374
38854	38855	1.4263
38855	38856	1.4559
38856	38857	1.4060
38857	38858	1.4159
38858	38859	1.3795
38859	38860	1.3435
38860	38861	1.3411
38861	38862	1.3903
38862	38863	1.4266
38863	38864	1.3949
38864	38865	1.3864
38865	38866	1.3895
38866	38867	1.4132
38867	38868	1.4358
38868	38869	1.4598
38869	38870	1.4689
38870	38871	1.4311
38871	38872	1.4051
38872	38873	1.4165
38873	38874	1.3598
38874	38875	1.4087
38875	38876	1.3838
38876	38877	1.3423
38877	38878	1.3221
38878	38879	1.3661
38879	38880	1.3728
38880	38881	1.3785
38881	38882	1.4261
38882	38883	1.4171
38883	38884	1.4253
38884	38885	1.4268
38885	38886	1.3988
38886	38887	1.3976
38887	38888	1.3691
38888	38889	1.3594
38889	38890	1.3351
38890	38891	1.2995
38891	38892	1.3177
38892	38893	1.2554
38893	38894	1.2577
38894	38895	1.2814
38895	38896	1.2823
38896	38897	1.2890
38897	38898	1.3222
38898	38899	1.3189
38899	38900	1.3093
38900	38901	1.3670
38901	38902	1.3576
38902	38903	1.3510
38903	38904	1.3299
38904	38905	1.3572
38905	38906	1.3313
38906	38907	1.3346
38907	38908	1.3548
38908	38909	1.3495
38909	38910	1.3417
38910	38911	1.3478
38911	38912	1.3411
38912	38913	1.3389
38913	38914	1.3103
38914	38915	1.3163
38915	38916	1.3241
38916	38917	1.3017
38917	38918	1.2956
38918	38919	1.2965
38919	38920	1.3198
38920	38921	1.3607
38921	38922	1.3342
38922	38923	1.3481
38923	38924	1.2921
38924	38925	1.3246
38925	38926	1.3268
38926	38927	1.3007
38927	38928	1.3445
38928	38929	1.3406
38929	38930	1.3784
38930	38931	1.3594
38931	38932	1.3296
38932	38933	1.3425
38933	38934	1.3463
38934	38935	1.2833
38935	38936	1.3312
38936	38937	1.3291
38937	38938	1.2917
38938	38939	1.3071
38939	38940	1.2847
38940	38941	1.2534
38941	38942	1.2766
38942	38943	1.2590
38943	38944	1.2438
38944	38945	1.2704
38945	38946	1.2609
38946	38947	1.2893
38947	38948	1.2679
38948	38949	1.2560
38949	38950	1.2556
38950	38951	1.2577
38951	38952	1.2844
38952	38953	1.3060
38953	38954	1.3142
38954	38955	1.3064
38955	38956	1.3115
38956	38957	1.2977
38957	38958	1.3070
38958	38959	1.3345
38959	38960	1.2679
38960	38961	1.2879
38961	38962	1.2881
38962	38963	1.3394
38963	38964	1.3354
38964	38965	1.2972
38965	38966	1.3057
38966	38967	1.3099
38967	38968	1.2371
38968	38969	1.2555
38969	38970	1.2552
38970	38971	1.2244
38971	38972	1.2247
38972	38973	1.2381
38973	38974	1.2116
38974	38975	1.2369
38975	38976	1.2241
38976	38977	1.2015
38977	38978	1.1910
38978	38979	1.1822
38979	38980	1.2063
38980	38981	1.2477
38981	38982	1.2526
38982	38983	1.2580
38983	38984	1.2678
38984	38985	1.2892
38985	38986	1.3079
38986	38987	1.3037
38987	38988	1.2700
38988	38989	1.2766
38989	38990	1.3114
38990	38991	1.2874
38991	38992	1.2590
38992	38993	1.2669
38993	38994	1.2863
38994	38995	1.2938
38995	38996	1.3521
38996	38997	1.3190
38997	38998	1.3271
38998	38999	1.3295
38999	39000	1.3558
39000	39001	1.3906
39001	39002	1.3736
39002	39003	1.3957
39003	39004	1.3702
39004	39005	1.3837
39005	39006	1.3562
39006	39007	1.3259
39007	39008	1.3245
39008	39009	1.3235
39009	39010	1.2913
39010	39011	1.3240
39011	39012	1.3502
39012	39013	1.3397
39013	39014	1.3166
39014	39015	1.3443
39015	39016	1.2951
39016	39017	1.3073
39017	39018	1.2802
39018	39019	1.2744
39019	39020	1.2433
39020	39021	1.2686
39021	39022	1.2795
39022	39023	1.2666
39023	39024	1.2078
39024	39025	1.2517
39025	39026	1.2474
39026	39027	1.2544
39027	39028	1.2525
39028	39029	1.3053
39029	39030	1.2910
39030	39031	1.3140
39031	39032	1.3332
39032	39033	1.3303
39033	39034	1.3345
39034	39035	1.3514
39035	39036	1.3510
39036	39037	1.3278
39037	39038	1.3392
39038	39039	1.3715
39039	39040	1.3690
39040	39041	1.4062
39041	39042	1.3981
39042	39043	1.4106
39043	39044	1.3664
39044	39045	1.3626
39045	39046	1.3341
39046	39047	1.3149
39047	39048	1.3461
39048	39049	1.3442
39049	39050	1.3277
39050	39051	1.3579
39051	39052	1.3467
39052	39053	1.3324
39053	39054	1.3611
39054	39055	1.3872
39055	39056	1.3669
39056	39057	1.4002
39057	39058	1.4296
39058	39059	1.4597
39059	39060	1.4028
39060	39061	1.3916
39061	39062	1.3914
39062	39063	1.4289
39063	39064	1.4359
39064	39065	1.4490
39065	39066	1.4259
39066	39067	1.3578
39067	39068	1.3554
39068	39069	1.3501
39069	39070	1.3671
39070	39071	1.3868
39071	39072	1.3743
39072	39073	1.3615
39073	39074	1.3576
39074	39075	1.3856
39075	39076	1.4266
39076	39077	1.4206
39077	39078	1.4086
39078	39079	1.3743
39079	39080	1.3489
39080	39081	1.3641
39081	39082	1.3659
39082	39083	1.3908
39083	39084	1.3643
39084	39085	1.3808
39085	39086	1.3494
39086	39087	1.3730
39087	39088	1.3379
39088	39089	1.3375
39089	39090	1.3204
39090	39091	1.3601
39091	39092	1.3860
39092	39093	1.3680
39093	39094	1.3749
39094	39095	1.4227
39095	39096	1.4358
39096	39097	1.4298
39097	39098	1.3881
39098	39099	1.3758
39099	39100	1.3575
39100	39101	1.3801
39101	39102	1.3533
39102	39103	1.3269
39103	39104	1.3797
39104	39105	1.4015
39105	39106	1.3897
39106	39107	1.3738
39107	39108	1.3902
39108	39109	1.3781
39109	39110	1.3338
39110	39111	1.3093
39111	39112	1.3115
39112	39113	1.3033
39113	39114	1.3204
39114	39115	1.3088
39115	39116	1.3387
39116	39117	1.3377
39117	39118	1.3185
39118	39119	1.3096
39119	39120	1.3250
39120	39121	1.3091
39121	39122	1.3415
39122	39123	1.3327
39123	39124	1.3375
39124	39125	1.3572
39125	39126	1.3609
39126	39127	1.3567
39127	39128	1.3427
39128	39129	1.3174
39129	39130	1.3471
39130	39131	1.3321
39131	39132	1.3546
39132	39133	1.3949
39133	39134	1.4244
39134	39135	1.3852
39135	39136	1.3696
39136	39137	1.3459
39137	39138	1.3755
39138	39139	1.3763
39139	39140	1.3314
39140	39141	1.3547
39141	39142	1.3438
39142	39143	1.3563
39143	39144	1.3353
39144	39145	1.3385
39145	39146	1.3421
39146	39147	1.3334
39147	39148	1.3639
39148	39149	1.3724
39149	39150	1.3428
39150	39151	1.3233
39151	39152	1.3202
39152	39153	1.3623
39153	39154	1.3663
39154	39155	1.3481
39155	39156	1.3310
39156	39157	1.3429
39157	39158	1.3673
39158	39159	1.3693
39159	39160	1.3184
39160	39161	1.3271
39161	39162	1.3306
39162	39163	1.3446
39163	39164	1.3163
39164	39165	1.3285
39165	39166	1.3255
39166	39167	1.3440
39167	39168	1.3470
39168	39169	1.3325
39169	39170	1.3501
39170	39171	1.3359
39171	39172	1.3183
39172	39173	1.2702
39173	39174	1.2842
39174	39175	1.3097
39175	39176	1.3307
39176	39177	1.3468
39177	39178	1.2846
39178	39179	1.3470
39179	39180	1.3600
39180	39181	1.3640
39181	39182	1.3486
39182	39183	1.3429
39183	39184	1.3354
39184	39185	1.3116
39185	39186	1.3172
39186	39187	1.2896
39187	39188	1.2887
39188	39189	1.3049
39189	39190	1.2908
39190	39191	1.3099
39191	39192	1.2544
39192	39193	1.2625
39193	39194	1.2866
39194	39195	1.2931
39195	39196	1.2659
39196	39197	1.2893
39197	39198	1.3103
39198	39199	1.2848
39199	39200	1.2982
39200	39201	1.3075
39201	39202	1.3104
39202	39203	1.2952
39203	39204	1.2993
39204	39205	1.2618
39205	39206	1.2287
39206	39207	1.2531
39207	39208	1.2710
39208	39209	1.2685
39209	39210	1.2933
39210	39211	1.3023
39211	39212	1.3112
39212	39213	1.2824
39213	39214	1.2754
39214	39215	1.2792
39215	39216	1.2724
39216	39217	1.2982
39217	39218	1.2815
39218	39219	1.2597
39219	39220	1.3172
39220	39221	1.2845
39221	39222	1.2389
39222	39223	1.3080
39223	39224	1.2742
39224	39225	1.2736
39225	39226	1.2390
39226	39227	1.2500
39227	39228	1.2274
39228	39229	1.2972
39229	39230	1.3120
39230	39231	1.2705
39231	39232	1.2350
39232	39233	1.2277
39233	39234	1.2366
39234	39235	1.2692
39235	39236	1.2731
39236	39237	1.2251
39237	39238	1.2515
39238	39239	1.2541
39239	39240	1.2247
39240	39241	1.2871
39241	39242	1.3213
39242	39243	1.2871
39243	39244	1.2646
39244	39245	1.2691
39245	39246	1.3383
39246	39247	1.3485
39247	39248	1.3633
39248	39249	1.3692
39249	39250	1.3807
39250	39251	1.4555
39251	39252	1.4556
39252	39253	1.4235
39253	39254	1.3999
39254	39255	1.3693
39255	39256	1.3840
39256	39257	1.3835
39257	39258	1.3843
39258	39259	1.4194
39259	39260	1.3988
39260	39261	1.4070
39261	39262	1.3831
39262	39263	1.3929
39263	39264	1.3670
39264	39265	1.3546
39265	39266	1.3047
39266	39267	1.2973
39267	39268	1.2698
39268	39269	1.2682
39269	39270	1.2618
39270	39271	1.3016
39271	39272	1.3240
39272	39273	1.2927
39273	39274	1.3107
39274	39275	1.2832
39275	39276	1.2894
39276	39277	1.3139
39277	39278	1.2870
39278	39279	1.2957
39279	39280	1.3087
39280	39281	1.3608
39281	39282	1.3561
39282	39283	1.3233
39283	39284	1.3311
39284	39285	1.3492
39285	39286	1.3111
39286	39287	1.3385
39287	39288	1.3390
39288	39289	1.3218
39289	39290	1.3399
39290	39291	1.2863
39291	39292	1.3412
39292	39293	1.2993
39293	39294	1.2863
39294	39295	1.2545
39295	39296	1.2142
39296	39297	1.2310
39297	39298	1.2642
39298	39299	1.2749
39299	39300	1.2946
39300	39301	1.3133
39301	39302	1.3177
39302	39303	1.2929
39303	39304	1.2974
39304	39305	1.3147
39305	39306	1.3565
39306	39307	1.3346
39307	39308	1.3162
39308	39309	1.3165
39309	39310	1.3305
39310	39311	1.3144
39311	39312	1.3270
39312	39313	1.3451
39313	39314	1.3952
39314	39315	1.3435
39315	39316	1.3595
39316	39317	1.3493
39317	39318	1.3694
39318	39319	1.4127
39319	39320	1.3839
39320	39321	1.3811
39321	39322	1.3730
39322	39323	1.3734
39323	39324	1.3656
39324	39325	1.3651
39325	39326	1.3671
39326	39327	1.4195
39327	39328	1.3874
39328	39329	1.3936
39329	39330	1.3966
39330	39331	1.4495
39331	39332	1.4594
39332	39333	1.4413
39333	39334	1.4434
39334	39335	1.3670
39335	39336	1.3767
39336	39337	1.3735
39337	39338	1.3987
39338	39339	1.3892
39339	39340	1.3628
39340	39341	1.3932
39341	39342	1.4382
39342	39343	1.4594
39343	39344	1.3777
39344	39345	1.4175
39345	39346	1.4001
39346	39347	1.3845
39347	39348	1.4169
39348	39349	1.3825
39349	39350	1.4173
39350	39351	1.4111
39351	39352	1.4142
39352	39353	1.4085
39353	39354	1.3981
39354	39355	1.3952
39355	39356	1.3975
39356	39357	1.4317
39357	39358	1.4211
39358	39359	1.4215
39359	39360	1.4394
39360	39361	1.3891
39361	39362	1.4160
39362	39363	1.4550
39363	39364	1.5057
39364	39365	1.4501
39365	39366	1.4799
39366	39367	1.4626
39367	39368	1.4529
39368	39369	1.4776
39369	39370	1.4428
39370	39371	1.4043
39371	39372	1.4134
39372	39373	1.3754
39373	39374	1.3974
39374	39375	1.3979
39375	39376	1.3881
39376	39377	1.4193
39377	39378	1.3999
39378	39379	1.4030
39379	39380	1.4003
39380	39381	1.3744
39381	39382	1.4079
39382	39383	1.4469
39383	39384	1.4684
39384	39385	1.4941
39385	39386	1.5197
39386	39387	1.4620
39387	39388	1.4187
39388	39389	1.5379
39389	39390	1.4955
39390	39391	1.4941
39391	39392	1.4619
39392	39393	1.4911
39393	39394	1.5156
39394	39395	1.4781
39395	39396	1.4799
39396	39397	1.5069
39397	39398	1.4823
39398	39399	1.5431
39399	39400	1.4961
39400	39401	1.4623
39401	39402	1.4764
39402	39403	1.4875
39403	39404	1.4340
39404	39405	1.4374
39405	39406	1.4323
39406	39407	1.4418
39407	39408	1.4741
39408	39409	1.4629
39409	39410	1.4716
39410	39411	1.4506
39411	39412	1.4190
39412	39413	1.4071
39413	39414	1.4194
39414	39415	1.3996
39415	39416	1.4110
39416	39417	1.4191
39417	39418	1.4654
39418	39419	1.4258
39419	39420	1.4228
39420	39421	1.4491
39421	39422	1.4395
39422	39423	1.4416
39423	39424	1.4029
39424	39425	1.3885
39425	39426	1.4117
39426	39427	1.4024
39427	39428	1.3989
39428	39429	1.3759
39429	39430	1.4012
39430	39431	1.3925
39431	39432	1.4288
39432	39433	1.4299
39433	39434	1.3969
39434	39435	1.4066
39435	39436	1.3753
39436	39437	1.3623
39437	39438	1.3859
39438	39439	1.4119
39439	39440	1.4440
39440	39441	1.4395
39441	39442	1.4674
39442	39443	1.4641
39443	39444	1.4257
39444	39445	1.4389
39445	39446	1.4322
39446	39447	1.4122
39447	39448	1.4056
39448	39449	1.4458
39449	39450	1.4507
39450	39451	1.4719
39451	39452	1.4494
39452	39453	1.4356
39453	39454	1.4780
39454	39455	1.4519
39455	39456	1.4584
39456	39457	1.4276
39457	39458	1.4302
39458	39459	1.4344
39459	39460	1.4539
39460	39461	1.4540
39461	39462	1.4293
39462	39463	1.4517
39463	39464	1.4387
39464	39465	1.4466
39465	39466	1.4509
39466	39467	1.4049
39467	39468	1.4351
39468	39469	1.4163
39469	39470	1.3810
39470	39471	1.4187
39471	39472	1.4169
39472	39473	1.3960
39473	39474	1.3818
39474	39475	1.4218
39475	39476	1.4542
39476	39477	1.4379
39477	39478	1.4616
39478	39479	1.4568
39479	39480	1.4714
39480	39481	1.4878
39481	39482	1.4608
39482	39483	1.4609
39483	39484	1.4275
39484	39485	1.4479
39485	39486	1.4611
39486	39487	1.4699
39487	39488	1.4736
39488	39489	1.4563
39489	39490	1.4704
39490	39491	1.5404
39491	39492	1.4870
39492	39493	1.4819
39493	39494	1.4533
39494	39495	1.4844
39495	39496	1.4861
39496	39497	1.4808
39497	39498	1.4400
39498	39499	1.4499
39499	39500	1.4849
39500	39501	1.4683
39501	39502	1.4696
39502	39503	1.3962
39503	39504	1.4450
39504	39505	1.4617
39505	39506	1.3736
39506	39507	1.4004
39507	39508	1.4173
39508	39509	1.4341
39509	39510	1.4464
39510	39511	1.4705
39511	39512	1.4843
39512	39513	1.4450
39513	39514	1.4366
39514	39515	1.4334
39515	39516	1.4575
39516	39517	1.4414
39517	39518	1.3894
39518	39519	1.4089
39519	39520	1.4237
39520	39521	1.4205
39521	39522	1.4042
39522	39523	1.4115
39523	39524	1.4226
39524	39525	1.4070
39525	39526	1.4040
39526	39527	1.3991
39527	39528	1.4136
39528	39529	1.4446
39529	39530	1.4565
39530	39531	1.4312
39531	39532	1.4453
39532	39533	1.3979
39533	39534	1.4093
39534	39535	1.3807
39535	39536	1.4132
39536	39537	1.4645
39537	39538	1.4001
39538	39539	1.3794
39539	39540	1.3539
39540	39541	1.3447
39541	39542	1.3458
39542	39543	1.3782
39543	39544	1.3794
39544	39545	1.3437
39545	39546	1.3593
39546	39547	1.3292
39547	39548	1.3497
39548	39549	1.3089
39549	39550	1.3072
39550	39551	1.3311
39551	39552	1.3482
39552	39553	1.3506
39553	39554	1.3329
39554	39555	1.3580
39555	39556	1.3720
39556	39557	1.3671
39557	39558	1.3568
39558	39559	1.3430
39559	39560	1.3452
39560	39561	1.3811
39561	39562	1.3927
39562	39563	1.3511
39563	39564	1.3935
39564	39565	1.3949
39565	39566	1.4063
39566	39567	1.3609
39567	39568	1.4269
39568	39569	1.4461
39569	39570	1.4160
39570	39571	1.4097
39571	39572	1.4399
39572	39573	1.4346
39573	39574	1.4225
39574	39575	1.3712
39575	39576	1.3672
39576	39577	1.3673
39577	39578	1.3505
39578	39579	1.3774
39579	39580	1.3754
39580	39581	1.3131
39581	39582	1.3436
39582	39583	1.3626
39583	39584	1.3766
39584	39585	1.3770
39585	39586	1.4033
39586	39587	1.3954
39587	39588	1.4288
39588	39589	1.4209
39589	39590	1.3866
39590	39591	1.3614
39591	39592	1.3611
39592	39593	1.3657
39593	39594	1.3583
39594	39595	1.4129
39595	39596	1.4706
39596	39597	1.4031
39597	39598	1.4299
39598	39599	1.4276
39599	39600	1.4005
39600	39601	1.3691
39601	39602	1.3646
39602	39603	1.3606
39603	39604	1.3069
39604	39605	1.3381
39605	39606	1.3701
39606	39607	1.3316
39607	39608	1.3056
39608	39609	1.3689
39609	39610	1.3753
39610	39611	1.3449
39611	39612	1.4079
39612	39613	1.4199
39613	39614	1.4081
39614	39615	1.4013
39615	39616	1.4223
39616	39617	1.4074
39617	39618	1.4057
39618	39619	1.4066
39619	39620	1.3894
39620	39621	1.4213
39621	39622	1.4179
39622	39623	1.4315
39623	39624	1.4008
39624	39625	1.3541
39625	39626	1.3469
39626	39627	1.3746
39627	39628	1.4085
39628	39629	1.3991
39629	39630	1.4160
39630	39631	1.4513
39631	39632	1.4615
39632	39633	1.4176
39633	39634	1.4109
39634	39635	1.4379
39635	39636	1.3994
39636	39637	1.3827
39637	39638	1.3910
39638	39639	1.4068
39639	39640	1.4463
39640	39641	1.3746
39641	39642	1.3876
39642	39643	1.3726
39643	39644	1.3627
39644	39645	1.3841
39645	39646	1.3892
39646	39647	1.3848
39647	39648	1.4083
39648	39649	1.3765
39649	39650	1.3377
39650	39651	1.3370
39651	39652	1.3938
39652	39653	1.3966
39653	39654	1.3525
39654	39655	1.3566
39655	39656	1.3327
39656	39657	1.3691
39657	39658	1.3392
39658	39659	1.3288
39659	39660	1.3830
39660	39661	1.3847
39661	39662	1.3401
39662	39663	1.3406
39663	39664	1.3848
39664	39665	1.3951
39665	39666	1.3789
39666	39667	1.3687
39667	39668	1.3551
39668	39669	1.3391
39669	39670	1.3268
39670	39671	1.3286
39671	39672	1.3671
39672	39673	1.3581
39673	39674	1.3698
39674	39675	1.3417
39675	39676	1.3464
39676	39677	1.3209
39677	39678	1.3113
39678	39679	1.3019
39679	39680	1.3706
39680	39681	1.3718
39681	39682	1.3372
39682	39683	1.3360
39683	39684	1.3029
39684	39685	1.2760
39685	39686	1.2906
39686	39687	1.2922
39687	39688	1.2632
39688	39689	1.2942
39689	39690	1.2798
39690	39691	1.2469
39691	39692	1.2347
39692	39693	1.1895
39693	39694	1.2029
39694	39695	1.2467
39695	39696	1.2216
39696	39697	1.2225
39697	39698	1.2521
39698	39699	1.2350
39699	39700	1.2569
39700	39701	1.2318
39701	39702	1.2327
39702	39703	1.2453
39703	39704	1.2208
39704	39705	1.2197
39705	39706	1.2154
39706	39707	1.2158
39707	39708	1.2709
39708	39709	1.2628
39709	39710	1.2710
39710	39711	1.2566
39711	39712	1.2846
39712	39713	1.2696
39713	39714	1.2713
39714	39715	1.2694
39715	39716	1.2962
39716	39717	1.2889
39717	39718	1.3063
39718	39719	1.3326
39719	39720	1.3072
39720	39721	1.3042
39721	39722	1.2465
39722	39723	1.2653
39723	39724	1.3098
39724	39725	1.2932
39725	39726	1.2822
39726	39727	1.2687
39727	39728	1.2569
39728	39729	1.2741
39729	39730	1.2540
39730	39731	1.2808
39731	39732	1.2759
39732	39733	1.3049
39733	39734	1.2912
39734	39735	1.3015
39735	39736	1.3196
39736	39737	1.3132
39737	39738	1.3107
39738	39739	1.2544
39739	39740	1.2735
39740	39741	1.2669
39741	39742	1.2620
39742	39743	1.2558
39743	39744	1.2717
39744	39745	1.2631
39745	39746	1.2649
39746	39747	1.2852
39747	39748	1.2390
39748	39749	1.2320
39749	39750	1.2534
39750	39751	1.2438
39751	39752	1.2147
39752	39753	1.2383
39753	39754	1.2335
39754	39755	1.2050
39755	39756	1.2712
39756	39757	1.2543
39757	39758	1.2356
39758	39759	1.2490
39759	39760	1.2102
39760	39761	1.2656
39761	39762	1.2886
39762	39763	1.2828
39763	39764	1.2724
39764	39765	1.2421
39765	39766	1.2364
39766	39767	1.2408
39767	39768	1.2602
39768	39769	1.2942
39769	39770	1.3259
39770	39771	1.3050
39771	39772	1.2725
39772	39773	1.2689
39773	39774	1.2880
39774	39775	1.3141
39775	39776	1.3163
39776	39777	1.2508
39777	39778	1.2350
39778	39779	1.2336
39779	39780	1.2553
39780	39781	1.2582
39781	39782	1.2684
39782	39783	1.3029
39783	39784	1.2636
39784	39785	1.2314
39785	39786	1.2293
39786	39787	1.2046
39787	39788	1.2212
39788	39789	1.2709
39789	39790	1.2974
39790	39791	1.2775
39791	39792	1.2853
39792	39793	1.2630
39793	39794	1.3047
39794	39795	1.2787
39795	39796	1.2936
39796	39797	1.3134
39797	39798	1.2852
39798	39799	1.2518
39799	39800	1.2796
39800	39801	1.3142
39801	39802	1.2541
39802	39803	1.3075
39803	39804	1.3413
39804	39805	1.2961
39805	39806	1.3038
39806	39807	1.3366
39807	39808	1.3150
39808	39809	1.3039
39809	39810	1.2545
39810	39811	1.2550
39811	39812	1.2497
39812	39813	1.2623
39813	39814	1.2279
39814	39815	1.2366
39815	39816	1.2599
39816	39817	1.2775
39817	39818	1.2653
39818	39819	1.2582
39819	39820	1.2365
39820	39821	1.2079
39821	39822	1.2402
39822	39823	1.2029
39823	39824	1.2351
39824	39825	1.2550
39825	39826	1.2658
39826	39827	1.2635
39827	39828	1.3367
39828	39829	1.2870
39829	39830	1.3031
39830	39831	1.2945
39831	39832	1.3096
39832	39833	1.3068
39833	39834	1.2881
39834	39835	1.3470
39835	39836	1.3392
39836	39837	1.3626
39837	39838	1.3716
39838	39839	1.3652
39839	39840	1.3002
39840	39841	1.2761
39841	39842	1.3103
39842	39843	1.3218
39843	39844	1.3629
39844	39845	1.3734
39845	39846	1.3517
39846	39847	1.3316
39847	39848	1.3564
39848	39849	1.3272
39849	39850	1.3413
39850	39851	1.3726
39851	39852	1.3489
39852	39853	1.3562
39853	39854	1.3165
39854	39855	1.3541
39855	39856	1.3434
39856	39857	1.3126
39857	39858	1.3062
39858	39859	1.3085
39859	39860	1.3000
39860	39861	1.2986
39861	39862	1.3067
39862	39863	1.2983
39863	39864	1.2679
39864	39865	1.2023
39865	39866	1.2792
39866	39867	1.2834
39867	39868	1.2831
39868	39869	1.2910
39869	39870	1.3028
39870	39871	1.2995
39871	39872	1.2417
39872	39873	1.2677
39873	39874	1.2631
39874	39875	1.3028
39875	39876	1.2720
39876	39877	1.2468
39877	39878	1.2532
39878	39879	1.2819
39879	39880	1.2818
39880	39881	1.2799
39881	39882	1.2441
39882	39883	1.2620
39883	39884	1.2278
39884	39885	1.2333
39885	39886	1.2643
39886	39887	1.2658
39887	39888	1.2798
39888	39889	1.2721
39889	39890	1.2890
39890	39891	1.3119
39891	39892	1.2972
39892	39893	1.2587
39893	39894	1.2475
39894	39895	1.2399
39895	39896	1.2458
39896	39897	1.2339
39897	39898	1.2321
39898	39899	1.2169
39899	39900	1.1859
39900	39901	1.1666
39901	39902	1.1700
39902	39903	1.1634
39903	39904	1.1535
39904	39905	1.1681
39905	39906	1.1796
39906	39907	1.1723
39907	39908	1.1856
39908	39909	1.1865
39909	39910	1.1909
39910	39911	1.2044
39911	39912	1.1778
39912	39913	1.2118
39913	39914	1.1796
39914	39915	1.1846
39915	39916	1.1875
39916	39917	1.2223
39917	39918	1.2123
39918	39919	1.2219
39919	39920	1.2679
39920	39921	1.2414
39921	39922	1.2027
39922	39923	1.2165
39923	39924	1.2131
39924	39925	1.2307
39925	39926	1.1774
39926	39927	1.1752
39927	39928	1.1933
39928	39929	1.2061
39929	39930	1.2121
39930	39931	1.2110
39931	39932	1.1709
39932	39933	1.1957
39933	39934	1.1552
39934	39935	1.1710
39935	39936	1.1862
39936	39937	1.1787
39937	39938	1.1731
39938	39939	1.1988
39939	39940	1.1635
39940	39941	1.1934
39941	39942	1.1998
39942	39943	1.1864
39943	39944	1.1874
39944	39945	1.1858
39945	39946	1.2009
39946	39947	1.1767
39947	39948	1.1903
39948	39949	1.1796
39949	39950	1.2010
39950	39951	1.1527
39951	39952	1.1644
39952	39953	1.1751
39953	39954	1.1708
39954	39955	1.1579
39955	39956	1.1113
39956	39957	1.1558
39957	39958	1.1299
39958	39959	1.1554
39959	39960	1.1468
39960	39961	1.1356
39961	39962	1.1065
39962	39963	1.0855
39963	39964	1.1126
39964	39965	1.1032
39965	39966	1.0732
39966	39967	1.1039
39967	39968	1.1476
39968	39969	1.1767
39969	39970	1.1992
39970	39971	1.1610
39971	39972	1.1392
39972	39973	1.1751
39973	39974	1.2138
39974	39975	1.2120
39975	39976	1.1888
39976	39977	1.2201
39977	39978	1.2523
39978	39979	1.2097
39979	39980	1.2828
39980	39981	1.2453
39981	39982	1.2297
39982	39983	1.2752
39983	39984	1.2862
39984	39985	1.3076
39985	39986	1.3000
39986	39987	1.2584
39987	39988	1.3323
39988	39989	1.3055
39989	39990	1.3247
39990	39991	1.2813
39991	39992	1.3008
39992	39993	1.3283
39993	39994	1.3118
39994	39995	1.2877
39995	39996	1.2917
39996	39997	1.2734
39997	39998	1.2771
39998	39999	1.2643
39999	40000	1.2780
